17,17,17
12,12,12,1,1,1,1
28
10,10,10,10,10,28,17,17,17,28
1,1,1,1,1,1,1,1,1,1,1,1,1,1,1
18
18
3,3
3,3,3,3,3,3,3,3,3,3,3,3,3,3,3,3,3,3,3,3,3,3,3,3,3,3,3,3,3,3,3,3,3,3,3,3,3,3,3,3,3,3,3,3,3,3,3,3,3,3,3,3,3,3,3,3,3,3,3,3,3,3,3,3,3,3,3,3,3,3,3,3,3,3,3,3,3,3,3,3,3,3,3,3,3,3,3,3,3,3
3,3,3,3,3,3,3,3,3,3,3,3,3,3,3,3,3,3,3,3,3,3,3,3,3,3,3,3,3,3,3,3,3,3,3,3,3,3,3,3,3,3,3,3,3,3,3,3,3,3,3,3,3,3
3,3,3,3,3,3,3,3,3,3,3,3,3,3,3,3,3,3,3,3,3,3,3,3,3,3,3,3,3,3,3,3,3
3
9,1,29,29,29,1,1,1,1,1,1,18,18,15,15,15,15,15,8,19,19,19,23,23,23,11,11,10,10,10,11,11,11,11,11,4,4,4,24,24,24,24,24,24,24,24,24,24,24,24,24,24,24,24,24,24,24,24,24,24,4,4
4,4,7,7,7,7,7,7,7,7,7,7,7,7,7,7,7,7,7,7,7,7,7,7
3
17,17
17
24
17
3
17,17,17,17
8
13,13,13,13,13,13,13,13,13,13,13,13,13,13,13,13,13,13,13,13,13
13,13,13
23
18
9,1,1
1
3
10
9
17,2,2,3,29,9,9,9,8,8,8,8,8,8,8,8,8,8,8,8,8,8
17,17,17,17,17,29,1,1,1,1,1,1,1,1,1,1,1,1,1,1,1,1,18,3
17,11,11,11,11,11,23
2,2
1
17,3,3,3,3,3
3,3
9,3,3,3,3,3,3,17,3,3
18,18,15,15
2,2,2,2,2,2,2,2,2,2,2,2,2,2,2,2,2,2,2,2,2,29,1,1,1,1,1,1,1,1,1,1,1,1,1,1,1,1,1,1,1,1,1,1,1,1,29,29,15,8,8,8,8,8,8,8,8,8,8,8,8,8,8,8,8,8,8,8,8,8,8,8,8,8,8,8,8,8
23,23,23,11,11,11,11,10,10,10,10,11,11,11,11
10,18
1,8,3,3
9,9
16,18,29,29,29,29,29,29,18,18,18,18,18,18,18,18
3
18
12
17
22
9
29
29
29
29
17
19
29
8
27
29
17,11
23
29
29
15,28,9
1
5
11
15
15
3,3
2,7,1
17
29
8,9,9
1,1,1,29,29,29
2,2,2,2,2,2,2,2,2,2,2
24,24,24,24,24,24,24
22,9,9,29,29,29,29,29,12,12
16,8,13,29,19
9
10,23
27,27
18
15,15,15,15
14,14,14,14,18,18,18,18,18,18,18,18
27
14
18,18
18,18
18,18,18,18,18,18,18,18,18,18,18,18,18,18,18,18,18,18
18,18,18,18,18,18,18,18,18,18,18,18,18,18,18,18,18,18,18,18,18,18,18,18,18,18,18,18,18
18
18,18,18,18,18,18,18,18,18,18,18,18,18,18,18,18,18,18,18,18,18,18,18,18,18,18,18,18,18,18,18,18
18,18,18,18,18,18,18,18,18,18,18,18,18,18,18
1,1,9,4
16,15,12,4,10,19
12
4,19,10
8,8,8
15,15
8,18,18,18,18
9
9,29,29,29,29
9
21,21
18,9,9,9,9,9,9
9,9,9
9
9,9,9,9,9,9,9,9,9,9
9,9,9
9,9,9
9,9,9,9
9,9,9,9,9,9,9,9,9
9
9,9,9,9,9
9,9,9,9,9,9,9
10
4,2,2,2,2,2,2,2
15,9,9,9,9,9,17,9,9,9,9,9,9
28,28,28,28,17,17
28,28,28,28,28,28
2,2
4,4,2,4,2,2,2,2,2,2,2
29,15,29,19,19,19,19,19,29
4,4,28
29,9
17
3,3
10
23
2,2,2
9,9,9
23
19
8
9,9
13,13,9
4,4,23
9,9,9,9,9,9,9,9,9,9,9,28,3
9,9,9,9,9
9,9
9,9,9,9,9,9,9,9,9,9,9,9,9,9,9
12,12
9
8
29,29,29,29,29,29,29,1,1,1,1,1,1,1,1,1,1,1,1,1,1,1,1,1,1,1,1,1,1,1,1,1,1,1,1,1,1,1,1,1,1,1,1,1,1,1,1,1,1,1,1,1,1,1
15,15,15,29,9,9,9,9,19,19,9,9,9,9,9,9,9,9,9,9,17,9
1
29,29,29,29,29,29,29,29,29,29,29,29,29,29,29,29,29,29,29,29,29,29,29,29,29,29,29,29,29,29,29,29,29,29,29,29,29,29,29,29,29,29,29,29,29
19
9
11
19
1,29
9
9
17,17,17,17,17,17,17,17,17,17,17,17,17,17
8,8,8,8
20,20
9
29,1,1,1,1,1,1,1,29,29,29,29,29,29,29,29,29,29,29,29,29,9,9,9,9,9,19,19,19,19,19,19,19,19,4,4,2
4,4,4
29
9,9,9,15
9,9,9,9,9,17
15,15,15
20,20,20,20,20,20,20,20,20,20,20
3,3,3
19
19,19,19,19
20,20,20,20,20
19,19,19,19,19,19
19,19,19,19,19,19,19,19,19,19,19,19,19,19,19,19,19,19,19,19,19,19,19,19,19,19,19,19,19,19,19
12
17
9
17,9
19
9
19
1
18,17,29
16
5
9,12
9,9,9
7
8
4,4
29,29,1,1,1,1,1,1,1,1,1,1,1,3,3,3,3,3,17,29,29,9,9
15,16,17
9
9
9
9,9,9,9,9,9,9,9,3,3,3,3,3,3,3,3,3,3,3,3,3,3,3,3,3,3,3,3,3
15
1,1,1,1,1,1,1,1,1,1
1,1,1,1,1,1,1,1,1,1,1,1,1,1,1,1,1,1,1,1,1,1,1
19,19,1,1,1,1,1,29,9,8,15,10,10
1,1,1,29,3,3,3,3,3
1,1,1,1
12,12,12,12,12,12,12,12,12,12,12
9
28
8
27
20,20
3,17,17
9
29
17
8,1
29
27
1,1,29
3,4,7,9,29
3
29
9,9,9,3,3,3,1,15,18
4,2,2,2,2,2,2
18
9
18
16
17
8,8,8,8,8,8,8,8,1,1,1,1,1,1,1,1,1,1,1,1,9,11,11,11,11,11,11,11,11,11
9,9
1,1,1,1,1,1,1,1,1,1
23,23,23
19
19,18
9
9
3
4,24,4
18
11,12,24,4
1
24
4
29
3
24,24,2
15
24,24,24,24,4,4,24,24,24,24,24,24
3,3,3,3
23,23
24,24,4,4,4
24,24,4
3
9
9,9,9
8
3
1,1,1,1,1,1,1
9,9
15,3,3,13,16
13
15,15
2,2,2,2,2,2,2,2,2,2,2,2
8,8,15,15,15,15,15
19,19,8,8,16,16
8,16,16,23,23,23,23,23,23,23,23,23,23,29,29,29,29,29,9,9,9,9,9,9,9,9,9,9,9,9,9,9,9,9,19,19,19,19,19,19,19,19,19,19,19
23,19,19,19,19,17
24,24
9,9
1,1,1,9,9
13
28
3
29,29,1,1,1,24
3,3,3,3,3,3,3,3,3,3,3,3,3,3,3,3,3,3,28,28,28,28,28,28,19,19,19,8,16,16,16,16,16,29,29,1,29,29
28,28,28
15,15
15,15
17
10,10,10,4,4
18
15,19,10,23,10,10,15
1,1,1,1,1,1,1,1,1,1,1,1,1,1,1,29,29
9,9,9,9,9,9,9,9,9,9,29,29,29,3,3,3,3,3,9,29,1,29,29,29
14
11
11,11,11,11,11,11,11,11,11,11
1,1,1,1,1,1,1
8,8,8,8,8,8,8
28
18,18,18,18,18,18,18,18,18,18,18,18,18,18,18,18,18,18,18,18,18,18,18,18,18,18,18,18,18,18,18,18,18,18,18,18,18,18,18,18,18,18,18,18,18,18,18,18,18,18,18,18,18,18,18,18,18,18
23,3
12,12,12,12
12,15,15,15
3
17,17,17,17,17,17,17,17,17,17,17,17,17,17,17,17,17,17,17,17,17,17,17,17,17,17,17,17,17,17,17,17,17,17,17,17,17,17,17,17,17,17,17,17,17,17,17,17,17,17,17,17,17,17,17,17,17,17,17,17,17,17,17,17,17,17,17,17,17,17
14
28,17,17,17,17,17
20,20,20,20,20,20,20,20,20,20,20,20,20,20,20,20,20,20,20,20,20,20,20,20,20,20,20,20,20,20,20,20,20,20,20
16
13,13,13,13,13,13
16,16,29
19,19,19,19,19,19,19,19,19,19,19,19,19,19,19,19,19,19,19,19,19,19,19,19,19,19,19,19,19
15,15,15,15,15,15,15,15
15,15,13,13
17,17,3,3
13,13
3,3,3,3,13
18,18,18,18,18,18,18,18,29,29
12,12
29,29,29,29,29,29,9,3
19,19,19,11,19,19,19,19,19,19,19,19,19,19,19,19,19,19,19,19
19
19,19,19,19,19,19,19,19,19,19,19,19,19,19,19,19,19,19,19,19,19,19,19,19,19,19,19,19,19,19,19,19,19,19,19,19,19,19,19,19,19,19
18,18,18,18,18,18,18,18,18,18,18,18,18,18,18,18,18,18,18,18,18,18,18,18,18,18,18,18,18,18,18,18,18,18,18,18,18,18,18,18,18,18,18,18,18,18,18,18,18,18
8,8,8,8,8,8,8,15,15,18,18,18,18,18,18,18,18,18,18,13,13,13,13,13,13
28,29,29,9,17
9,9,9,9,9,9,9,9,9,9,9,9,9,9,9,9,9,9,9
8
3,3,3,3,3,3
20,20
12
12,12,12,12,12,12,12,12,12,12
12,12,12,12,12,12,12,12,12
12,12,12,12,12,12,12,12
9,29,29,29,29,29,29,29,29,29,29,29,29,29,29,29,29,29
19,19,19,19,19,19,19,19,19,19,19,19,19,19,19,19,19,19,19,19,19,19,19,19,19,19,19,19,19,19,19,19,19,19,19,19,19,19,19,19,19,19,19,19,19,19,19,19,19,19,19,19,19,19,19,19,19
17,17,17,17,17,17,17,17,17,17,17,17,17,17,17,17,17,17,17,17,17,17,17,17,17,17,17,17,17,17,17,17,17,17,17,17,17,17,17,17,17,17,17,17,17,17,17,17,17,17,17,17,17,17,17,17,17,17,17,17,17,17,17,17,17,17,17,17,17,17,17,17,17,17,17,17,17,17,17,17,17,17,17,17,17,17,17,17,17,17,17,17,17,17,17
11
11
11
12
12
12,12,12
12
12
12,12
19,19,19,19,19,19,19,19,19,19,19,19,19,19,19,19,19,19,19,19,19,19,19,19,19,19,19,19,19,19,19,19,19,19,19,19,19,19,19,19,19,19,19,19,19,19,19,19,19,19,19,19,19,19,19,19,19,19,19,19,19,19,19,19,19,19,19,19
9,3
3
9,9,9,9,9,9,9,9
12,12,12,12,12,12,12,12,12,12,12,12,12,12,12,12,12,12,12,12,12,12,12,12,12,12,12,12,12,12,12
12
19,1
29,29,1,29,29,29,29
9
1
21
8,1,29,1
7
7,7
18
1,1,1,1
1,8
29,29
18,17
18,18,18,18,18,18,14
29,29,29,29,29,29,1,1,1,1,1,1,1,1,1,1,1,1,1,1,1,1,1,1,1,1,1,1,1,1,1,1,1,1,1,1,1,1,1,1,1,1,1,1,1,1,1,1,1,1,1,1,1,1,1,1,1,1,1,1,1,1,1,1,1,1,1,1,1,1,1,1,1,1,1,1,1,1,1,1,1,1,1,1,1,1,1,1,1,1,1,1,1,1,1,1,1,1,1,1,1,1,1,1,1,1,1,1,1,1,1,1,1,1,1,1,1,1,1,1,1,1,1,1,1,1,1,1,1,1,1,1,1,1,1,1,1,1,1,1,1,1,1,1,1,1,1,1,1,1,1,1,1,1,1,1,1,1,1,1,1,1,1,1,1,1,1,1,1,1,1,1,1,1
9,9,9
29,29,29,9
29
1
1
3,3,3,3
12,12,1,29,29,9,9,9,9,17,23,11,11,11,23,23,23,10,10,10,10,8,8,15,15,15,15,29,15,18,3,29,9,1
7,7,7,7,7,7,7,7,21,21,20,20
18,15
14,24,24,24,9
14,14,14,14,14,14,14,14,14,14,14,14,14,14,14,14
14,14,14,14,14,14,12,22,19,23,23,23,10,10,10,10,23,9,9,9,9,9,29
15,19,19,9,29,29,29,19,19,19,19
9,9,9
24,4
1,19
9,9,9
9
9
3,9,9,9,9,9,9,9,9
9,9,9,9,9,9,9,9,9,9,9
9,9,9,9,9,9,9,9,9,9,9,9,9,9,9,9,9,9,9,9,9,9,9,9,9,9,9,9,9,9,9
9,9,9,9,9,9,9,9,9,9,9,9,9,9,9,9,9,9,9,9,9,9,9,9,9,9,9,9,9,9,9,9,9
9,9,9,9,9,9,9,9,9,9,9,9,9,9,9,9,9,9,9,9,9,9,9,9,9,9,9,9,9,9,9,9,9,9,9,9,9,9,9,9,9,9,9,9,9,9,9,9,9,9,9,9,9,9,9,9,9,9,9,9,9,9,9,9,9,9
9,9,9,9,9,9,9,9,9,9,9,9,9,9
24
29
10,10,10,10,11,10,15
19,19,9,9,17,1,1,1,1,1,1,1,1,1,1,1,1,1,1,1,1,1,1,9,29,8,8,4,4,2,2,2,2
8
19
16
14,14,14
14
1,1,1,1,1,1,1,1,1,1,1,1
19,8,8,8,8,8
7,29,29,29,29,29
14
3
15,15,4,2
15,15
3
29,29,29,29,29,29,29,29,29,29,29,29,29,29,29,29,29,29,29,29,29,29,29,29,29
13
13,13,28
3
18,18,18
8
12
29,29,9,9,9,9,9
3
3
12,9,3,3,12
29,29,29,29
1,1
16
1
9
9
1,1,1,1,1,1,1,1,1,1,1,1,1
19,19,19,19,19
20,20,20,20,20,20
9
7
4
24
1
24
11
12
20
20
24
8
19,8
16
11,23
12
14
8,8,8,8,8,8,18,15,15,15,15,15,1,1,1,1,1,1,1,1,1,1,1,18,18,18,18,3,3,3,3,3,3,9,9,9,9,9,9,9,9,9,19,19,19,19,19,19,19,19,19,19,19,8,8,8,8,8,8,8,8,8,8,8,8,8,8,8,15,15,15,15,15,15,15,15,15,15,15,15,15,18,18,18,18,1,18,15,15,15,15,15,15,15,15,15,15,15,15,15,8,8,8,8,8,8,8,8,8,8,8,8
8
19,19,19,19,19,19,19,19,19,19,19
13
29
29,29,29,29,29
13,13,3,3
15
1,16,3,3
3,3,3,1
15,15,15,15
29,29,29,29,1,1,1,1,1,1,1,1,1,1,1,1,1,1,1,29,9,9,9,9,19,19,19,8,15,15
10,10,11,11,11,10,10,10,10,18,7,7,7,7,7,7,7
18,8
16
3,3
24
9
9,9
9,9,9
9,9,9,9
9,9,9,9,9,9,9,9,9,9
9,9,9,9,29,9,9,9,9,9,9,9,9,9,9,9,9,9,9,9,9,9,9
9,9,9,9,9,9,9,9,9,9
9,9,9,9,9,9,9,9,9,9,9,9,9,9,9,9,9,9,9,9,9,9,9
9,9,9,9
17,9,9,9,9,9,29,9,9,9,9,9,9,9,9,9,9,9,9,9,9,9
9,9,9,9,9,9,9,9,9,9,9,9,9,9,9
9,9,9,9,9,9,9,9
9,9,9,9,9,9,9,9
9,9,9,9,9,9,9,9
9,9,9,9,9,9,9,9
17,9,9,9,9
8
8,8,8,8,8,8,8,8,8,8,8,8,8,8,8,8,8,8,8,8
8,8,8,8,8,8
8
8,8
29,29,1,1,1,1,1,1,1,1,1,1,1,1,1,1,1,1,1,1,1,1,1,1,1,1,1,1,1,1,1,1,1,1,1,1,1,1,1,1,1,1,29
18,22
29,29,29,29,29,29,29,29
29
29,8
4,24,4,9,22,22
19
16
16
19
1
28,28,28,28,28,28,28,28,28,28,28,28,28,28,28,28,28,28,28,28,28
11
27
15
17
13
13
15
8
8,18,18
28,28
18,18,3,3
4
27,27,27,27,27,27,27,27,27,27,27,27
8
4,4,4,4,4,4,4,4,4,4,4
4,4,4,4
4
8
8,8,8
18,8,15
9
17
9
15
23,23,9,8,8,8
19,19,19,19,19,19,19,19,19,19,19,19,11,11,11,19,11,11,11,11,9,9,9,9,9,9,9,9,9,9,9,9,9,9,9,9,9,9,9,9,9,9,9,9,9,9,9,9,29,29,29,29,29,29,29,29,29,29,29,29,29,29,29,9,9,9,9,9,9,3,3,3,3,3,3,3,28,28,28,28,13,28,29,19,19,19,19,19,19,19,19
1,1,1,1,1,1,1,1,1,1,1,1,1,1,1,1,1,1,1,1,1,1,1,1,1,1,1,1,1,1,1,1,1,1,1,1,1,1,1,1,1,1,29,29,29,29,29,29,29,29,29,29,29,29,29,29,29,29,29,29,29,29,29,29,29,29,29,29,29,29,9,9,9,9,9,19,19,4,4,4,4,4,4,4,4,4,4
9,9,9,9,9
19
19
10
29
21
9
1
14
14
3
18
2,29,29,29
17,29,29,1,9,9,29,29,29
18,15,11
15
3,3
9
21,21
29
29
22
8
29
15
3,1,1,1,1,9,1
19
18,18,18,18,16,16,16,16,16,29,9,29,9,9,9,8
23,11,4,4,4,4,4,2,2,2,2,2,2,2,2,2,2,2,2,2,2,2,2,2,2,2,2,2,2
9
9,9,9,9,9,29,29,29,9,9,9
24
14
21
9,9
27,27
21
8
8
4,4,4,4,4
21
21
21
21
21
21
21
21
21
18
21
21
21,21,21,21,21,21
21,21
28
8
15
9
15
15
28,28
12,12,12,12
19,19,19,19,19
19,19
15,15,15,15
19
9,9,12,12,18,18,19,19,19
19
19
15,22,22,22
13,13,13,13,13,13,13,13,13,13,13,13,13,13
12,12,12,12,12,12,12,12,12,12,12,12,12,12,12,12,12,12,12,12,12
12,12,12,12,12,12,12
12
23
22,22
21,21,21,21,21,21,21,21,21
15,15,15,15
27,27,27
14
22
8
3
15
23
3
8
3
3,3,3,3,3,3,3,3,3,3,3,3,3,3,3,3,3,3,3,3,3,3
3,3
12,12
17,9
29
8
17,9
19
23
12
18
22
2
9
12
19
19
3
9,9
17
18,18
15,15,15,15
8
8
13,13,13
3
28
15
28,28
14
17
29
19
3
27
17
19
9,9
15,8,8,8,15
15,18,18,15,15,15,15,15,15,15,15,15,15
8
15,15,16,9
9
3,3,3,3,19
9,3
19,19
13
22
12
19,19,19,19,29,29,16
28
14
14,14
12,12,12,12,12,12,12,12,12,12,12,12,12,12,12
12,12,14,14
27,27,27,27,27
19
22,22
3,13
3,19
28,28
18,15
23
22
23,23
12
8
19
12
8,8,16,29,9
9,9
3
12
18
19,23
28
28,28
19,19,19,8,9
27,27
9,19,19,19,19,23
3,3
22
19
19
22
17
22,12
19,13,28,28,17,17
28,28,28,28,28,28,28,28,22,12,12,12,12,14,14,14,14,14,14,14,14,14,14,14,14,14,14,14,14,14,14
29
19
19,19,8,16
29,29,29,15,15,15,15,15,15,15,15,15,15,15,18,18,18,18,18,18
16,16
14
3
22
3,19,19,19,19
28,15,15,15,15,15,15,15,8,19,19,19,28
18,18,18,15,29,29,29
15,15,15,15,15,15
15,15,15,15
8,8,8,8,15,15,15,15,15,15,15,15,15,18,18
18,18,15,15,15,15,15,15,15,15,18,18,18
15,3
8,15,15,15,15,15,15,15,15,15
15,15,15
15
27
8,8
23,23,23,23,23,23,23,23,23
19
3
3
24,24,24
4,4
24,24,24
19,19,19,19,19,19
3,3,3
12
3,3,3
3
19
18
3,3,3,3,3
3,3
4,4
4
3,3
19
18
29,29,29,9,9,9,4,4,4,4,4,4,4,4,4,4,4,4
28,28
3
14,14,14,14
19,9
3,3,3,3,3,3,3,3,3,3,3,9,9,9,9,9,9,9,9,9,9,9,9,9,9,9,9,9,2,24,24,24,24,24,24,24,24,24,24,24,24,24,24,24,24,24,24,24,24,24,24,24,24,24,24,24,24,24,24,24,24,24,24,24,24,24,24,24,24,24,24,24,24,24,24,24,24,24,24,24,24
9,9,9
8,8
9,9
9,9,9,9,12,12,12
15,15,18
28,3
28
2,2,2,2,2,2,2,2,2,2,2,2,4,4,4,4,4,4,4,4
3
15,8
29,29,29
3
15,15,18
19
18
3,12
19,3
29
8,23,15
15,15,15,15,15,15,15,15,15,15,15,15,15,15,15,15,15,15,15,15,15,15,15,15,15,15,15,15,15,15,15,15,15,15,15,15,15,15,15,15,15,15,15,15,15,15
19
3,3,3
3
23,23,23
19
3,3
29
3,3
19
13
12,12,12,12,12,12,12,12,12,12,12
19,8,8
8
19,19,19,8,8,8,8,8,19
8,28,28,28
13,13
8,28,28,28,28
13,8,8,8,8,8
19,19,19,3,3
28
19
22
3,3,3,3,3,3,3,3
21,21,21
19,19
21,21
3,3,3,3,3
13
21,21,21,21,21,21
3
24
9
19
9,9
9,9,9,9,9,9,9,9,9,9,9,9,9,9,9,9,9,9,9,9,9,9,9,9,9,9,9,9,9,29,29,29,29,29,29,29,29,29,29,29,29,29,29,29,29,29,29,29,29,29,29,29,29,29,29,29,29,29,29,29,29,29,29,29,29,29,29,29,29,29,29,29,29,29,29,29,29,29,29,29,29,29,29,29,29,29,29,29,29,29,29,29,29,29,29
18
9
15
20,22,22
18,29,29
1,1,9,19,23
15
29,4,24
15,15,15
18
12
9
29,29,3,1,1,1,1,1,1,1,29,29,1,29,29,29,3,3,3
19,8,15,15
29,9
20,7
14,12
14,14,14,14
14
9
14,14,14,15
7
17
1
29
3,3,17,3
17
19
4
9
17
8,15,4,9
19
9,12
18
18
9,9,9
23
28,28,28,28
12
18,18,18,18,18,18
3
24,24,2,24,2,2,2,2,2,4,2
15,15,15,15,15,15,15,15,16,29,19,4,4
4
27,27
13,29,29
9
19
24
4
2,2
24
28,28,28,28,28,28,28,28,28,28,28,28,28,28,28,28,28,28,28,28,28,28,28,28,28,28,28,28,28,28,28,28,28,28,28,28,28,28,28,28,28,28,28,28,28,28,28,28,28,28,28,28,28,28,28,28,28,28,28,28,28,28,28
15,15
24
24
9,9
9
23,23
28,28,28,28
9
4
8,11
24
19,19,19
24
15
3,3
19,19,19,19,19,19
24,4
24,24
15,15,16,9
23
4
4,4
10,11,11
23,11
12,12,12,12
4
23
28
12,12
11
29
29
4,24,9
3,9,9,9,11
9
11
23,10,10,23
15
28
11,11,11,11,11,11,11,11,11
1,1
9
23,19
18,9
3,3
4,4,4,4,4
18
19,19
9
19
3,3,3,3,3,3,3,3,3,3
13,13,13,13
4
11
8,24
15
24
28,9
28,18,16
28,28,28,28,28,28,28
28
9,9,9
27,27,27,27,27,27
3,3,3,3,3,3,3,3,3
18,18,18,18,18,18,18,15,16
8,8,8,8,8,8,8,8,8
9,9,9,9,9,9,19
3,3,3
3,3
3
3
3
3,3
15
3,3,3
19,3,3,12,3,3,3,3,3,3,3
3,3,3,3,16,16,16,16
1
9
10
29
29,29,29,29,29,29,29,29,29,29
1,2,2,3,3,3,3,6,6,10,10,10,10,10,10,11,11,11,17,18,18,18,19,20,20,20,20,20,23,29,29,29,29,29,29,29,29,29
3
9,19
19
18
9,9
29,29,29,29,29,29,29,28,4,4,4,4,4,3,3
11,11,11
23,23,23,19
29,1
8
8
1,1
9,1,1,29
29,29,2,29,9,9,2,2
1,29
11,4
10,10,16,29,2,2,2,23
3,3,3,3,3,19
9,9
1,1,1,1,1,1,1,1,1,1,1,1,1,1,1,1,1,1,1,1,1
27
27
10
5
8,19,18,28,28
20
20,20,20,20,20,20,20,20
12,12
7,7
17
27
4
17
12
19
3,3,3,3,3,29,29,29,29
13
19,4,4,19,24,13,13,1,1,1,29,29,1,1,1,19,19,28,28,28,28
23,19,23,23,23,19,11,24,11,11,11,10,3,3,3,3,3,3,3,3
8
9
3
18,29
29
8,3
9
2
9
29,29
2,2,2,4,17
1,1,1,1,1,1,1
9,9
8,27
20,20,20,20,20,20
10,11,11,11,23,23,23
8,18,18
18
20,25,25
12,12
9,18,18
12,12
9,9
27,27,27,27
9,9,9,9,9,9,9,9,9,9,9,9,9,9,9,9,9,9,9,9,9,9,9,9,9,9,9,9,9,9,9,9,9,9,9,9,9,9,9,9,9,9,9,9,9,9,9,9,9,9,9,9,9,9,9,9,9,9,9,9,9,9,29
9
3,3,3,3,3,3,3,3,3
18
9,9,9,9,9,9,9,9,9,9,9,9,9,9,9,9,9,9,9,9,9,9,9,9,9,9,9,9,9,9,9,9,9,9,9,9,9,9,9,9,9,9,9,9,9,9
1
8,8,8,8
9,9
29
29
16
4,4
29
9
15,15,15,15,15
10,10,10,10,10,10,10,10,10,10,10,10,10
3,3
18,18,18,18,18,18,18
1,1,1,1,1,1,1,1,1,1,1,1,1,1,1,1,1,1,1,1,1,1,1,1,1,1,1
1,1,1,1,1,1,1,1,1,1,1,1,1,1,1,1,1,1,1,1,1
1,1,1,1,1,1,1,1,1,1,1,1,1,1,1,1,1,1,1,1,4,4,1,1
1,1,9,1,1
10,11,11,11,11,11,11,11,11,11,11,11,11,11,11,11,11,11,11,11,29,29,29,9
19,19,19
9,9,9
19
28,28,28,28,28,28,28,28,28,28,28,28,28,28,28,28,28
28,28,28,28,28,28,28,19,19,9
23,23,23,23
28
19,19,19,19,19,19,19
8
29,29,29,29,29,29,29,29,29,3,3,3,3,3,3,3,3,3,29,29,29,29,29,29,29,29,29,29,29,29,29,29,29,29,29,29,29,29,29,29,29,29,29,29,29,29,29,29,29,29,29,29,29,29,29,29,29,29,9,9,9,9,9,9,9,17,17,17,17,9,9,9,9,9,9,9,9,9,9,9,9,9,9,9,9,9,9,9,9,9,9
17,9,9,9,9,17,17,17,17,17,17,17,17,17,17,17,17
29,29,29,1,1,1,1,1,1,1,1,1,1,1,1,1,1,1,1,1,1,1,1,1,1,1,1,1,1,1,1,1,1,1,1,1,1,1,1,1,1,1,1,1,1,1,1,1,1,1,1,1,29,29,29,29,29,29,29,3,3,3
18,18,15,15,15,8,8,8,8,8,8,8,8,8,8,8,8,8,8,8,8,8,8,8,8,8,8,8,8,8,8,8,8,8,8,8,8,8,8,8,8,8,8,8,8,8,8,8,8,8,8,8,8,8,8,8,8,8,8,8
1,1,1,1,1,1,1,1,1
1,1,1,1,1,1,1,1,1,1,1,1,1,1,1,1,1,1,1,1,1,1
1,1,1,1,1,1,1,1,1,1,1,1,1,1,1,1,1,1,1,1,1,1,1,1,1,1,1,1,1,1,1,1,1,1,1,1,1,1,1,1,1,1,1,1,1,1,1,1,1,1,1,1,1,1,1,1,1,1,1,1
1,1,1,1,1,1,1,1,1,1,1,1,1,1,1,1,1,1,1,1,1,1,1,1,1,1,1,1,1,1,1,1,1,1,1,1,1,1,1,1,1,1,1,1,1,1,1,1,1,1,1,1,1,1,1,1,1,1,1,1,1,1,1,1,1,1,1,1,1,1,1,1,1,1,1,1,1,1,1,1,1,1,1,1,1,1,1,1,1,1,1,1,1,1,1,1,1,1,1,1,1,1,1,1,1,1,1,1,1,1,1,1,1,1,1,1,1,1,1,1,1,1,1,1,1,1,1,1,1,1,1,1,1,1,1,1,1,1,1,1,1,1,1,1,1,1,1,1,1,1,1,1,1,1,1,1,1,1,1,1,1,1,1,1,1,1,1,1,1,1
1,1,1,1,1,1,1,1,1,1,1,1,1,1,1,1,1,1,1,1,1,1,1,1,1,1,1,1,1,1,1,1,1,1,1,1,1,1,1,1,1,1,1,1,1,1,1,1,1,1,1,1,1,1,1,1,1,1,1,1,1,1,1,1,1,1,1,1,1,1,1,1,1,1,1,1,1,1,1,1,1,1,1,1,1,1,1,1,1,1,1,1,1,1,1,1,1,1,1,1,1,1,1,1,1,1,1,1,1,1,1,1,1,1,1,1,1,1,1,1,1,1,1,1,1,1
1,1,1,1,1,1,1,1,1,1,1,1,1,1,1,1,1,1,1,1,1,1,1,1,1,1,1,1,1,1,1,1,1,1,1,1,1,1,1,1,1,1,1,1,1,1,1,1,1
18,18,18,18,18,18,18,18,18,18,18,18,18,18,18
21,21
18
9
4
4,2,4,9,9,9,9,9,9,9,9,9,9,1
6
28,28,28
22,22,22,22,22,22,22,22,22,18,8,8,8,8,8,8,8,8,8,8,8,8,8,8,8,15,8
13,13,13,13,13,13,3,3,3,3,29,29,9,9,9,9,9,9,9,8
13,13,19,19,19,19
12
29
27
11,27,27,17,4,4,8,8,15,8,8
5,5
29
19
15,15,28,3,3,3,3,17,17
29
8,8,8,8,8
8
9,9,9,9,9,9,9,9,9
3
9,9,9,9,9,9,9
9,9,9,9,9
12,12,12,12,12,12,12,12,12,12,12,12,12,12,12,12
29
8,8,8,8,8,19,19
9,9,9,15,15,15,15,15,15
19,19
3,3
13
19
15
3
3
13,13,28,28,8
13,13,13,3,3,3,3,17,9,9,9,9,29,29,29,29
8,15
3,29,17,28,28,9
3
13,13
3,3,28,10,10,10,23,10,10,23,23,8,19,8
4,4,4,4
13,13
13,13,13,8,8,8,23,11,10,16,8,8,8
11,11,11,11
13,13,13,13,9,9
28,28,28,28,28,28
1,17,1,3,3,3,3,3
12,12,12,12
3
9
3
8
3
18,16,29
4,2,15
29,3
29,4,4,4,2,8
15,15,15,15,9
9,3
22,22
8,19
9
9,3,1
3
9,9,9,9,9,9,9
9,9,9,17
24,19,19,8,8,8,15,15,8,29,9,9,9,24,24,19,8,15,29,29,29,1,1,1,1,1,1,1,1,1,1,1,1,1,1,1,1,1,1,1,1,1,1
18,18,18,18,18,18,18,18,18,18,18,18,18,18,18,18,18,18,18,18,18,18,18,18,18,18,18,18,18,18,18,18,18,18,18,18,18
18,18,18
19,19,19,19,9,9,8,1
9,9,1,1,1,1,1,1,1,1,1,1,1,1,1,19,15,15
4,4,4
8
4
7
13
15
3,28,3,3,28,3
13,29,29,29
19,15,18,18,18,18
1,1,1,2,1,1,1,2,1,1,2,1,1,1,2,1,2,2,1,1,2,2,1,1,2,2,1,2,1,1,2,2,1,1,2,2,1,1,2,1,2,1,1,11,1,1,11,1,1,1,1,23,1,1,1,1,1,1,1,1,1,1,1,1,1
1,1,1,1,1,1,1,1,23,11,11,11,11,10,2
2
4
15
19
9,1,1
17,3,29,19,19,19,19,19
19,19
19,19,19
19
19
10,11,11
10,11
10,10,10
10
10,10,10,10,10,10,10
11,11
10,11,11,11,11,11,11,11,11,11,11,11,11,11,11,11,11,11,11,11,11,11,11,11,11,11,11,11,11,11,11,11,11,11,11,11,11,11,11,11,11,11,11,11,11,11,11,11,11,11,11,11,11,11,11,11,11,11,11,11,11,11,11,11,11,11,11,11
11
29
8,8,8,8,8
3,28,3,3,3
3,3,3,3,3,3,3,3,3,3,3,3,3,3,3,3,3,3,3,3,3,3
15
11,11,11,11,11,11,11,11,10,10,10,10,3,3
10,10,11,11,10,10,10,10
22
22
22
28
22
19,19,16,16,16,16,16,16,16,16,16,16,16,16,16,19,19
8
8
8,8,8
16
29,1,18,15,29,29,9,9
3,13
8,3,13,3,1
3,1
6
3
9
9
3
9
24,24,24,24,24,24
8,8,15
11,11,10,10,11,10,10
29
19
19,15,15,29,29,1,1,1,1,1,29,1,1,1,1,1,1,1,1,1,1,1,1,1,1,1,1,1,9,9,9,9,19,1,1,1,1,1,1,9
12,12,12,12
12,10,10,10,10,10,10,10
3
19,8
19,22,8,8
11,10,19
8,19,19,23,23,23,23,11,23,23
9,29,29,29,29,29,29,29,9,9,9,4,4,4,4,4,4,4,4,4,4,4,4,4,4,4,4,4,4,4,4,4,4,24,4,4,4,4,4
3
22,22
12,12
19,9,9
9,9,9,9,9,16,8,16,15,15,15,15,15,15,15,15,15,15,15,16,29,29,9,9,19,19,19,19,8,9,9,9
1,1
8
29,29,29,29,3,3,3,3,3,3,3,3,3,3
23,23,23,23
15
10,11,10,11,11,10,10
16,29,29,29,1,17,19,19,11,23,23,10,4,4,4,4,4
12
29,29,1,1,1,1,1
2,7,7,7
8
11,11,11,11,11,11,11
12
19
18,18,18,18,18,15,15,15,15,15,15,15,15,15,15,15,15,18,18,18,18,18,18,18,18,18,18,18,18,18,18,18,18,18,18,18,18,18,18,18,18,18,12,12,12,12,12,12,12,12,12,12,12,12,8
11
1,1,1,1,1,1,1,1,1,1,1,1,1,1,1,1,1,1,1,1,1,1,1,1,1,1,1,29,9,2,4,10,10,11,11,11,11,11,11,11,11,11,11,11,11,11
19
4
4
1
10,1,1,8,8,11,11,11,11,9
3
17
11,11
29
11,11,21
10,10
8,15
1,1,1,1,2,2,4,29,9,19,19
10
16
9,9,9,9,9,9,29,29,29,29,16,15,18,8
8,8,19,17,17,28,13,13,13,13,13,13
9
3,3,3,3
3
29,29,29,29,29,29,29,29,29,29,29,29,29,29,29,29,29,29,29,29,29,29,29,29,29,29,29,29,29,29,29,29,29,29,29,29,29,29,29,29,29
23,23,23,23,2,2,2,2,2,2,2,2,2,2,2,2,2,2,2,2,2,2,2,2,2,2,2,2,2,2,2
2,2,11,23,23
9,9,9,9,9
2,2,2,2,2,2,2,2,2
9
3
17,17,17,17,17,17,17,17
8,8,8
8
13,13
13
13,13,13,13,13,13,13,13,13,13,13,13,13,13,13,13,13,13,13,13,13,13,13,13,13,13,13,13,13
13,13,13,13,13,13,13,13
13
13,13
9,9,9,9
23
11
8,10
16,16,8
9,9,9,9,9
9
9
19,19,19,23
10
18,18
15
4
9,15
17,17,9,9,9,9,9,9,9
9,9,9
9,9
8
3,3,3
9,9,9
9,9,9,9,9,1
8,8
18,9,24
19
1,1,29,1,18
10
11
11
10
9
15,15,15,15,15,15,15,15,15,16,16,15,15,15,15,15,15,15,8,8,8,9,9,17,9,9,9,29,29,29,29,29,29,29,1,12,12
15,29,29,29,29,29,29,29,29,29,29,17,17
13
9,9,29,15,9,9
18
9,29
7,7
8,8
12,12,12
15
2,2,2,2,2,2,2,2,2,2,2,2,2,2
9,29,29,9,9,9,9,17
3,9,17,15,15
9,9,9,9,9
15,8
22
18,18,1,3,3,3
16,27,27,27,27,27,1,1,18,20,20,20,20,20,20,20
29
29
18,18,18,18,15,23,19,19,19,8,8,8,8,9,9,9,8,8
8
19,19,19,19,19,19,19,19
18
8,8,8,15,15,15,18,18
19
1,1,1,1,1,1,1,1,1,1,1,1
1
1,1,1,1
1,1,1
29
28,19
28,28,9,9,16,15,15
3,3,28,28,28,28
8
28,28,28,28
1
7
28,13,17,17,17,15
9
9
29
29
9,9,1
9
8,8
15,16,16
17,3,29,29
3,3,3,3,3,3,3,3,3,3,3,3,3,3,3,3,28,3,3,3,3
1,1
29,3,28,28,28,28,3
2,2,2,2,2,2,2
11
8,8,9,4,4
29
24
8,8
8,8,8,8
9,9,9,9
13,13,13,13,13,13,13
17
17,17
9,9
9,1,1,1,1,1,1,1,1,1,1,1
8
6
2,2,2
12,12,12,12,12,12,12,12
20,20,20,20,20,20,20,20,20,4,22
3,3,3,3,3,3,1,1,1,1,1,1,1,1,1,1,1,1,1,1,1,1,1,9,9,9,9,9,19,10,10,10,10,10,10,10,10
8,8,8,8,8,12,12,12,12,12
29
4,4
11
1
28,28,28,17,17,17,29,9,9,9,9,9,9,9,9,9,9,17,17,29,29,9,9,17
3,3,3,3
1,1,1,1,11,11
18,18,18,18
18,18,18,18,18,19,3,3,3,3,3,3,3,3,3,3,3,3,3,3,3,3,3,3,19,19,19,19
29,29,29,29,29,29,29,29,29,29,29,29,29,29,29,29,29,29,29
9,9,9,9,9,9,9,9,9,9,9,9,9,9,9,9,9,9,9,9,23,23,23,23,23,11,11,11,11,11,11,11,11,11,11,11,11,11,11,11,11,11,11,11,10,10,11,11
17,17,17
28
29
12,12
12
15,15,15,15,15,15,15
21,21
21,21,21,21,21
15,15,8,8,8
21
21
21,21,21
21,21
19,19,19,19,19,19,19,19,19
21,21,21
29,29,29,9,9,9,9,9,19,19,19,19
19
28,28,28
28,28,28,28
13,3,3,3,3,3,3,3,3,3,3,3,3,3,3,3,3,3
16,16,16
9,9,9,9,10,10
1,1
15,15,15,15
1
17
8
19,11
19
8,8,8,8,8
8
15,15,15,15,15,15,15,8,8,8
17,9,9
1,1,1,1,1,1,1,1,1,1,1,1
17
19
3
29
3,3,3
16
9,19,18
15,15
9,9,9,29,15
9
9,3
9
12
22
9
9
29
14
1
14
14
22
14
14
12
14
24
14
3
14
20,20,20
1
13
13,13,12
13
13
13,13
18,18,16,29,18
10
4,4,4,4,4,4,4,4,4
10,8,8
9,29,15,16,29,3
3,3,3,1,15
9
28,28,28,28,28,28,28,28,28,28,28
12,12,12,12,12,12
19,16,18,18,18,18,23,23,11,11,19,9,9,8,8
23,23,23,23
11
3,4,4,4,4,4
29
29
8
13
28,3
8,15
9
10,9,9
19
29,10,29
1
12
19
8
18
19,19
11,23,15,15,15,16,16,29,9,9
8
15
12,12,12
8
18,19
8,8
8,8,8,8,8,8
28,28,28,28,28,28,28,28,28,28,28
19
19,19,19,19,19,19
9,9,29,29,29,29,29,29,29
13,13
17,9
10,10,10,10,10,10,10,10,10,10,10,10
9
19
19
15
9,23,4,2,4,4,4,2,2,2,2,2,2,2,4,4,4,4
28
3,3,28,28,19,11,28
17,28
4,4,4,4,4,19
28
19
27
29,29,29,29,1,1
19
28,28
23
19,23,4,24
29
18,18,18,18,18,18,18,18,18,18,18,18,18,18,18,18,18,18,18,18,18,18,18,18,18,18,18,18,18,18,18,18,18,18,18
19,23
19,9,29,1,1,1,1,1,1,29,9,19
18,18,15
29,29
4,4,4,2,19
23
3,3,3,3,3,3,3,3,3,3,3,3,3,3,3,3,3,3,3,3,3,3,3,3,3,3,3,3,3,3,3,3,3,3,3,3,3,3,3,3,28,28,28,28,28,28
9
8
3,3,3,3,3,17,17,17,17,17,17,17,17,17,17,17,17,17,17,17,17,17,17,17,17,17,17,17,17,17,17,17,17,17,17,17,17,17,17,17,17,17,17,17,17,17,17,17,17,17,17,28,28,28,28,28,28,28,28,28
9,9,9,9,9,9,9,9,9,9,28,28,28,28,28,28,28,28,28,28,9,9
1,15,15
28,28,28
28,28,28,28,28,28,28,28,17,28,28,28,28,28,28,28,28
15
28,28,28,28,28,28,28,28,28,28,28,28,28
28,28,28,28,28,28
28,28,9,9,9,9,9,9,9,9,9,9,9,9,9,9,9,9,9,9,9,9,9,9,9,9,9,9,9,9,9,9
17,17,17,17,17,17,17,17,17,17,17,17
28,28,28,28,28
28,28,28,13,13,13,13,13,13,13
29,29,12,12,13,13,13,13,13,13,13,13,13,13,13,13
8,9,9,9,9,1,1,1,1,29
8
18,3
8,8,8
8
8
1,1,1,1,1,1
9
29
13
13
18
27,27
2
9,3,9,9,22,22
10,8
8,8
18,18
29,29,29,29,29,29,29,29,29,29,29,1,1,29,3,3,3,3,3,3,3,3,9,2,2,4,4,11,11,11,11,11,11,11,11,10,8
3
29,29,29,29,29,29,29,29,29,29,29,29,29,29,29,29,29,29,29,29,29,29,29,29,29,29,29,29,29,29,29,29,29,29,29,29,29,29,29,29,29,29,29,29,29,29,29,29
10,10,10,10,10,10,10,9,3,3,3
29
8
1
1,29,9,9,9,8,8,8
3,3,3,3,3,3,3
8,8,4,24,4,4,4,8
19,9,29,8,8,29,29,29,29,29,29,29,16,29,29,29,29,29,29,29,29,29,29,29,29,29,29,1,1,1,1,1,1,1,1,29,1,1,1,1,1,1,1,1,1,1,1,1,1,1,1,1,1,1,1,1,1,1,1,1,1,1,1,1,1,1,1,1,1,1,1,1,1,1,1,1,1,29,29,9,9,9,9,9,9,9,9,9,11,2,2,2,2,2,2,2,2,2,2,2,2,2,2,2,4,4,4,4,11,11,23,11,11,11,11,11,23,11,11,23,23,23,23,23,23,23,23,23,23,23,11,11,11,11,23,11,11,10,10,23,23,23,23,23,23,23,23,23,23,19,19,19,19,19,8,8,29,9,8,8,8,8,8,15,15,15,15,8,8
1,1,1,1,1,1,1,1,1,1,1,1,1,1,1,1,1,1,1,1,1,1,1,1,29,29,29,17,17,3
23,11,11,11,11,23,9,9,3
1,1,1,1,1,1,1,1,1,1,1,1,1,1,3,3
17
3
3,17,2,2,2,3,1,29,29
3,3,3,3,3,3,1,3,3,3,3
1,1,1,1,1,1,1,1
1
28
13,28
17,17,28
13
18,12
29,29,29,29
19
3
4,24,24,4,4,4,4,4,4,4,4,24,4
29,1,8
1,1,1,1,1,1,1,16,16
18
8,8,19
28,28
28,28,3,11,23,11,11,11,11,11,11,11,11,11,11,11
10,10,15
8
29,17
1,1
15
12,12,12
3,3,28,28,28,28,28,28,28,28,28,28,28,28,28,28,28,28,28,19
9,9,3,3,3,3,3,3,3,3,3,3,3,3,3,3,3,3,3,3,3,3,3,3,3,3,1
9,1
11,11,11,11,11,11
14,14,14,14
1
1
17,8
9,9,9,17,20,20,20
9,9,8,8,8,8,8,8,8,8,8
1,1,1,1,1,1,3,3,3,3,3,3,3,3,3,3,3,3,3,3,3,15,16
1,1
1
9,9,9,9,9,9
29,29,29,29,29
9,9,9,9,9
29
7,9
7
7
1,9
3
19,19,19,19,19,19,19,19,19,19,19,19,19,19,19,19,19,19,19,19,19,19,19,19,19,19,19,19,19,19,19,19,19,19,19,19,19,19,19,19
28,28
15,8
15
11,10
8,7
18
8,8,8
19
24
24
19
9,15
19
18
18
18
23
2,2,16,10
8
18
11
29,29,29
19
23
15
10,10
10
10,11
18
7,7,7,28
10,11,11
24
11
9
27
9
16,16,29,1,1,1,1,1,1,1,1,1,1,1,1,1,1,1,29,29,29,29,3,3,3,17
4,4,24,24,24,8
29
29
23
4
8
9
8,8
8
23
15
23
15,15,15,19,8
3,3,3,3,3,3,3,3,29
9
1
23
16
15,8,8
18,18
8,8,8,8,8,8,8
8,8,8,8,8,8,8,8,8,8,8,8,8,8,8,8,8,8,8,8,8,8,8,8,8,8,8,8,8,8,8,8,8,8,8,8,8,8,8,8,8,8,8,8,8,8,8,8,8,8,8,8,8,8,8,8,8,8,8,8,8,8,8,8,8,8,8,8,8,8,8,8,8,8,8,8,8,8,8,8,8,8,8,8,8,8,8,8,8,8,8,8,8,8,8,8,8,8,8,8,8,8,8,8,8,8,8,8,8,8,8,8,8,8,8,8,8,8,8,8,8,8,8,8,8,8,8,8,8,8,8,8,8
29,29
9,9
9,18,29,29,29,9,9,9,9,9,9,9,17,19,19,19,9,3,3,9
23,23,23,23,23,23,19,19,9,9,9,9,9,9,9,9,9,9,9,17,17,17,9,9,29,29,29,29,29,29,29,29,3,3,3,3,29,9,9,9,9,9,9,17,9,29,9,9,23,10,11,11,10,11,11,11,11,11
4,4,4,4,2
24
8
17,29,29,1,1,1,1,1,1,1,1,1,1,1
29
8,8,8,8,8
8,8,29
8,8
13
19
29,29,29,29,29,29,29,29,29,29,29,29,29,29,29,29,29,29
29,29,29
28,28,28
12,12,12,12,12,12,29,29,29,29,29,29,29,29,29,29,29,29
13,13,13
4,4
8,8,8,8,16,16,16,29,29,29,29,29,29,29,29,29,29,29,29,29,29,29,29,29,9,9,9,9,17,9,9,9,9,9,9,17,17,17,17,17,9,9,9,9,9,9,9,9,9,9,9,9,9,9,9,9,9,9,9,9,9,9,17,17,17,3,3,3,3,3,3,3,3,3,28,28,3,3,3,3,3,3,3,3,3,3,3,3,3,3,3,9,9,9,9,9,9,9,9,9,9,9,9,9,8
11
3,3
18
12
18
8
9
15
29,1,1
13
4,9,1,1,4,17
19,19,19,19,19
29,29,1,1,1,1,1,1
23,23,2,2,2,2,2,2,2,2,2,2,2,29,29,29,29,29,29,29,29,29,29,29
1,1,1,1,1,1
8,8,18
9,9,9
29,8
14,14,11
2,2,2,2,2,2,2,2,2,2,2,2,2,2,2,2,2,2,2,2,2,2,2,2
9
2
17,17,17,17,17,17,9,9,9,9,4,4,4
9
3
3,3,3
3,3,3,3,3,3,3,3,3,3,3,3,3,3
3,3,3,3,3,3,3,3,3,3,3,3,3,3,3,3,3,3,3,3,3,3,3,3,3,3,3,3,3,3,3,3,3,3,3,3,3,3,3,3,3,3,3,3,3,3,3,3,3,3,3,3,3,3,3,3,3,3,3,3,3,3,3,3,3,3,3,3,3,3,3,3,3,3,3,3,3,3,3,3,3,3,3,3,3,3,3,3,3,3,3,3,3,3,3,3,3,3,3,3,3,3,3,3,3,3,3,3
3,3,3,3,3,3,3,3,3,3,3,3,3,3,3,3,3,3,3,3,3,3,3,3,3,3,3,3,3,3,3,3,3,3,3
3,3,3,3,3,3,3,3,3,3,3,3,3,3,3,3,3,3,3,3,3,3,3,3
2,2,2,2,2,2,2,2,2,2,2,2,2,2,2,2,2,2,2,9,9,9,17
2
29,29,9
29,29,29,29,8,8,8,8,8,8,8,8,15,16,16
8,8,8,8,8,8,8,8
18,18
12,4
17,9,9,9,9,9,9,9,9,9
1
1,1
1
1
1,1
13
15,19,19,19,28,28
28,28,28,28,28,28
12,12,12
13,15,15,8,8,28,28
9,9,9,9,9,9,9,9,9,9,9,9,9,9,9,9,9,9,9,9,9,9,9,9,9,9,9,9
9,9,9,9
8
11
20
8
27
3
3
11
19,4
20
20
12,12,12,12,17
8
20
29
29,16
29
29
11
20,20
8
18,16
14
17
8,8
11
8
8,8,8,15,18,29,29,29,29,9,4,4,4,4
15
28,28,28,28,28,28,28,28,28,28,28,28,28,28,28,28,28,28,28,28,28,28,28,28,28
28
14,14,14,14
9
17,9,9,9
16,16
16
29,29,29,29,29,29,29,29,29,29,29,29,29,29,29,29,29,29,29,29,29,29,29,29,29,29,29,29,29,29,29,29,29,29
16,16,16,16,16,16,16,16,16,16,16,16,16,16,16,16
27,27
9
9,9,9,9,9,9,9,3
23,23,17,9,9,29,1,1,1,1,29,4,4,2,2,2,2,4,4
29,29
2
8
18,19,19,19,19,3,19
19
1
15
3
27
9,9,9,9,9,9
14
29
1,1,1,1,1,1,1,1,1,1,1,1,1,1,1,1,1,1,1,1,1,1,1,1,1,1,1,1,1,1,1,1,1,1,1,1,1,1,29,29,29,29,29,29,29,29,29,29,29,29,29,29,29,29,29,29,29,29,29,29,9,9,9,19,19,3,3,15,15,15,15,15,15,15,18,18
18,18,19,19,19,19,19,19,19,19,19,19,19,19,19,19,19,19,19,19,19,19,19,19,19,19,19,19,19,19,19,19
1,1,1,1,1,1,1,1,1,1,1,1,1,1,1,1,1,1,1,1,1,1,1,1,1,1,1,1,1,1,1,1,1,1,1,1,1,1,1,1,1,1,1,1,1,1,1,1,1,1,1,1,1,1,1,1,1,1,29
9,9
9
28
29
9
12
15
1,1,1,1,1,1,1,1,1,1,1,1,1,1,1,1,1,1,1,1,1,1,1,1,1,1,1,1,1,1,1,1,1,1,1,1,1,1,1,1,1,1,1,1,1,1,1,1,1,1,1,1,1,1,1,1,1,1,1,1,1,1,1,1,1,1,1,1,1,1,1,1,1,1,1,1,1,1,1,1,1,1,1,1,1,1,1,1,1,1,1,1,1,1,1,1,1,1,1,1,1,1,1,1,1,1,1,1,1,1,1,1,1,1,1,1,1,1,1,1,1,1,1,1,1,1,1,1,1,1,1,1,1,1,1,1,1,1,1,1,1,1,1,1,1,1,1,1,1,1,1,1,1,1,1,1,1,1,1,1
19
1
2
4
10
21,21
23,23,21
21
11,19
24,24,24
1
1
8,8
10,10
4,4,4,4,4,18,1
20,20,20
8
8
29
29,29,29,29,29,29,29,29,29,29,29,29,29,29,29,29,29,29,29,29,29,29,29,29,29,29,29,29,29,29,29,29,29,29,29,29,29,29,29,29,29,29,29,29,29,29,29,29,29,29,29,29,29,29,29,29,29,29,29,29,29,29,29,29,29,29,29,29,29,29,29,29,29,29
10
3
12,18,18,18,18,18,18,18,18
3
3
29,29,29,29,29,29,29,29,29
1,9,9,1,1,1,1,1,1,9,29,29,1,1,1,1,29,1,1,9,9,9,9,9,9,9,9,15,15,15,15,15,15,15,15,15,15,15,15,15,15,15,15,15,15,15,15,15,15
9
9,9,9,9,9
9,9,9,9,9,9
9,9
9
18
3
8
15
15,12,19,9
28
3,3,3,3,3
3,3,12,12,12
9
9
12,12
3,3,3,3,3,3,3,3,3,3,3,3,3,3,3
9
20,20,20
15,18
11,23
24,24,24,24,24,24,24,24,24,24
15
29,29,9,9
3
19
12
3,3,3,3,29,29,29,9,12
19
13
20,20,20,20,20,20,20,20,20,20,20
9
13
3,29
19,19
8,29
9
29,29
9,9,13,12,20,20,20,20,20,20,20,20,20,20,20,20,20,20,20,20,20,20,20,20,20,20,20,20,20,20,20,20,20,20,20,20,20,20,20,20,20,20,20,20,20,20,20,20,20
3
18
3
13,15
19
20
19,19,19
3
23
18
22,29,29
9,28,28,3,29,9
29
9,9
3
9,9
8
8,1,1,1,1
1
29
9
29,29,29
23
18,18,1,1,1,1,1,15,15
17,18,9,29
4,29,9
16
18
19,19,19
28
8
29,29
15
9,9,9,9,9,16,15,15,15,9
15,15,15,8,8,8,8
15
3,3
1,1,1,1,1,1
1
15
1,1,1,1,1,1
7,7,7,7,7
20,20,20,20,20,20,20,20,20,20,20,20,20,20,20,20,20,20,20,20,20,20,20,20,20,20,20,20,20,20,20,20,20,20,20,20,20,20
9,9,9,9,9,9
9,9,9
13,13,13,13,13,13,13,13,13,13,13,13,13,13
8
14,14,14,14,14,14
14,14
14,14,14
14,14,14,14
12,29
1
12
29,29,29,29,29,29,29,29,29,29,29,29,29,29
29
12,12,12,12,12,12
21,21,21,21,21
21,21
21
21
12,12,12,12,12,12,12,12,12,12,12,12,12,12,12,12,12,12,12,12,12,12,12,12,12,12,12,12,12
3,3,3,3,3
12
12
12,12
12,12
17
12
13,13
28
9
17
9,9,9,9,9,9,9,9,29,29
29
3,13
4,4,13,13
19,17
9,13
29,29,29,29,29,29,29,29
3,3
8,8,8,15,15,15
8
7
12,3,3
16,29
29,29
29,29,29
1
8
1,1
1
27
18
18
24
3,3,3,3,3,3,28
8
9,9,9,9,9
1,1,29
11,11,11
1,1,1,1,1,1,1,1,1,4
1,2,29
9
1
1
28
10,2,2
1
27,27
28,28,28,28,28,28,28,28,28,28,28
18
1,1
11
15,19,10,8,9
29,4,24,8
18,18,10,10
9,9,9,9,9,9,9,9,9,9,9,9,9
9,9,9,27,27,27,27,27,27,27,27,27,27,27,27
7,7,7,7,7,7,7,7,7,7,7,7,7,7,7,7,7,7,4,4,4,23,23,23,23,3,3,3,3,3,3
14,14,14,14,14,14,14,14,14,14
14,14
14,14,14,14,1
14
8
11,11,11,11
9,9,9,9
18
17
17
29,29,29,29
19
9
9,9
8,8,8,8
19
28,29
3,3,3,3,3,3,3,3,3,3,28,3,3,3,3,3,3,28,3
23,10,12
3,3,3
1
29
29
13,28,13
3,13,13,13
12,18,18,18,18,15
3
23,13,13,13,13
12,12,12,28,28,28,28,28,28,28,28,28,28,28,28
13
3,29,29,29,29,29,29,29,29,3
14
12,1,29,3
3,3
28
29,1
23,23,23,23,23,11,11,11,11,23,10,10,11,11,11
1,1,1,1,1,1,1,1,1,1,1,1,1,28,28,28,28
8,8,8,8,8,8,8,17
28,28,28,28,28,28
9,9,9,9,9,9,9,18,18,18,18
18,18
3,3,3
14,14
13
17,3
9
9,9,9
9
29
9,9
9,9,9,28
3
17
12,12,12,12,12,12,12,12,12,12,12,12,12
12,12,12,12,12,12,12,12,12,12,12,12,12,12,12,12,12,12
17,17,17,17,17,17,17,17,17,17,17,17,17,17,17,17,17,17,17,17,17,17,17,17,17,17,17,17,17,17,17,17,17,17,17,17,17,17,17,17,17,17,17,17,17,17,17,17,17,17,17,17,17,17
17
18
17,17,17,17,17,17,17,17,17,17,17,17,17,17,17,17,17,17,17,17,17,17,17,17,17,17,17,17,17
17,17
15,15,15,15,15,15,15,15,15,15,15,15,15,15,15,15,15
23,23
12,12,12,12,12,12,12,12,12,12,12,12,12,12,12,12,12,12,12,12,12,12,12,12,12,12,12,12,12,12,12,12,12,12,12,12,12,12,12,12,12,12,12
12,12,12,12,12,12
12,12,12,12,12
12,12,12,12,12,12,12,12,12,12,12,12,12,12,12
13,13,13,13,13,13,13,13,13,13,13,13,13,13,13,13,13,13,13,13,13,13,13,13,13,13,13,13,13,13
12
12,12,12
19
24,24,24,24,24,24,24
1,1,1,1,1,1,1,1,1,1,1,1,1,1,1,1,1,1,1,1,1,1,1,1,1,1,1,1,1,1,1,1,1,1
1,1,1
1
1,1,1,1,1,1,1,1,1,1
1
1,1,1,1,1,1,1,1,1
13
15,15,15,15
20,20,20,20,20,20,20,20,20,20,20,20,20,20,20
29,29,29,29,29,29,29,29,29,29,29,29,29,29,29,29,29,29,29,29,29,29,29,29,16,16,16,8,16,16,28,1,18,18,18,8,18,18,18
19
4,4,2,2,2,2,2,4,9,9,9,9,29,29,29,1,1,12,12,12,18,18,18,18,18,18,18,15,15,16,29,9
1,1,1,1,1,1,23,23,23,23,23,23,23,23,23,23,23,23,23,23,23,23,23,23,23,23,10,23,10,11,11,17
28,28
19,19
9,9,17
28,28,28,28
29,29,29,29,29,1,1,18,1,1,1,1,1,1,1,1,1,9,9,9,9,9
9
29,9,9
1,1,1,1,1,1,1,29
2
8,16,16,16,29,29,29,29,29,29,9,17,9,9,9,9,9,9,9,9,17,9,9,9,9,9,3,3,28,28,3,3,3,3,3,3,3,3,3,3,3,9,9,9,9,8
19
8,29
1,1,1,1,1,1,1,1,1,1,1,1,3,3,3,3,3
24
13
29
18,18,18,19,3,3,3
9,9,9,9
4,2,2,2,2,2,2,2,2,2,2,4
15
29,29
19,8,8,8,8
19,29,29,29,19,8,29,19,8
3,3,3,3,3,3,3,3,3,3,3,3,3,3,3,3,3,3,3,3,3,3,3,3,3,3,3,29,29,29,29
19
12
22
19
18,18,18,18,18,18
29,29,29,15,15,15,15
15,18,18,18
29
18
1,3,1
13,13,13,13,13
9,1,7,7,7
8,8,15,16,8,8
1,1,1,1,1,1,1,1,1,1,1,1,1,1,1,1,1,1,4,4,4,24
11,11,10
18,15,7
4,4,4,4,4,4,4,4,4,23,23
28
20
27,27,27
29
3
17
9,9,9,9,9,9,9,9,9,9,9,9,9,9,9
19
14
19,19,8
19
3,9,9,8,8
8,8,22,1,29,1,1,1,1,1,1,1,9
9,9,9,9,9,9,9,9,9,9,9,9,9,9,9,9,9,9,9,9,9,9,9
9,9,9,9,9,9,9,9,9,9,9,9,9,9,9,9,9,9
1
23
3
18
29,29,29,17
15
29
16
28
28,28,28
17,17,17,17,17
29,29,9
8
14
14
24,24,24
19,19,19
28,28,28,28,28,28,28,28,28,28,28,28,28,28,28,28,28,28,28,28,28,28,28,28,28,28,28,28
28,28,28,28,28,28,28,28,28,28,28,28,28,28,28,28,28,28,28,28,28,28,28,28,28,28,28,28,28,28,28,28,28,28,28,28,28,28,28,28,28,28,28,28,28,28,28,28,28,28,28
28,28,28,28,28,28,28
28,28,28,28,28,28,28,28,28
28,28,28,28,28,28,28,28,28,28,28,28,28,28,28,28,28,28,28,28,28,28
29,29,29,29,29,29,29,29,29,29,29,29,29,29,29,29,29,29,29,29,29,29
29
29,29,29,29,29,29
18,18,29,29,9,9,23
9,9,9,9,9,9,9,9,1,1,1,1,1,1,1,1,1,1,1,1,17,19,19,19
19,19,19,18,18
9,29,29,29,29
2
1
29,9,29,9
8,8,19,4
9,9
9,9,9
20
1,1,1,1,1,1,1,1,1,1,1,1,1,1,1,1,1,1,1,1,1,1,1,1,1,1,1,1,1,1,1,1,1,1,1
10,10
1,1,1,1
23,29,2,9,2
17
9
16
9
17
15
3
3
9
9
3
17
18
9
8
27
18
20
20
18
20
20
17
9,9,9,8,8,8,1,8,1,8,1
1
19
1,1,1,1,1,1,1,1,1,1,1,1,1,1,1,1,1,1,1,1,1,1,1,1,1,1,1,1,1,1,1,1,1,1,1,1,1,1,1,1,1,1,1,1,1,18
1,1,1
23
2
3
2,2,2,2,2,2,2,2,2,2,2,2,2,2,2,2,2,2
3,3,3,3,3,3,3,3,3,3,3,3,3,3,3,3,3,3,3,3,3,3,3,3,3,3,3,3,3
29,1,1,1,1,29,15,19,19,8,15,15,15,8
16,16
17
9
3
15
8,29
9
7,7
11
29
29
13,13,13
28
8
24
19
11,11
15
2
3
1
1,1,1
1
9,9,9,9,9,9,9,9,9,9,9,9,9,9,9,9,29,29,29,29,29,29,1
19
13
13
10
10,10,11
2,2,2,2
29
3,29,15,16,15
9
28,3,3,3,3,3,3
29
8,8,8
1
29
17
15,15
17
18,18
19
19,19,19,19,19,19
19,19,15,15,15,15,15,15,15,15,15,15,15,15,15,19,22
29,29,29,29,1,1,1,1,1,1,1,1,1,1,1,1,1,1,1,1,1,1,1,1,1,1,1,1,1,1,1,1,1,1,1,1,1,1,1,1,1,1,1,1,1,29,18,18,18,18
4,4,4,4,4,4,4,4,4,4,4,4,4,4,4,28,28,28,28
29,29,15,28,28
3,3,3,3,3,3,3,3,3,3,3,3,3,3,3,3,3,3,3,3,3,3,3,3,3,3,3,3,3,3,3
9,9
10
9,9,1,29
23,23
1,1
19
18
9
28
27
1
15,18,18,29,9,3,3
24,24,4
1,1,1,19,19
15,9,27,27,17
3,3,3
10,10,10,10,10
13
22
10,11,11,11,28
21
18
3
28,28,19,19
13,13,13,13,13,13,13,13,13,13,13,13,13,13,13,13,13,13,13,13,13,13,13,13,13,13
18,18,8
2,2,4,11,23,11,11,10,10,10,10,10,11,11,11,23
15,29,1,1,1,1,1,1,1,1,1,1,1,1,1,19,15
19
23
9
19,19,19,19,19,19,19,19,19,19,19,19,19,19,19,19,19,19,4,4,4,2,24,24,24,7,7,7,7,7,7,7,7,7,24,2,2,4,3,3,3,3,3,3,17,3,3
29,29,1,1,1,1,1,1,1,1,1,18,1,1,1,1,1,1,1,1,1,1,1,1,1,1,1,1,1,1,1,1,1,1,1,1,1,1,1,1,1,1,1,1,1,1,1,1,1,1,1,1,1,29,29,29,16,16,18,8,8
1,1,1,1,1,15,8,8,8,8,19,1,1,1,1,1,1,1,1,1,1
1,1,1,1,1,1,1,1,1,1
8,8,19,8,8,19,8,9,9,29,29,29,29,8
29,29,1,1,1,1,1,3
23,23,10,23,11,11,11,11,11,11,11,11,4,2,2,2,2,2,2,2,2,2,2,2,2,2,2,2,2,2,2,2,2
3,3,29,29,29,29,29,29,29,29,9,29,29
1
3,7
7
19,19
4
10,10,10,10,10,10,23,23,23,23,23,23,23,23
3,9,23
9
20
9
4,12
12
19,19,8,8,8,8,8,8,8,8,8,8,3
23
23,9
27,27,27
20,20,20,20,20,20,20,20
9
9
28
19,19
18
20,20,20,20,20,20,20,20,20,20,20,20,20
9,9,9
24
18,18
3
3
17,24,24,24,24
11,11,11,11
1
29,29,29
3,3,3,3,3,3
9,3,19,19
1,1,1,1,1,1,1,1,1,1,1,1,1,29,29,29,29,29,29,29,29,29
29,29,29,29,29,19
29
18
4,4,9,9,9,29,18,18
19
20,20
3,3
20
9
9,29,9,3,3
12,18,18,16,16,29,3,18,16,8,8
19,23,23,23,23,3
23,23
18
20,20,20,20,20
20
3,3
1,29
9
8
1,1,29
29
20
28,28,28
29,29,1,1,1,1,1,29,29,29,29,9,28,1,1,28
15,8,8,19,19,8
1,15,8,8,8
29,9,9
9,1
9
16,29,16,29,29,29,29,1,1,29,9,9,9,8,8,8
17,17,17,17,17,17,17,17,17,17,17,17,17,17,17,17,17,17,17,17,17,17,17,17,17,17,17,17,17,17,17,17,17,17,17,17,17,17,17,17,17,17,17,17,17,17,17,17,17,17,17,17,17,17,17,17,17,17,17,17,17,17
17,17,17,17,17,17,17,17
17,17,17,17,17,17,17,17,17,17,17,17,17,17,17,17,17,17,17,17,17,17,17,17,17,17,17,17,17,17,17,17,17,17,17,17,17,17,17,17,17,17,17,17,17,17,17,17,17,17,17,17,17,17,17,17,17,17,17,17,17,17,17,17,17,17,17,17,17,17,17,17,17,17,17,17,17,17,17,17,17,17,17,17,17,17,17,17,17,17,17,17,17,17,17,17,17,17,17,17,17,17,17,17,17,17,17,17,17,17,17,17,17,17,17,17,17,17,17,17,17,17,17,17,17,17
17,17,17,17,17,17,17,17,17,17,17,17,17,17,17,17,17,17,17,17,17,17,17,17,17,17,17,17,17,17,17,17,17,17,17,17,17,17,17
1,1
11,11
29,29
19,19,9
8,9,29,29,29,29,29,29,29,29,29,29,29,29,29,29,29,29,29,29,29,29,29,29,29,29,29,29,29,29,29,29,29,29,29,29,29,29,29,29,16,16
1,1,1,1,1,1,1,1,1,1,1,1,1,29,29,29,29,29
1,4,4
15
17
4
3
29
3
9
8
9
17
9,9
12
15
9
12
13
15
13
20,20
15,9,23
1,9,3
15,15
16,11
1
17
14
14
14
15,18,22,22,22,22,22,15,18,18,18,29,29,29,9,9,9,4,4,4,4,4,4,4,4,4
2,4,4,4,9,15,15
9,10,10
18
1
1
29
16
9
8,8,9,9,17,15,15,15,16,15
17
23,15
3,3
9,9,9,9,9
18,18,18,19
29
9,9,9,9,9,9,9,9,9,9,9,9,9,9,9,9
9,9,9,9,9,9,9,9,9,9,9,9,9,9,29,29,29,29,29,29,29,29
3,3
3
23,23,23,23,23,23,23,23,23,23
24
9,9,9,9,9,9,9,9,9,9,9,9,29,29,29,29,9,9,9,9,9,9,9,9,4,4,4,4,4,4,4,4,3,9,9,9,8,8,8,8,8,8,8,8,8,8,8,8,8,8,29,29,29,29,29,29,29,29,29,29,29
3,3,3,3,3,3,3,3,3,3,3,3,3,3,3,17,17,17,28,28,28,28,28,28,28,28,28,9,9,9,9,9,9,9
1
15,15,15,15,15,15,15,15,8,8,8,8,16,8,8,8,8,8,8,8,8,8,8,8,8,8,8,8,8,8,9,8,8,8
9,4,4,4,2,2
29
19
9
1
1
1
29,29
8,19,19,19
9,28
18,18,18
27
10,11,10
29
29,12
4,4,4,4,4,3,3,3,3,3,3,3,3,3
8,9,9,8,8,8,11,11,11,11,11
10
29,29,29,29
29,9,9,9
29
20,20
1,1,1,1,1,1,1,1,1,1,1,1,1,1,1,9,9,29,29,15,15,29,9,3,3,3,3,3,1,3,3,1
4,11,11,7,7,7,7,7,7,7,7,7,24,8,8,18,18,18
19,9,29,29,29,29,29,29,29,29,29,29,29,29,29,9,9,19
7,7,7,7
1
8,8,8,8,8,15,15,15,15,15
3,3,3,3,3,3,3,3,3,3,3,3,3,3,3,3,3,3,3,3,3,3,3,3,3,3,3,3,3,3,3,3,3,3,3,3,3,3,3,3,3,3,3,3,3,3,3,3,3,3,3,3,3,3,3,3,3,3,3
15,15,15,15,15,15,15,15,15,15,15,15,15,15,15,15,15,15,15,15,15,15,15,15,15,15,15,15,15,15,15,15,15,15,15,15,15,15,15,15,15,15,15,15,15,15,15,15,15,15,15,15,15,15,15,15,15,15,15,15,15,15,15,15,15,15,15,15,15,15,15,15,15,15,3,15,15,15,15,15,15,15,15,15,15,15,15,15,15,15,15,15,15,15,15,15,15,15,15,15,15,15,15,15,15,15,15,15,15,15
8
29,19,10
10
19,18
9
9,9,9,9,9,9,9,9,9,9,3,9
1
9
17
13,3
12,29,29,29,29,29
13
16,16
29
15,29
19
1,1
1,1,1,1,1,1,1,1,1,1,1,1,1,1,1,1,1
1,1,1,1,1,1,1,1,1,1,1,1,1,1,1,1,1,1,1,1,1,1,1,1,1,1,1,1,1
1,1,1,1,1,1,1,1,1,1,1,1,1,1,1,1,1,1,1,1,1,1,1,1,1,1,1,1,1,1,1,1,1,1,1,1,1,1,1,1,1,1,1,1,1,1,1,1,1,1,1,1,1,1,1,1
18,29
8
15
15,15,15,15,15,15,15
3,3,3
3
23,11,11,10,23,23,19,19,8
3,3
8,8,29,29,29,1,1,1,1,1,1,29,29
12
29,29,29
28
8
8,8,8,8
18,18,18,18,18,18
15,15,15,8,8
18,18,18,18,18,18,18,18,18,18,18,18
18
8,8,8,8,15,8,8,8,15,15,15,15,15,15,15,15,15,15,15,15,15,15
15,15
15,15,15,15,15,15,15,15,15,15,15
8,8,8,15,15,15,15,15,15,15,15,15,15,15,15,15,15
15,15
1,1,1,1,1,1,1,1,1,1,1,1,1,1,1,1,1,1,1,1,1,1,1,1,1
1,1,1,1
9,9,9,9,9,9,9,9,9,9,9,9,9,9,9,9,9,9,9,9,9,9,9,9,9,9,9,9,9,9,9,9,9,9,9,9,9,9
18,18,18,18,18,18
8,8,8,8
9
24,24,24,24,24,24
19
15,8,8,8,8
19,19
8
1
28
9,9,9,9,8,17,29,29,16
1,1,29,9,9
9,9,17,3,12,1,1,18,28,17,10,11,11
28
9,9,9,9,9,9,9,18,18,18,18,18,18,18,18,15,15,16,8,8,9,9,9,9,9,29
9,9,29,1,1,1
15
23,23,23,10,23,23,23,29,29,9,29,29,29,17,17,29,2,1,1,1,1,1,1,1,1,1,1,1,1,1,1,1,1
8
18
2,4
19,2
19,19,10,19,10,9,9,9,29,8,29,29,29,3,3,3,3,3,3,3,3,3,3,3,3,17,17,9,9,29,29,29,29,1,1,1,1,1,1,1,1,1,1,1,1,1,1,1,1,1,1,1,1,1,1,1,1,1,1,1,1,1,1,1,1,1,1,1,1,1,1,1
19
19
8
1
29,1,1,1,1,9,3,9,9,9,9,1,1,1,1
3,3
28
29,29,29
28
3
19,19,19,19,8,8,8,15,15,15,15,15,15,15,15,15,15,15,15,15,15,15,18,18,22,22,15
15,16,9
9,1,1,1,3,3,3,3,3
1,1,10,10,10,10,10,10,10,10,10,10,10,10,10,10,10,10
1
28,28,28,28,28
1,1
29
9
9,9
18
8,8
1,1,1,1
13,13,13
29,29,29,29,29,9,9,8
10,10,10,10,10,10,10,10,10,10,10,10,10,10,10
29
22,29
29
1,1,1,1,1,1
1
21
8,11,11,11,11,11,11,11,11
11,11,11
18,15
9
19
1
1,1,1,1,1,1,1,1,1,1,1,1,1,1,1,1,1,1,1,1,1,1,1,1,1,1,1,1,1,1,1,1,1,1,1,1,1,1,1,1,1
29,29
11,11
8
9,9,9
11,23
4,4
9,13,13,13
29
15,12
1
23
29
13,13,13,13,13,13,13
11,11,11,13,13,11
13,13,13,13,13,13,13,13,13,13,13,13,13,13,13,13,13,13,13,13,13,13,13,13
13,13,13,13,13,13,13,13,13,13,13
9
9,9,9,9,9,9
17,17,17
9,9,9,9,9,9,9
9,9,9
17,17,17
9
9
17
15,8
4
3
27
28,29,29,9
16
29,29,28
9
2,2,8
23,23,23
1,1,1,1,1,1,1,1,1,1,9,1,1,1,1,9,9,9,19
9
29
24,7,7,7,7,7
18
15,29,29,1,1,1,29,16,16,16,9,11,8,8
28
7,7,7
28
9,9,29,29,29,18,1
19
16
1,1,1,1
16
8,7
8
3
13,13,28
8
19
8
9,9,9
9,1,18,18,8,8,8
9
9,1,1,1,29,15,15,18,18,8,8,8,8,9
29,29,29,29,29,29,29,29,29,29,29,29,29,29
29,29,19
8,15,15,12,12
24,24
8,8
1,3,15,9
22
19,19,9,19
15,15,15,9
29
18
10
9
29
1,15,29,29
1,1,1,1,1,1,9,15
2
29
2
4,4
9
12
8,18,1,3,3,1,1,1,1,1,29,29,29,3,23,4,4,4,24,24,24,24,4,2,19,19,19
21
21
10,10,10,10,10
29,9
16
25
23
19,15,12,1,1,1,12
3
18,18,29
17
29
29,29
4,9,29
16,18
12,12,12,12,12,12,12,12,12,12,12,12,12,12
19
4
15,15,15,15
29,29,29,29,9,23,3,19
19,19,19,19,19
15,15,9,9,9,17,17,4,4,4,2,10,10,10,10,11
29,1,1,1,1,29,16
12,2,2
18,18,8,8,8
11,11,11,8,1,2,16
17
1,1,1,1
4
19
9
20,20,20,20,20,20,20,20,20,20,20,20
9
3
9,9,29
29,29
18,29,29
15
13,13,13,13,17
29
4
24
27
3
2
13
13
9,9,9,9,9,9,9,9,9,9,9,9,9,9,9,9,9,9,9,9,9,9,9,9,9,9,9,9,9,9,9,9,9,9,9,9,9,9,9,9,9,9,29,29,29,29,29,29,29,29,9,9,9,19,29,29,29,29,9,29,1,1,29,1,8,8,29,29,29,8,8,8,15,15,15,15,15,19,9,9,9,9,9,9,9,9,9,9,9,9
4,4,4,4,2,2,2,2,9,9,9,9,9,9,9,9,9,9,9,9,9,9,9,19,19,9,9,9,9,9,9,9
29
3,3
3,3
3,3
3
3
3,3
17,17
8,8,8,8,8,8,8,8,8,8,8,17,29,29,17,17,4,4,19,19,29,29
1,3,9,3
12,12,12,12,12,12,12,12,12,12,12,12,12,12,12,12,12,12,12,12,12,12,12
12
14,14,14
3,8,15,1,1,1,1
1
3,3
3
3
3,3,3
17,17
12,12,12
22
8,8,8,8,20,20,20,20,20,20,20,20,20,20,20,20,20
19,19,19,19,19,19,8,8,8,8,8,8,8
15
18
19
17,29
29,12
29,29
22
3
29,29,29,29,29,29,29,29,29,29,29,29,29,29,29,29,29,29
8
8,17,17
1
1
14
19
9
5
15,4
19,19,19,19,19,19,19,19,19,19,19,19,19,19,19,19,19,19,19,19,19,19,19,19,19,19,19,19,19,19,19,19,19,19,19,19,19,19,19,19,19,19,19,19,19,19,19,19,19,19,19,19,19,19,19,19,19
2,2,4,10,4,8
1,1,1,1,9
9,9,9,9,29,1,3,3
9,9,16,19,11,10,19
2,4,11,10,10,10,10
9,9,9,18,15
9
4
3,3,3,17
8,19,29,29,29
28
13,13,13
13,13,13,13,13
13,13
13,13
3
3
9,9,9,17
9,3,3
9
28
20,20
9,16,16
20
3,3,3,12,12
13
16
13
29,29,29,1
20
28
4,28,24,24,24,4,4
3,3,3
27,27,27
3,8,29,29,29,3,3,3,3,3
20
27
9,9,9,9,9
9,3
17,3,19
12
16
27
27,27
3
3
3,3
1
20
20
8
29,8,19
8,8,8,8,8
4,4,4,4
4,4,4,4,4,4,4
9,9
15
9,17
28
29,9
29
3
29
4
9,9,9,9,9,9
9
9,9,9
29
29,13
29
29,29,29
1,1
1
9,9,4,2,2
29,1
4
23,1,23,23,23,23,18,2,2,2,2,2,2,2,2,10,4,2
24,3,3,3,3,3,3,3,3,4,4,4,4,4,4,4,4,4
4,4
4
4
28
11,9
14
14,14,14,15
4
23,11,23
29,29,29,29,29,29,29
9
9
3,3,3,3,3,3,3,3,3,3
20,20,20,20,20,20,20,20,20,20,20,20,20,20,20
8
8
8
3
9,9,9,9,9
9,9,9
16
12
12,12,12
12,12,12,12,12
15,28,8,12,1,1,1,29,23,19,8,29,29,9,9,10
1,1,1,1
3,3,3,3,3,3,3
3
29
19,9
9
13
3
10,10,10
4,4
24
17
1,1
1,1,1,1,1,1,1,1,1,1,1,1,1,1,1,1,1,1,1,1,1,1,1,1,1,1,1,1,1,1,1,1,1,1,1,1,1,1,1,1,1,1,1,1,1,1,1,1,1,1,1,1,1
1,1,1,1,1,1,1,1,1
1,1,3,3,3,3,3,3,3,3,3,3,3,3,3,3,3,3,3,3,3,3,3,3,3,3,3,3,3,3,3,3,3,3,3,3,3,3,3,3,3,3,3,3,3,3,3,3,3,3,3,3,3,3,3,3,3,3,3,3
3,3,3
20
8
19,1,1,1,1,1,1,1,1,1,1,1,1,1,1,1,1,1,1,1,1,1,1,1,1,1,1,1,1,1,1,1,1,1,1,1,1,1,1,1,1,1,1,1,1,1,1,1,1,1,1,1,1,1,1,1,1,1,1,1,1,1,1,1,1,1,1,1,1,1,1,1,1,8
8
8,8,8
9,8
8
9,9,9,8,9,9,9,9,9,9,9,8,8,9,9,8,9,9,9,9,9,8,8,9,9,9,29,29,29,29,16,16,16,16,15,15,15,8,8,8,8,19,19,9
22
29
3
1
8,16,29,1
4,4
1,1
19,9,17,9,8,8,16,8
9
12
14
17
8,15
29
15
11
1
17
19
16
3
28
3,9
21
18
28
19
13
28,28,28
19,19,19
20,20,20,20,20
28
14
19,19,8,9,9,29,16,15
4,9
10,10,10,10,10,10,15,15
1,1
13,13,13,13
27,27
1
13
8,15
18
13
29
15,4,19
8,8
29,9,9,29,29,29,29,9,9,9,9,9,4,2,2,2,2,4,4,2,2
3,3,3,3,3,3,3,3
4,4,4,4,4,4,4,9,9
9,9,9,9,4,2
1,18
3,3
19,19
17
8,8,8,8
4,4
1,1
10
27
19,19
10,11,19
15,18
9,9
21
8
15,8,8
8,8,8,8
8,8,20,8,8
1,1,1,1,1,1,1,1,1,1,1,1,1,1,1,1,1,1,1,1,1,1,1,1,1,1,1
1,1
1,1,1,1,1
18
15,15,15,15
8,8
15
15
17,17,17,17,17,17,17,17,17,17,17,17,17,17,17,17,17,17,17,17,17,17,17,17,17
22,29,29,29,29,29,29,29,29,29,29,29,29,29,29,29,29,29,29,29,29,29,29,29,29,29,29,29,29,29,29,29,29,15
12
3,3,3,3,3
12
12,12,12,12,12,12
18,17,17,17,17,17
9,9,9,9
29,9,9,9,9
9,9
29,29,29,29
8
18
8
9
12,29
16
14,12,12,12,12,14,14
14,12
17,29,1,29,9,11,1,11
20,20
15
4
2,2
18,18,1,1,1,1,1,1,1,1,1,1,1,1,1,1,1,1,1,1,9
2,2,2,2,2,2,2,2,2,2,2,1
23,23,23,23,23,23,10,11,23,23,23,19
23,11,10,10,11,10,23,8,8,16
3,3,3
8,8,8,8
3,3,3,8,3,3,3,3,3,3,3,8,8,3,28,28,28,28
3,3,3,3,27,27,27,27,27,27,27,27,27
3,3,3,3,3,3,3,3,3,3,3,3,3,3,3,3,3,3,3,3
3,3,3,3,3,3,3,3,3,3,3
3,3,3,3,3,3,3,3,3,3,3,3,3,3,3,3,3,3,3,3,3,3,3,3
3,3,3,3,3,3,3,3,3,3,3,3,3,3,3,3,3,3,3,3,3,3,3,3,3,3,3,3,3,3,3,3,3,3,3,20,20,20,20,20,20,20,20
3,3,3,3,3
3,3,3,3,3,3,3,3,3,3,3,3,3,3,3,3
29
4,9,9,9,3
9,15,18,9,9
10,29
3,3,3,3,19
1
29,9,9,28,9
29,14,1,1
7,17,9
17
8,9,9,9,8,8,8
9,29,29,29,29,29,29,29,29,29,29,29,8,8,8
29
19
3
8,8
15
29,29,29,1,29,3,3,3,3,3,15,15,29,29,16,29,19
4,2,2,2,2,2,2,2,2,2,9,9,29,29,29,29,29,29,8,15,29,29,29,29,8
1,29,8,8,8,29,9,9,9,9,29,29,1,1,1,29,29,29,29,29
11,11,11,11,11,11,11,11,11,11,11,11,11,29,1,1,1,1,1,1,1,1,1,1,1,1,1,1,1,29,29,9,9,9,17,17,9,29,8,8,29,29,29,29,29,29,29
29,29,29,29
3,3,3,10,10,10,11,11,1,1,1,1,3,3,9,9,9
18,18,18,18
8
17
29,29,1,29
1,1,1
24,4,4,4
24,24,24,24,24,24,24,24,24,24,4,4
24
21,21,21,21
3
19,19,19
19
22
28
9,9,17,17,19,19
9
17
9
12
18
20,20,20
20,20,20
20
8,8
1,1
21
21
28
28,28,28,28,28
21
21,21
21
21
21
21
15,15,15,15,15,15,15,15,15,15,15,15,15,15,15,15,15,15,15,15,15
17
1,9
16,16
8
3
19,19,19,8,8,8,8,8,8,16,29,29,29,29,29,29,29,29,29,29,29,1,1,1,1,1,1,1,1,1,29,29,29,29,9,8,19,19,19
9,9,9,9
3,3,3,3,3
8,8,8,8,8
14,14,14,14
3
3
11,10,19,16
11,10
2,2,2,2,24,24,24,24,2
19
24,24,24
1
13,8,9,29,29,29,29,29,9,9,9,9,4,4,2,2,2,4,8,8
10
19
2,2,2,2,2,2
9
18,18,10
1
8,15
1,1,1,1,1,1,8,8,8,10,10,29,18,8,8,8,8,8
8,8,8,8,8,8,8,8,8,8,8,8,10,4,29,29,29,29,29,29,29,1,1,1,1,1,1,1,1,1,1,1
22,8,8
8,1,1,1,1,1,1,1,1,1,1,1,1,1,1,1,1,1,1,1,1,1,1,1,1,1,1,1,1,1,1,1,1,1,1,1,1,1,1,1,1,1,1,1,1,1,1,1,1,1,1,1,1,1,1,1,1,1,8,8,8,8,8,8,8,8,8,8,8,8,8,8,8,8,8,8,8,8,8,8,8,8,8,8,8,8,8,8,8,8,8,8,8,8,8,8,8,8,8,8,8,8,29,29,29,29,29,29,29,29,29,29,29,29,29,29,29,1
8,8,8,8,8,8,8,8,8,8,8,8,8,8,8,8,8,8,8,8,8,8,8
7,7,7,7,7,7,7,7,7,7,7,7,7,7,7,7,7,7,7,7,7,7,7,7,7,7,7,7,7,7,7,7,7,7,7,7,7,7,7,7,7,7,7,7,7,7,7,7,7,7,7,7,7,7,7,7,7,7,7,7,7,7,7,7,7,7,7,7,7,7,7,7,7,7,7,7,7,7,7,7,7,7,7,7,7,7,7,7,7,7,7,7
15,15,15,15,15,15,15,15,15,15,15,15,15,15,15,15,15,15
15,15,15,15,15,15,15,15,15,15,15,15,15,15,15,15,15,15,15,15,15
15
1,1,1,1,1,1,1,1,1,1,1,1,1,1,1,1,1,1,1,1,1,1,1,1,1,1,1,1,1,1,1,1,1,1,1,1,1,1,1,1,1,1,1,1,1,1,1,1,1,1,1,1,1,1,1,1,1,1,1,1,1,1,1,1,8,8,8,8,8
10,10,10,10,10,10,10,10,10,10,10,10,10,10,10,10,10,10,10,10,10,10,10,10,10,10,10,10,10,10,10,10,10,10,10,10,10,10,10,10,10,10,10,10,10,10,10,10,10,10,10,10,10,10,10,10,10,10,10,10,10,10,10,10,10,10,10,10,10,10,10,10,10,10,10,10,10,10,10,10,10,10,10,10,10,10,10,10,10,10,2,2,2,2,2,2,2,2,2,2,2,2,2,2,2,2,2,2,2,2,2,2,2,2,2,2,2,2,2,2,2,2,2,2,2,2,2,2,2,2,2,2,2,2,2,2,2,2,2,2,4,4,4,4,4,4,4,4,4,4,4,4,1,1,1,1,1,1,1,1,1,1,1,1,1,1,1,1,1,1,1,1,8,8,8,8,8,8,8,8,8,8,10,10,10,10,10,10,10,10,10,10,10,10,10,10,10,10,10,10,10,10,10,10,10,10,10,10,10,10
18,18,18,18,18,18,18,18,29,29,29,29,29,29,4,4,4,4,4,8,8,8,8,8,8,8,8,3,3,3,3,3,3,3,3,3,3,3,3,3,3,3,3,3,3,3,3,3,3,3,3,3,3,3,3,3,3,3,3,3,3,3,3,3,3,3,3,3,3,3,3,3,3,4,4,4,4,4,4,4,4,4,4,4,10,10,8,8,8,8,8,8,8,8,8,8,8,8,8,8,8,8,8,8,8,8,8,8,8,8,8,8,8,8,8,8
28,28,28,28,28,28,28,28,28,28,28,28,28,28
1,1,1,1,1,1,1,1,1,1,1,1,1,1,1,1,1,1,1,29,29,9,29,29,29
9
19
29,29
18,18
1,3,24
1,1,1,1,1,1,1,1,1,1,1,1,1,1,1
1,1,1,1,1,1,1,1,1,1,1,1,1,1,1
9
29,9,9
7
19,19,8,9,19,9,9,9,29,29,19
19
9
19
8
18,15
1,1,1,1,1,1,1,1,1,1,29,1,1,18
8,23
7,7,7,9
29,29,29,29,29,3,3
18,18,18,15,12,19,19,12,18
9
9,16,16
19
12
29,17,9
8
3,3,13
18,18,1
22,22
23,23
18,15
5
16,16,16,16,16,16,16,16,16,16,16,15,15,15,15,15
9
9
9,9,9,9,29,1,1,1,1,1,9
18,18
10
1,18,18,18,18,19
14,14,14,14,14,14
14,14
16
15
29
9,9,29
15
18
29,29,29,29,29,29,9
22
29
16,9
22,18
11,10,10,10,15,15,4,18,18,18
29
1,1,29,3,1,9,17,11,2,19
15
29
10,23
12
16,17
17,17,17
11,9,9,9,9,29,9,17
20,20,20
8,8,8,8
16,16
4
10,10
19,17
29,29,29,29
1,1,1,1,1,1,1,1,1,1,1,1,1,1,1,1,1,1,1,1,1,1,1,1,1,1,1,1,1,1
1,1,1,1
1
1,1,18
12
1,1,1,1,1,1,29,29,29,29,9,9,9,9,2,2
9,3,3,3,3,9,9,9,9,9,9,17,17,17,16
9,9,9,29,29,29,29,29,29,29,29
1,29,29,29,29,9,9,9,15
8,8,18
9,29,9,9,9,9,9,29,29,8,8,8,8
23,11,11
29,19
11,4
18
10,10,10,11,11,10,11,11,4,29,17,29,29,29,29,29,29,29,29,29,29,29,1,1,1,1,1,1,1
24,24,7,7,7,7,7,7,7,7,17,12,12,12,12
3,3,3,17,17,17,17,9
1
16
17
28
9,9,9,9
9
13,13,8,8,8,1,1,1,1,1,1,1,1,1,1,1,1,1,1,1,1,1,1,1,1,1,1,1,1,1,1
9,9,9,9,9,9,9,9,9,9,9,9,29,8,23,23,23,23,23,23,23
16,8,8,8,8
17,17,17
3,3,3,3,3,3,3,3,3,3,3,3,3,3,3,3,3,3,3,3,3,3,3,3,3,3,3,3,3,3,3,3,3,3,3,3,3,3,3,3,3,3,3,3,3,3,3,3,3,3,3,3,3,3,3,3,3,3,3,3,3,3,3,3
17,17,17,17,17,17,17,17,17,17,17,17,17,17,17,17,17,17,17,17,17,17
28,28,28
23,23,23,23,23,23,23,23,23,23,23,23,23,23,23,23,23,19,19,19,19,19,19,19,19,19,19,19,19,19,19,19,19,19,19,19,19,19,19,19,19,19,19,19,19,19,19,19,19,19
3
14,14,14,14,14,14,14,14,14,14,14,14,14,14,14
2,2,2,2,2
12,12,12,12
3,3,3,3,3,3,3,3,3,3,3,3,3,3,3,3,3,3,3,3,3,3,3,3,3,3,3,3,3,3,3,3,3,3,3,3,3,3,3,3,3,3,3,3,3,3,3,3,3,3,3,3,3,3,3,3,3,3,3,3,3,3,3,3,3,3,3,3,3,3,3,3,3,3,3,3,3,3,3,3,3,3,3,3,3
3,3,3,3,3,3,3
3,3,3,3,3,3,3,3,3,3,3,3,3,3,3,3,3,3,3,3,3,3,3,3,3,3,3,3,3,3,3,3,3,3,3,3,3,3,3,3,3,3,3,3,3,3,3,3,3,3,3,3,3,3,3,3,3,3,3,3,3,3,3,3,3,3,3,3,3,3,3
14,14,14,14,14,14,14,14,14,14,14,14,14,14,14,14,14,14,14,14,14,14,14,14,14,14,14,14,14,14,14,14,14,14,14,14,14,14,14,14,14,14,14,14,14,14,14,14,14,14,14,14,14,14,14,14,14,14,14,14,14,14,14
22,22,22,22,22,22,22,22,22,22,22,22,22,22,22,22,22,22,22,22,22,22,22,22,22,22,22,22,22,22,22,22,22,22,22,22,22,22,22,22,22,22,22,22,22,22,22,22,22,22,22,22,22,22,22,22,22,22
13,13,13,13,13,13,13,13,13,13,13,13,13,13,13,13,13,13,13,13,13,13,13,13,13,13,13,13,13,13,13,13,13,13,13,13,13,13,13,13,13,13,13,13,13,13,13,13,13,13,13,13,13,13,13,13,13,13,13,13,13,13,13,13,13,13,13,13,13,13,13,13,13,13,13,13,13,13,13,13,13,13,13,13,13,13,13,13,13,13,13,13,13,13,13,13,13,13,13,13,13,13,13,13,13,13,13,13,13,13,13,13,13,13,13,13,13,13,13,13,13,13,13,3,3,3,3,3,3,3,3,3,3,3,3,3
12,12,12,12,12,12,12,12,12,12,12,12,12,12,12,12,12,12,12,12,12,12,12,12,12,12,12,12,12,12,12,12,12,12,12,12,12,12,12,12,12,12,12,12,12,12,12,12,12,12,12,12,12,12,12,12,12,12,19,19,19,19,19,19,19,19,19,19,19,19,19,19,19,19,19,19
4,4,4,4
4,4,4,4,4,4,4,4,4,4,4,4,4,4,4,4,4,4,4,4,4,4,4,4,4
15,15,15,15,15,15,15,15,15,15,15,15,15,15,15,15,15,15,15,15,15,15,15,15,15,15,15,15,15,15,15,15,15,15,15,15,15,15,15,15,15,15,15,15,15,15,15,15,15,15,15,15,15,15,15,15,15,15,15,15,15,15,15,15,15,15,15,15,15,15,15,15,15,15,15,15,15,15,15,15,15,15,15,15,15,15,15,15,15,15,15,15,15,15,15,15,15,15,15,15,15,15,15,15,15,15,15,15,15,15,15,15,15,15,15,15,15,15,15,15,15,15,15,15,15,15,15,15,15,15,15,15,15,15,15,15,15,15,15,15,15,15,15,15,15,15,15,15,15,15,15,15,15,15,15,15,15,15,15,15,15,15,15,15,15,15,15,15,15,15,15,15,15,15,15,15,15,15,15,15,15,15,15,15,15,15,15,15,15,15,15,15,15,15,15,15,15,15,15,15,15,15,15,15,15,15,15,15,15,15,15,15,15,15,15,15,15,15,15,15,15,15,15,15,15,15,15,15,15,15,15,15,15,15,15,15,15,15,15,15,15
29,29,29,29,29,29,29,29,29,29,29,29,29,29,29,29,29,29
11,11,11,11,11,11,11,11,11,11,11,11,11,11,11,11,11,11,11,11,11,11,11,11,11,11,11,11,11,11,11,11,11,11,11,11,11,11,11,11,11,11,11,11,11,11,11,11,11,11,11,11,11,11,11,11,11,11,11,11,11,11,11,11,11,11,11,11,11,11,11,11,11,11,11,11,11,11,11,11,11,11,11,11,11,11,11,11,11,11,11,11,11,11,11,11,11,11,11,11,11,11,11,11,11,11,11,11,11,11,11,11,11,11,11,11,11,11,11,11,11,11,11,11,11,11,11,11,11,11,11,11,11,11,11,11,11,11,11,11,11,11,11,11,11,11,11,11,11,11,11,11,11,11,11,11,11,11,11,11,11,11,11,11,11,11,11,11,11,11,11,11,11,11,11,11,11,11,11,11,11,11,11,11,11,11,11,11,11,11,11,11,11,11,11,11,11,11,11
20,20,20,20,20,20,20,20,20,20,20,20,20,20,20,20,20,20,20,20,20,20,20,20,20,20,20,20,20,20,20,20,20,20,20,20,20,20,20,20,20,20,20,20,20,20,20,20,20,20,20,20,20,20,20,20,20,20,20,20,20,20,20,20,20,20,20,20,20,20,20,20,20,20,20,20,20,20,20,20,20,20,20,20,20,20,20,20,20,20,20,20,20,20,20,20,20
3,3,3,3,3,3,3,3
9,9,9,9,9,9,9,9,9,9,9,9,9,9,9,9,9,9,9,9,9,9,9,9,9,9,9,9,9,9,9,9,9,9,9,9,9,9,9,9,17,17,17,17,17,17,17,17,17,17,17,17,17,17,17,29,29,29,29,29,29,29,29,29,29,29,29,29,29,29,29,29,29,29,29,29,29,29,29
2,2,2,2,24,4,4,4,4
29,29,29,29,29,29,29,29,29,29,29,29,29,29,29,29,29,29,29,29,29,29,29,29,29,29,29,29,29,29,29,29,29,29,29,29,29,29,29,29,29,29,29,29,29,29,29,29,29,29,29,29,29,29,29,29,29,29,29,29,29,29,29
1,1,1,1,1,1,1,1,1,1,1,1,1,1,1,1,1,1,1,1,1,1,1,1,1,1,1,1,1,1,1,1,1,1,1,1,1,1,1,1,1,1,1,1,1,1,1,1,1,1,1,1,1,1,1,1,1,1,1,1,1,1,1,1,1,1,1,1,1,1,1,1,1,1,1,1,1,1,1,1,1,1,1,1,29,29,29,9,9,9,9,9,9,9,9,9,9,9,9,9,9,9,9,9,9,9,9,9,9,9,9,9,9,9,9,9,9,9,9,9,9,9,9,9,9,9,9,9,9,9,9,9,9,9,9,9,9,9,9,9,9,9,9,9,9,9,9,9,9,9,9,9,9,9,9,9,9,9,9,9,9,9,9,9,9,9,9,9,9,9,9,9,9,9,9,9,9,9,9,9,9,9,9,19,19,19,19,8,8,8,8,8,8,8,8,8,8,8,8,8,8,8,8,8,8,8,8,8,8,8,8,8,8,8,8,8,8,8,8,8,8,8,8,8,8,15,15,15,16,16,16,16,16,16,15,15,8,8,8,8,8,8,8,8,8,8,8,8,8,8,8,8,8,8,8,8,8,8,8,8,8,8,8,8,8
10,10,10,10,10,10,10,10,10,10,10,10,10,10,10,10,10,10,10,10,10,10,10,10,10,10,10,10,10,10,10,10,10,10,10,10,10,10,10,10,10,10,10,10,10,10,10,10,10,10,10,10,10,10,10,10,10,10,23,23,23,23,23,23,23,23,23
10,10,10,10,10,10,10,10,11,11,11,11,11,11,11,11,11,11,11,11,11,11,11,11,11,11,11,11,11,11,11,11,11,11,11,11,11,10,11,11,11,11,11,11,11,11,11,11,11,11,11,11,11,11,11,11,11,11,11,11,11,11,11,10,11,11,11,11,11,11,11,11,11,11,11,11,11,11,11,11,11,11,11,11,11,11,11,11,11,11,11,11,11,11,10,10,10,10,10,10,10,10,10,10,10,10,10,10,10,10,10,10,10,10,10,10,10,10,10,10,10,10,10,10,10,10,10,10,10,10,10,10,10,10,11,10,10,10,10,10,10,10,10,11,11,11,11,11,11,11,11,11,11,11,11,11,11,11,11,11,11,11,11,11,11,11,11,11,11,11,11,11,11,11,11,11,11,11,11,11,11,11,11,11,11,11,10,10,10,10,10,10,10,10,10,10,10,10,10,10,10,10,10,10,10,10,10,10,10,10,10,10,10,10,10,10,10,10,10,10,10,10,10,10,10,10,10,10,10,10,10,10,10,10,10,10,10,10,10,10,10,10,10,10,10,10,10,10,10,10,10,10,10,10,10,10,10,10,10,10,10,10,10
18
10,10
11
14
1,10
29
18,18
12,12
12,12,12
29
18
3
29,29,29
3,29,16
9
9
8
8
8,8
20,20
20
29,29,29,29,29,29,29,29,29,29,29,29,29,29,29,29,29,29,29,29,29,29,29,29,29,29,29,29,29
21
17,17,17,17,17,17,17,17,17,17
29,29
13,29
1
28
1,29,29,29,9,19,19,23,23,23,23,23,23,10,10,10,10,11,11,11,11,11,11,11,11,11,11,11,11,11,11,8,8,16,16,16,16,16,16,15,8,8,8,8,8,8,8,15,18,18,18,18,18,1,1,1,4,4,4,4,4,24,24,24,4
29,29,29,29,29,29,29,29,29,29,29,29,29,29,29
9,29,9,16
10,7
3,3,3,3,3,3
3,17
3,3,3
18
19,19,29,19
22
24,24,24,24
8,15,8,9,19,21,21,21,21,21,21,21,21,21,21,21,21,21,8,8,8,8,19
19,19,19
13,13,13,3
13,13,13,13,13
19,19
4
4,4,4
19
8,16,16,16,29,29
10,10,11
17
3
23,23
9,29,29,29,29,29,29,29,29,29,29,29,29,29
10,11
22
29,29
9,29
17,17,17,17,17,17,17,17,17
1,1,17,17,17
29,18,18,18,18,15
11,11,11,23
1
6
1,1
15
14
8
22
15,15,19,19,19
19,19,19,19,19,19,19
18,11,11
29,1,1,1,29,29,29,29,29,29,29,29,3
20
20
20
20
20,20
18
18
18,1
4,4,3
19,8
19
3,3,3,3,3,16
15
16,3,3
27
19
19
12,12,3
1,1,1,1,1,1,1,1,1,1,1,1,1,1,1,1,1,1
8,8
4,24
4,4,4
12,12,12,12
19,19
3,3,3,3,3,3,3,3,3,13,8
3,3,9
2,2,2,2,2,2,4,23,23,23,23,23
11,11,11,11,11,10,11,11,11,23,23
8
18
8,8,8,8,8,15,15,17,17
19
8
18,18
9,9
8,8,8,8,8,8,8,8
9,8,8,8,8,8,8,8,8
18,18,18,18,18
9,9,3,3,3,3
18,18,18,18,18,18,18,18,18,8
22,22
8,8,8,8
8,8,8
18,2,7,7,7,7,7,7,7,8,19,8,16,18,15,9,9
29,1,29,1,1,1,29,8,8,8,8
3,3,3,29,16,16,16,15
1
19
28
1
14,12,18,16,1
12,14
14
8,8,12,12
14
7,7,7,24
21
18
14
18
15,19
14
18
14
19
18,18,18,15,15,15,15,15,15,15,15,15,15,16,29,9,3,3,3,3,3,28,28,28,28,13,13,13,13
11,11,11,10,2
3,3
15
9
3,3,3,3,3,3,3,3,3,3,3,3,3,3,3,3,3,3,3,3,3,3,3,3,3,3,3,3,3,3,3,9,9,9,9,9,9,9,9,9
1,1,29,29,29,29,1,9
1,29
29,29
16,15,18
20,20,20,20,20,20,20,20,20,20,20,20,20,20,20,20,20,20,20,20,20,20,20,20,20,20,20,20,20,20,20,20,20,20,20,20,20,20,20,20,20,20,20,20,20,20,20,20,20,20,20,20,20,20,20,20,20,20,20,20,20,20,20,20,20,20,20,20,20,20
20,20,20,20,20
20,20,20,20,20,20,20,20,20,20,20,20,20,20,20,20,20,22,22,22,19,19,19,19,19,19
10,10,10,10,10,10,10,10,10,10,10,10,10,10,22
4
3,3,3,3,3,3,8
22
24,19,8
20,20,20,20,20,20,20,20,20,20,20,20,20,20,20,20,20,20,20,20,20,20,20,20,20,20,20,20,20,20,20
15
11,11,11,11,11,11,11,11,11,11,11,11,11,11,11,11,19
13,8,19
14
19
18
19,8,8,8
19,19,19
19,19,19,19,19
23
19,8
8,8,8,19
13,19,19
18
3
19
15
29
15,15,15
1,1,1,1,1,1,1
1,1,1,1,1,1
1,1,1,1,1,1
29,29,11,11,11,10,10,10
11
1,1,1,1,1,1,1,1,1,1,1,1,1,1,1,1,1,1,1,1,1
1,1,1,1,1,1,1,1,1,1,1,1,1,1,1,1,1,1,1,1,1,1,1,1,1,1,1,1,1,1,1,1,1,1
1,1,1,1,1,1,1,1,1,1
28
19
29,29,29,9,4
9,9,9,9,9,9,9,17,3,3,3,3,3,3,15,15,15
9
4
8,8
19
16,24,24
12
9,29
29
3,1,4,15
18
9,29
12
18,15,15
19,19,19
7,7,13,13,13
17,17,17,17,17,17,17,17,17,17,9,9,9,9,9,9,9,9,9,29,29,4,4,4,4,4,4,4,4,4,4,4
9,28,28,28,8,8
15,15,15
28,19
8
9
1,1,1,1,1,1,1,1,4,2
1
18
1
9
29,29,29,1,1,1,1,1,1,1,1,14,1,1,1,1,1,1,1,1,1,1,1,1,1,1,1,1,1,1,16,16,16,1,1,1,1,29,29,15,15,15
8,8,8
9
29,29,29,29,1,1,1
19,19,8
9
19
19
21
9,9,9,9,11,11,11,11,11,11,11,11
5,19
18,18,8,8
3,3,3,3,3,3,3,3,3,3,3,3,3,3,3,3,3,3,3,3,3,3,3,3,3,3,3,13,13,13,13,13,3,3,18,18,18
12,12
9,28,29,29,29,19
1,1,1,1,1,1,1,1,1,1,1,1,1,1,1,1,1,1,1,1,1,1,1,1,1,1,1,1,1,1,1,1,1,1,1,1,1,1,1,1,1,1,1,1,1,1,1,1,1,1,1,1,1,1,1,1,1,1,1,1,1,1,1,1,1,1,1,1,1,1,1,1,1,1,1,1,1,1,1,1,1,1,1,1,1,1,1,1,1,1,1,1,1,1,1,1,1,1,1,1,1,1,1,1,29,29,29,29,29,29,9,9,9,9,9,9,9,9,9,9,9,9,9,9,9,9,9,9,9,9,9
19,19,19,19,19,19,19,19
22,22,22,22,22,18,18,18,18,18,18,18,1,16,29,9,9,9,17,17,19,19,19,19,19,23,23,23
15,15,9,9,9,3,28,28,28,9,29,18
28
24,24,24,4,4,4,4,4,4,4,4,4,4,4,4,4,4,4,4,4
29,29,29,29,29,29,29,29,29,29,29,29,29,29,29,29,29,29,29,29,29,29,29
12
9,9,9,9,9,9,9,9,9,9,9
1,1,1,1,1,1,1,1,1,1,1,1,1,1,1,1,1,29,29,29,9,4,2,2,2,2,2,2,2,2,2,2,7,7,7,7,7,7,7,7,7,7,7,7,7,7,7,7
19,11,11,11,10,10,10,10,8,22,22,18,15,18,18,18,18,15,8,19
19,9,9,9,9,17,17,17,9,17,9,9,9,29,29,29,29,29,29,29,29,29,29,29,29,9,29,29,9,4,4,4,2,2,2,2,2,19,8,8,15,15,15,15,15
9
12,12
29,29
8
18
1
27
29,29,29,29,29,29,29
12
19,19,19,19,19,19,19,19,19,19,19,19,19,19,19,19
18
13
3
12
19
2
19
12
19
19
19
8
19
19
19
29
19
19
12
12
5
6,5
14
16
3,3
11,11,1
29
23,23,7
18
27,27,27,27
16,16,16,1,1,1,1,1,23,23,10
10
18
4
18
29
15
29
29,29
3
9
9,9
19
8
16
19,19
3
19
3,3,3,3,3,3,3,3,3,3
18,22,22,22,22,22,22,22,22
13
19,19,19,19,19
3,3
29,29
19
9
15,15,15
24,24,24,24,24,24,24,24,24,24
24,24,24,24,24,24,24,24,24,24,24,24,24,24,24,24,24,24,24,24,24,24,24,24,24,24,24,24,24,24,24,24,24,24,24,24,24,24,24,24,24,24
9,9,9,9,9,9,9,9,9,9,9,9,9,9,9,9
9,9,22
9,9,9,9
9,9,9,9
22,22,22,22,22,22,9,9,9,9,9
9,9,22
9,9,9,9,9,9,9,9,9,9
9,9,9
15,9
22,22
9,29,15,18
9,9,9,9,9,9,9,9,9,9,9,9
22
9,9,9,9
9,9,9,9,9
9
8,8,8,8,8,8,8,8
29,1,1,29,1,1
15,15,15,8,8,8,8
1,1,1,1,1,1,1,1,1,1,15
1
18
1,1,1,1,1,1
1,1,1,1,1,1,1,1
9,9,9,9,9,9,9
9,8,8
9,9,1,1,1
17,17
9
17,17,29
9
19,8
3,3,3
9,9,9,9,9,9,9,9
27,27,27,27
9,16,16,16,18
9,9,18,18,18,18
15
9
18,18
13,13,13
9,9,9,3,3,3,3,3,3,3,3,3,3,3,3,3,3,3
9,9,9,9,9,9,9
9,9,9,9,9,9
9,9,9,9,9,9
28,28,28,28,28,28,28,28,9,9,9,9,9,9,9,9,9,9,9,9,9,9,9,9,9,9,9,9,9,9,9,9,9,9
9,9,9
9,9,9,9,9,9,9,9,9,9,9,9,9,9
9,9,9,9,9,9,9,9,9,9,9,9,9,9,9,9,3,3,3
9,1
9,9,9,9,9,9,9,9,9,9,9,9,9,9
22,22,22,22,22,22,22,22,22,22,22,22,22,22,22
22,22,22,22,22,22,22,22
9,9,29
3,3,3
9
19,19,19
9
3,3,3,3
28,28,28,28,28
19,19,19,19,19,19,19,19,19,19,19,19,19,19,19,19,19,19,19,19,19,19,28,28,28,28,28,28,28,28,28,28,28
8
15
17
8
9,9,9,9,9
1
28
19
8
17,9,9,1,1
9,9,9,9,9,9,9,9,9,9,9,9,9,9,9,9,9,9,9,9,9,9,9,9,9,9,9,9,9,9,9,9,9,9,9,9,9,9,9,9,9,9,9,9
28,28,28,28,28,28,28,28,28,28
29
3,3,3,3,3,3,3,3,3,3,3,3,3,3,3,3,3,9
17,9
12
13,28,28,28,28,28,28,28,28,28,28,28,28,13,3,3,3,3
9,9,9,9,9,9,9
9
9
9,9,9,9,9,9,9,9,9,9,9,9,9,9,9
17,17,17,17,17,17,17,17,18
12,12,12,12
9
18,18,18,18,18,18,18,18,18,18,18,18,18,18,18,18,18,18,18,18
19
9,9,9,9,9,9
9,9,9,9,9,9,9,9,12,12
9,9,9,9,9,9,9,9,9,9,9,9
9,9,9,9,9,9,9,9,9,9,9,9,9,9,9,9,9,9,9
17,9,9,9,9,9,9,9,9,9,9,9,9,9,9,9,9,9,9,9,9,9,9,9,9,9,9,9,9,9,9,9,9,9,9,9,9,9,9,9,9,9,9,9,9,9,9,9,9,9,16,16,15,15,15,15,15
9,9,9,9,9,9
28
9,9,9,9,9,9,9,9,9,9,9,9,9,9,9,9,17,17,17,17,17
22
9,9,9,9,9,9,9,9,9,9,9,9,9,9,9,9,9,9,9,9,9,9,9,9,9,9,9,9,9
9,9
9,9,9,9,9,9,9,9,9,9,9,9,9,9,9,9,9,9,9,9
9,9,9,9,9,19,19
16,16
8,8,8,8,8,8,8,15,15,15,15,15,15
9,9,9,9,9,9,9,9,15,15,15,15,15,16,16,16,16,16,16,16,15,15
3,3,3,3,3,3,3
12,12,12
28,28,28,28,28,28,28,28,28,28
9,29,29,29,29,29,29,29,29,29,29,29,29,29,28,28,28,28,28,28,28,28,28,28,28,28,28,28,28,28,28,28,28,28,28,28,28,28,28
9,9,9
19,19,19,19
13,13,28,28,28,3,3,3,3,3,3,3,3,3,3,3,3,3,3,3,3
8,8,8
8,8
8
18,18,18
17,9,9,8
8
9,29,29,29,29,29,29,29,29,29,29,29,29,29,29,29,29,29,29,29,29,29,29,29,29,15,15,15,15,12,12,12,12
9,9
9,8
8,8
19,19,19,19,19,19,8,8,8,8
8,8,8,15,15,15,15,15,22,22,22,22,22,22,22,22,22
12
8,8,8,18,18,18,18,18,18,18,18,18,18,18,18,18,18,18,18,18,18,18,18,18,18,18
3
8,8,8
9
17,17,17,17,17
17,9,9,9,29,29
28
28,3,3,3,3,3,3,3,3,3,3,3,3,3,3,3,3,3,3,3,3,3,3,3,3,3,3,3,3,3,3,3,17,14,14,14,14
9,9,9,29
9
29
9,9,9,9,9,9,9,9,9,9
12,12,12,12,12,12,12
9,9,29,29
19
28
9,9,9,9,9,9,9,9,9,9,9,9,9
9,9,9,9,9,9,9,9,9,9,9,9,9,9,9,9,9
9,9,9,9,9,9,9,9,9,9,9,9,9,9,9,9,9,9,9
28,28,28,9,9,9,9
9,9,9,9,9,9,9,9,9,9,9,9,9,9,9,9,9,9,9,9,9,9,9,9,16,15
9,9,9,9,9,9,9,9,9,9
9,9,9,9,9,9,9,9,9,9,9,9,9,9,9,9,9,9,9,9,9,9,13,13
22,22,22,22,22,22,22,22,22
9,9,9,9,9,9,9,9,9,9,9,9,9,9,9,9,9,9,9,9,9,9,9,9,9,9,9,9,9,9,9,9,9,9,9,9,9,9,9,9,9,9,9,9,9,9,9,9,9,9,9,9
9,9,9
17,9,9,9,9,9,15
22,22,22,22,22,22,22,22,22,22,22
9,9,9,9,9,9,9,9,9,9,9,9,9,9,9,9,9,9
9,9,9,9,9,9,9,9,9,9,9,9
9,9,9,9,9,9,9,9,9,9,9,9
28,28,28,28,28,28,28,28,28,28,28
16,3,3,3,4,15
29,29,29,29,8,8,8,15,15,15,15,15,15,18,18,12,12,12,12,12
8,8,8
9,9,9,9,29
17,9,9,9,9,9,29,1,12
9,9,9,1,1,1
28,28,28,8,8,8,15,15
29,29,8,8,8,8,8,8,8,8,29,8,8,15,15,15,15,16,16
8,8,8,8
17,9,9
19,19,19,19,19,19
9,9,3
17,17,9,9
8,8,8
16,16,16,16,16,19
8,19,19,19,8,8,8,8,8,8,8,8,8,8,15,15,15,15,15,16,15,15,15
16
15,15,15,16,16,9,28,28,28,28,28,28,28
27,27,27,27,27,27,27,27,27,27,27,27,27,27,27,27,27,27,27,27,27,27
12
3,3,3,3
9,9,9,9,9,9,9,9,9
12
12,12,12,12
28,28,28,9,9
9,9,9
9,9,9,9,9,9,9,9,9,9,9,9,9,9,9,9,15,15
9,9,9,9,9,9,9,9,9,9,9,9,9,9,9,9,9,9,9,9,9,9,9,9,9,9,9,9,9,9,9,9,9,9,9,9,9,9,9,9,9,9,9,9,9,9,9,9,9,9,9,9,9,9,9,9,9,9,9,9,9,9,9,9,9,9,15,15,15,15,15,18,18,14,14,14,14,14,14,14,14,14,14,14,14,14,14
9,9,9,9,9,9
9,9,9,9,9,9
9,9,9,9,9,9,9,9
9,9,9,9,9,9,9,9,9,9,9,9,9,9,9,9,9,9,9,9,9,9,9,9,9,9,9,9,9,9,9,9,9,9,9,9,15,15,15,22,22,22,22,22,22,22,22,22,22,22,22
9,9,9
9,9,9,9,9,9,9,9,9,9,9,9,9,9,9,9,9
28,28,28,28,28,9,9,9,9,9,9,22,22,22
9,9,9,9,9,9,9,9,9,9,9,9,9,9,9,9,9,9,9,9,9,9,9,9
9,9,9,9,9,9,9,9,9,9,9,9
9,9,9,9,9,9,9,9,9,9,9,9,9
9,9,9
22,22,22,22,22,22,22
22,22,22,22,22,22,22,22,22,22,22
9,9,9,9,9,9,9
28,28,28,28,28,28,28,28
17,17,17,9,29,29,29,29,1,1,12,12,14
16,16,15
3
17,17,17,17,17,17,17,17,17,17,17,17,9,17,17,9,17,17,17,17,17,17,17,9,9,17,17,17,17,17,17,17,17,17,17,17,17,17,29,29,29,29,29,29,29,29,29,29,29,29,29,29,29,29,29,29,29,17,3,3
19,19,8
17,9,9
19,8,15,15
9,9,9,12,12,12,14
8,8,8,8,8,8,8,8,8,8,19,8,8,8,8,8,8,8,18,18,18,18,18,18,18,18
19,19,19,19
3,3
29,29,29
9,9,15,15,15,15,15,15,15,15,15,15,15,15,15,15,15,15,15,15
12
17,17,17,9,9,9,29,16
18,12
15,16,16,15,8,8,8,8,8,8,8,8,8,8,8
19,19
23,10,10,10,10,10,10,10,10,10,10,11,23,23,23,15,8,8,15,15,22,22,22,22,22,22,22,22,22
19
9,9,9
28,28,28,28,28,28,28,28,28,28,28,28,28
19,8
28
27,27,27,27,27
28,28,28,28
9,9,9,12,1,1
3
9,9,9,9,9,9,9,9,9
23
23
15
15
3
9
15
9
19
1
3
3
9,9,9,9,15,18
18
18
19
8,15,15
15,15,18,18
7
11
9,9,17
9,9,9,9,9,9,9,9,9,9,19
13
9
9
29
8,29,29,29,29,29,29,29,29,29,29,29,8,16,8,8,19,19,19,19,19,23,11,4,4,4
19
29
29,8
9
22
28
2,2
2
17
8,11,11,17,1,3,17,3
1
8
10
9,9
12
18,22
29
8,8,18,8
29,29
3
29,9
1,9,1
1
1
10
8,8,8,18
18
18,28,29
17
17
12
29,29
17
9
8
12
12,12,12,12
17
8
15
1,1,1,1,1,1,1,1,1,1,1,1,1,1,1,1,1,1,1,1,1,1,1,1,1,1,1,1,1,1,1,1,1,1,1,1,1,1,1,1,1,29,9,9,29,29,9,29,9,9,9,1,1
8,8,8
9
16,16,16,16,19
13
3
23
29,29,29,29,29,29,29,1,3
22,22
20
9,9
20
20
20
7
17
9,9
19,8
8,8,8,8,8,8,8,8,8,8,8,8,8,8,8,9,29,29,29,29,29,16,16,16,29,29,29,29,1,1,1,1,1,1,1,1,1,1,1,1,1,1,29,29,29,29,29,29,29,29,29,9,9,9,9,9,9,9,9,17,17,17,17,9,9,9,9,9,17,17,17,17,17,17,17,17,17,4,4,4,4,4,4,2,2,2,4,9,9,9,9,9,9,9,9,9,9,9,3,3,3,3,3,3,3,3,3,3,3,3,8,19,19,19,19,19,19,19
19,19,19
19
19,19,19,17,17,17,17,17,17,17,17,17,17,9,9,9,9,9,8,19,19,19,19,19,29,29,29,29,29,29
9,9,9,9,9,9,9,17,9,9,9,9,29,29,29,29,29,29,29,29,29,29,29,29,29,29,29,29,3,3,3,3,3,3,3,3,3,3,3,3,3,3,29,29,29,29,29,29,29,15,15,15,15,15,15,15,15,15,15,15,15,15,15,15,15,15,15,15,15,15,15,29,29,9,29,29,29,29,29,29,29,29,9,9,9,8,8,9,9,9,19,8
3
3,3,3,3,3
9,19,14,14
20
18,18,18,18,18,18,18
23,23,23
8,8,15,15,15,15,15,15,8
12,12
19,19
12,12
23,19
3,3
18,18,18,18,18
19,23,23,23,13,3,19,15,19,14,18
12,12,12,12
17,17
3,3,3,3,3,3,17,17,17,17,17,17
12,12,12
29,29,29,29
4
3,29
18,4
17,17
17
19
8
12,13
3,12,29,29,17,17
12,3,13
3
24,8,8,15,23,4,4,4,4,4,3
12,12
12
3,28
14
3
10
3
19
3,3,3,3,3,3,3,3,3,3
28
18,18,18,18,18
29
28,29,29,29,29
16,16,29,29
18
19
12,12,12,12,19
19
15,15,15,15,8,8
3,3,3,15,16,9,9,9,9,9,9
3
9,9,9,9,9,9,9
3,3
14,8
3,3,3,3,3,3,3,3
27
29
28,28,28
8
1
9,9,3
3,28
19
9
22
22
8,8,8
1,18
29,29
9,9,9,9,9,9,9,9,9,9,9,9,9,29,1,29,29,29,1,12
29
10
16,16
16
16
18
8,9,16,11
19
19
9
29
17
2,2,2,24,24,24,24,9,9,29,16,16,15,15,15,8,19,19,19
19,8,8,15,15,8,8,15,8,8,8,8,18,15,29,18
8,8,8,8,8,8,8,8,8
8,8,15
19
9,17
29
3
2
1
19,19,19,19
1
23
8,16
19
21,19
14
14
20
22
19
9
12,1
29,29,29,8,8,8,8,8
9
1,1,9,4,4,2
14
15
11,11,11,11,4,4,11
9,9,9,9,9,9
3,13
29
9,9,9,9,9,9,9,9,9,3,3,3,3,3
15,15,9,9,9,9,9,29
15
12,12,3,3,3,19
22
29,29,29,29,29,29,29,29,29,29,29,29,29,29,29,29,29,29,29,29,29,29,29,29,29,29,29,29,29,29
29
29
22
23
10,23,23
25
14
18
9,9,9,9,9,9,9,9,9,9,9,9,9,9,9,9,9
9,9,9,9,9,9,9,9,9,9,9
29,29,29,29,29
10,10,10,10,10,10,10,10,10,10,10,10,10,10
9,9,9
17,17,9,9,9,9,9,9,9,9,9,9,9,9,9,9,9,9,9,9,9,9
9,9,9,9,9,9,9,9,9,9,9,9,9
29,29,15,8,8,8,8
29,29,19
2
29,29
23
4
4,4,4,4,4,4,4,4,4,9,4,4,4,4,4,4,4,4,4,4,4,4,4,4,4,4,4,4,4,9,9,9,9,9,9,9
9
18,18,18,18,18,18,18,18,18,18,18,18,18,18,18,18,18,18,18,18,18,18,18,18,18,18,18,18,18,18,18,18,18,18,18,18,18,18
9
11,11
9
19,19,19,19,19,19,19
18,1
21,21,21,21,21,21,21
17,3
29
29,29,29,29
2,29,9
7,7
9,29,29,9,19,29,9,29,8,18
29,29,29,29
13,13,13,3,3,3,3,3,3,3,3,3,3,3,3,3,3,3,3,3,3,3,3,3,3,3,3,3,3,3,3,3,3,3,3,3,3,3,3,3,3,3,3,3,3,3,3,3,3,3,3,3,3,3,3,3,3,3,3,3,3,3,3,3,3,3,3,3,3,3,3,3,3,3,3
13,13,13
28
22,22,22,22,22,22
12,12
17
28,28,28,28,28,28,28,28,28,28,28,28,28,28,28,28,28,28,28,28,28,28,28,28,28,28,28,28,28,28,28,28,28,28,28,28,28,28,28,28,28,28,28,28,28,28,28,28,28,28,28,28,28,28,28,28,28,28,28,28,28,28,28,28,28,28,28,28,28,28,28,28,28,28,28,28,28,28
3,3,3,3,3,3,3,3,3,3,3,3,3,3,3,3,3,3,3,3,3,3,3,3,3,3,3,3,3,3,3,3,3,3,3,3,3,3,3,3,3,3,3,3,3,3,3,3,3,3,3,3
18,18,18,18,18,18,18,18,18,18,18,18,18,18,18,18,18,18,18,18,18,18,18,18,18,18,18,18,18,18,18,18,18,18,18,18,18,18,18,18,18,18,18,18,18,18,18,18,18,18,18,18,18,18,18,18,18,18,18,18,18,18,18,18,18,18,18,18,18,18,18
19
18,18,18,18,18,18,18,18
28
13,29
13
19,12,12
17,24,24,7
3,3,29,29
29,16,29,29,29,29,29,29
3
3
13
8,15,8,15,15,15,18,18,18,17,17,17,17,17,17,17,17,8,8,8,8
14,14,14,14,14,14,14,14,14,14,14,14,14,14,14,14,14,14,14,14,14,14,14,14,14,14,14,14,14,14
29,29,29,9
14
17,17,17
19
17,17
2,24
18
18,18,18,18
1,1,12,12,12
9
12
9
11
1,1,1
1
9
1
29,9,19
3,3,3,4,7,7,7,7,23,10,11,23
9,9,9,9,9,9,9,9,4,4,4,4,4,2,2,2,4,9,9,9,8,8,18
20,20,20,20,20,20,20,20,20,20,20,20,20,20
9
20,20,20,20,20,20,20,20,20,20,20,20,20,20,20,20,20,20,20,20,20,20,20,20,20,20,20,20
18,18,18,18,18,18,15,18,15,15
10,10,23
10
10,10,11
8,16,15,15,15
20
29,29,29,29
15
29
1
1,1
18,18,18,18,18,2,2
18,9
19
15
8,8,8,15,15,15,29,29,29,29,29,29,29,29,29,29,29,29,29,29,29,29,1,1,1,1,1,1,1,1,1,1,1,1,1,1,1,1,1,29,29,29,29,9,29,29,29,1
8,8,8,8,8,8,8,8
1,1
3
8
18
24,24,24,24,24,24,24,24,24,24,24,24,24,24,24,24,2
8,8
29
1,1,1,1,1,1,1,1,1,1,1,1,1,1,1,1,1,1,1,1,1,1,1,1,1,1,1,1,1,1,1,1,1,1,1
3,3,3,3,3,3,3,3,3,3,3,3,3,3,3
3,3,3,3,3,3,3,3,3,3,3,3,3,3,3,3,3,3,3,3,3,3,3,3,3,3,3,3,3,3,3,3,3,3,3,3,3,3,3,3
16,16,16,16,4,4,4,4,2,17,9,9,9,1,1,1
10,10,11,11,11,11,11,11,11,23
7,7,7,7,7,7,7,7
19,9,9,9,9,9,9,29,29,1,1,1,1,1,1,9,4,4,2,2,2,23,23
28,28,28,28,28,28,28,28,28
28
28,28,28,28
28
1,1,29,2,4,2,2,4,23
3
1,11,15,18
3
29
12,12
20
29
16
29
3
12
18
15
9,9,9,3,3,29,29,29
23,11,11,19,4,2,4,4,4
9,3,3,3,3,3,3,3,3,3,3,9,9
1,1
28,28,28,28,28,28,28,28,28,28,28,28,28,28,28,28,28,28,28,28,28,28,28,28,28,28,28,28,28,28,28,28,28,28,28,28,28
29
1,1,1,1,24,7,7,7,7
7,7,7,7,7,7,7,7
12,12,12
12,12,12,12,12
12,14,14
13,13
14,14,14
13,12
29
12,12,1,1,1,1,29,29,29,9,9,8,8,15,15,15,18,18,18,18,18,18,18,18,18,18,18,18,1,1,1,1,1,1,1,1,1,1,1,1,1,1,1,1,1,1,1,1,1,1,1,1,1,1,1,1,1,1,1,1,1,1,1
8,8,8,8,8,8,8
8,8
1,1,1,17,17,9,9,9,9,9,9,9,9,9
2
8
28,28
29,9,9,9,9,9,19,19,23,11,11,11,11,10,10,10,7,7,7,7,7,7,7,7,7,7,7,7,7,7,7,7,7,7,7,7,7,7,2,19,16,16,15,15,9
15
29
7
7,7,7,7,7,7,7,7,7,7,7,7,7,7,7,7,7,7,7,7,7,7,7,7,7
9
9,8,8
23,2,2
19,29,1,1,1,1,1,1,1,1,1,1,1,1,1,29
15
2,4
9
3
14
1
19
29,29,29,29,29,29,29,29,29,29,29,29,29,29,29,29,29,29,29,29,29,29,29,29,29,29,29,29,29
4
24,24,24,24,24
9
28
9,9,29,3,3,3,3,15
11
1
23
8
2
18,18,9
29,18
1,29
10,10,10,10,23,23,23,23,23,10,11,11,11,11,11,10,10,10,10,10,10,10
11,11
3,3,3
23,10,10,10,10,10,11,11,11,11,11,11,11,10,10,10,11,11,11,11,23,23,23,23,23,23
28
28,28,28,28
29,29
13
13
18,18,8
13
7
18,18
28
23
22
28,28
9
21,21,21,21
20,20,20,20,20
4,4,4,4,4
4,4,4,2,2,2,4
1,1
4
1,1,1
29
7
13,13
20,20,20,20,20
29,29,29
27
3,3,19
9,17
18
18,18,18,18,18,18,18,18
29
9,9
1
8,19,1
1,1
1,1,9,9,12,1
9,9,9,9,9,9,28,28,28,28
9
23,3,3,3,3,3,3,29,1,9,4
1,16,8,16,16,16,16,29
29,8,16
10
8,8,16,19,15,29,15
10,10,10,11,11,10,10,10,10,23,23,19,19,9,9,9,9,9,9,9,9,9,9,9,9,9,17,9,9,9,9,9,3,3,3
1,1,1,1,8
9,9,9,9,9,9
18,15,15,15,8,8,8,8,1,1,1,1,1,1,1,1,1,1,1,1,1,1,1,29,29,4,4,4,4,4,4,2,4,4,19
7,23,11,15
15,15
1,29,1,1
12
9,17,29,29,29,29,8,29,29,10,9,29,29,29,29,29,29,29,29,29,29,29
28,9,9,9,1,1,1,1,16,8,15,15,15,8,29,19,8,19,8,8,8,8,10,10,2,4,11,11,23,8,29
10,11,4,4,4,2,2,2,2,2,2,2,2,2,2,2,2,2,2,2,2,2,2,2,2,2,2,2,2,4,29,1,16,8,1,18,1
10,19,9,9
9
22
29
29,29,1,1,1,1,1,1,1,18,9
17,9,9,9,10,10,10,10,10,10,10
1
15
8,8
3,3,3,3,3
19,19
15
18
18
8
19
29,29,29
29,29,29
29,29,29
18,18,18
18,18,18,18,18,18,18,18,18,18,18,18,18,18,18,29,29,29,29,29,29,29,29,29,29,29,29,29,29,29,29,29,29,29,29,29,29,29,29,29,29,29,9,9,9,9,9,9,9,4,4,4,4,4,10,10,10,10,10,10,10,10,10,3
29,29,29,29,9,9,9,17,3,3,3,3,3,3,3,3,3,3,3,3,3,3,28,28,28,28,28,28,15,15,15,15,15,22,22,18,18,18,22,22,22
29,29,29
1
5
7
29,29,1
12
1
9,17,9,9,17
1
9
29
17
10,10,10,23,13
20,20
29,28,28,28,28,3
7,7,9,9,15,8,8,8,19
8,8
1
23
9,9,9,29,9
3,3,3,3
1,1,1,1,29,29,29,29,29,29,29,29,29,9,9,9,9,9,9,9,9,4,4,4,23,23,19,19,2,2,4,17,29,29,18,18,18
17,28,29,29,1,1,1,1,1,16,1,1,1,1,1,1,1,1,1,1,1,1,1,1,1,1,3,3,3,3,3,3,3,3,3,3,3,3,3,3,3,4,4,4,4,4,4,4,4,4,4,4,4,4,4,4,4,4,4,4,4,3
9,29,1,1,1,1,1,1,1,1,1,15,15
29,29,29,3,3,3,3
1
3
1
9,9,24
28,22,19,29,9
23
15,19,9,9,29,29,1,1,1,1,1,1,1,29
9,9,9,29,29,29
9,9
19,23,11,11,11,11
8
3,13,3,3,13,3,3,3,3
29,1,9,9,17,29,1,19,16,29,29,29,29,29,29,3,3,13,13,13,13,13,3,3,3
12,12,12,12,12,9,9,9,9,28,28,13,3,13,13,13,13,13,13,13,13,13,13,13,13,13,13,13,13,13,13,13,13,13,13,13,13,13,13,13,13,13,13,28,19,19,19,13,13,3,3,3,3,3,3,3,3,3,3,3,17,3,3
11
11,11,11,11,11,11,11,11,11,11,23,23
28,23,10,10
9
7
29,29,29,29,1,1,1,1,1,1,1,29,9,8,9,9,9,29,29,29,29,29,29,29,9,9,9,9,9,9,4,4,4,4,4,4,4,4,4,4,4,4,4,4,4,19,19,19,19
19,19,19,19,19,8,8,8,8
19,19,19
11
8
20,20,20,20,20,20,20,20,20,20,20,20,20
8,8,8,8,8,8,8,8,8,8,8
8
20,20,20,20,20,20,20,20,20,20,20,20,20,20
8,8,8,8,8,8,8
20,20,20,20,20,20,20,20,20,20,20,20
20,20,20,20,20,20,20,20
20,20,20
20,20,20,20,20,20,20,20,20,20,20,20,20,20,20,20,20,20,20,20,20,20,20,20,20,20,20,20,20,20,20,20,20,20
8,8,8
18,18,18,18,18,18,18
18,18,18,18,18,18,18,18,18,18,18,18,18,18,18,18
8,8,8,8
20,20,20,20,20,20
19
8
20
20
20,20,20,20,20
20,20,20,20,20,20,20,20
8
20
3
20,20,20,20,20,20,20,20
15,15,15,15,15,15,15,15,15,15,15,15,15,16
18
9
1
9,9
24,4
1,29,2,2,2,15
17,9
29
1
1
4
24
20
29
29
18,17,17,24,4,19
11
11
16
1,1,1
15,8,9
24,24,4,4,11,11,23
1,1
1,1,29,29,29,29,29,29,29,29,29,29,29,29,3,3,3,3,3,3,3,9,29,29,29,29,29,23,11,11,11,11,11,1,1,29,1
2
15,15,15,15,15,15,15,15,15,15,1,1,1,1,1,29,29,29,29,29,29,29,9,9,9,9,9,9,9,9,9,9,9,9,9,9,9,9,9,9,9,9,9,9,9,9,9,9,9,9,9,9,9,9,9,9,9,9,9,9,9,9,9,9,9,9,9,9,9,9,9,9,9,9,9,9,9,9,9,9,9,9,9,9,9,9,9,9,9,9,9,9
2,2,2,3
16,8
1
19,19,19,19,19,19,19,19,19,19,19,19,19,19,19,19,19,19,19,19,19,19,19,19,19
19,19,19
19,19
19,19
29,29,1
23,23,23,23,23,23
18,8,8
1,1,1,1,1,1,15
28,28,28,28,28,28,28,28,28,28,17
15,15
2,2
2
15,15
29,29,29,29,9
19
13,9,9,29
3,3,4
29,3,9
18,11
13,13,13,13
13,13,13,13,13,13,13,13,13,13,13,13,13,13,13,13,13,13,13,13,13,13,13,13,13,13,13
13
13,13,13,13,13,13,13,13,13,13,13,13,13,13,13,13,13
1,12
7,7
2
8
15,15
4,11,11
18
11
9
9,9,29,29
9,9,9
9,9,9,9,1,1,14,14
9,9,9
9,9,9,9,9,9,9
15,15,15,15
29,29,29,29,29
15,15,15,15,15,15,15,15,15,15,15,15
15,15
15,15,15,15,15,15,15,15,15,15,15
15,15,15,15
15,15,15,15,15,15,15
15,15,15,15,15,15,15,15
15,15,15,15,15,15,15,15,15,15,15,15,15,15,15,15,15,15,9,9,15,12,12
15,15,15,15,15,15,15,15,15,15,15,1,1
1,1,1,1,1,1,1,1,1,1,1,1,1,1,1,1,1,1,1,1,1,1,1,1,1,9,9,9,9
3,3,3,3,3,3,3,3,3,3,3,3
20,20,20,20,20,20,20
1
9,9,9,9,9,9,9,9,9,9,9,23,23,23,15,15,15,15,15,15,15,15,15,15,15,15,15
9,9,9,9,9,9,19,19,19,15,15,15,15,15,15,15,15,15,15,15,15,15,15,15,15,15,15,15,15,15,15
18,18,15,15,18,18,18,18,18,18,18,18
18,18,18,18,18,18,18,18,18,18,17,17,17,15,3,3,3,15,18,18,15,18,18,15,15,15
3,3,3,19,19,18,18,18,18,18,18,18,18,18,18,18
4,4,24,24,24,24,4,24,24,24,24,24,4,4,4,4,24,4,4,4,4,24,24,24,4,9,18,18,18,18,18,18
24,24,24,4,11,11,11,11,11,23,23,23,23,23,23,23,23,23,23,23,15,15,15
23
15,15,15,15,15,15,15,15,15,15,15,15,15,20,20,20,20,20,20,20
9,9,9
15,15,15,15,15,15,15,15,15,15,15,15,15,15,15,15,15,15,15,15,15,15,15,15,29,9,9,9,9,9,9,9,9,29
9
9,9
9,9,9,9
9,12,9,9,9,9,9,9,9
9,9,9,9,9,9
3,3,9,9
3,9,9,1,1,9,9,9,9,9,9,9,9,11
9,9,9,9,9,9,9,9,17,17,17,17
3,3,3,3,3,3,3
18
18,18
8,8
18,9,9
15,15
20,20,20,20,20,20,20,20,20,20,20,20,20
12,12
9,9,9,9,9,9,9,9
9,9,9,9,9,9,9,9,9,9
9,9,9,17
3,3,3,3,3,3,3,3,3,3,3,3,3,3,3,3,3,3,3,3,3,3,3,3,3,3,3,3,3,3,3,3,3,3,3,3,3,3,3,3,3,3
3,3
15,15,15,15,9
20,20,20,20,20,20
9,9,9,9,9
9,9,9,9,9,9,9,9
9,9,9,9,9,9,9,9,9
9,9,9
18,18,18
15,15
9
9,9,9,9
9,9,9,9,9,9,9,9
9,9
9
9,9
9,9,9,9
1,1
23
11,10,10,10
7,7,7,7,7,7,7,7,7,7,7
3,3,3,3,3
17,17
17
17,17,17,17,17,17,17
29,29
29,29
13,28
13,13,28
15
3,16,16
29
3,3,3,3
8
3,3,3,3,3,3,3
1,1
3
28,28,28,28,28,28,28,28,28,28,28,28,28,28,28,28,28,28,28,28,28,28,28,28,28,28,28,28,28,28,28,28,28,28,28,28,28,28,28,28,28,28,28,28,28,28,28,28,28,28,28,28,28,28,28,28,28,28,28,28,28,28,28,28,28,28,28
8,8,8,8,8,8,8
11,11,11,3,3,9,10
23
23,23,23,23,23
16,1
11
8
8,9
14
3,3
22
23,23,23,23,23,23,23,23
23,23,23
12,12
18
12,12
12,12
8
22
18,18,18,18,18
9
20,20,20
18,18
29
7
12
29
6
21,21,21,21,21
12
8,8,8,8,8
8,19,19
28
9
13
9,17,17,9,9,9,9,3,3,3,3,3,3,3,3,3,3,3,3,3,3,3,3
29,29,29,29,29,29,29,29,29,9,17,3,3,3,3,3,3,3,3,3,9,29,29,9,29,29,29
9,9,7,7,7,7,7,4,4,11,23,10,23,23,10,10,11,23,11,11
29
29
4,4,4,4,4,4,4
9
9
1,29
2,2,2,2,2,2,10,10
3
19,9
19
19,19,19,23,23,11,10,10,10,11,23,23,19,19,29,29,29,29,16,15,19,19,19,19,19,19,19,19,19
29,29,1,1,1,1,1,29,29,29,19,19,19
4,24,2,2,19,19,18,15,8,8,19,19
18,3,4,24,4,19,19,8,29,16,3,3,3,3,3,3,3,3,3,3,3,3
20
29,9,1,29,29
12,29,29,17,17,9,9
3,3,3,3,3,3,3,3,3,3,3,17,15,15,15
22
9
1,1,1
9,9,9,9,9
9,9,9,9,9,9
1,1,1,1
9,9,9,9
1,1
1,1,1
29
8,8
10,4
23
3,3,3
6,18,29
15,22,22,22,22,22,22,22,22,22,22,15,15,15,15,15,15,16,16,29,29,29,9,9,9,9,9,29,29,29,1,1
3,3
24,24,24,24,24,24,1,1,1,1,24,24,24,24,24,24,24,24,24,24,24,8
3,3,3,3,3,3,3,3
29,29,29,29,29,29,29,29
19,9,28,28,28,28,28,28,28,28,28,28,28
28,28,28
13
3
8,12
18
10,10,10,10,10,10
29
16
9
9
8
8
8,8
1,1,8,1
28,28
12,12
4,4
12,12
15
12
19,19
17
15,15,15
17
28
19
18
13
9,9
22
3
12
3
3
13,13,28,13,13,13
3
22
28,28,28
28,28,28,28,28,28
8
9
3
1,1
1
3
19
9,13,13,13,13
15
12,12,12
3
4
8
23
16
4
19
18
17
22
19
8,11,12,12
13,13
13
15
19,19,19,19,19,19
9,9
13,13,13,13
9,9,9,9
2
12,12
11,11,11
8,15,15,15,8,15,15,8,8,8,16,16,15,15,16,29,29,29,29,29,29,29,29,29,29,29,29,9,9,9,9,9,15,15,15,8,8
29,29,29,29
4,4
9,9,9,9,9,9,9,9,9,9,9,9,9,9
19
1,19
29,29,29,29,29,29,29,29,29,29,29,29,29,29,29,29,29,1,29,29,29,29,29,29,29,29,29,29,29,9,9,9
4,4,2,2,2,2,4,4,4,24,24,24,24,24,24,4,4,23,19,23,23,23,23,23,10,10,10,10,10,10,10,10,10,10,10,10,10,10,10,10,10,10,11,11,11,11,11,11,11,11,11,11,8,8,8,8
1,1,1
8,8,8,8,8,8,8
4,9,9
28
20
9,9,9,9,9,9
15,15,15,15,15,8
20,20,20
15
21
25,19
8,8,8,8,8,15,15,15,15
29,29,1
28
10
15,15,15,15,15,15,8,8,8,8,8,19,19,19,19,19,19,19,19,19,19,8,8,8
19,19,19,19,8,8,8,9,9,18,18,18,18,18,18,18,15
24,24,24,24,7,7,7,7,7,7,7,7,7,7,7,7,2,2,2,2,2,2,2,2,2,2,2,2,2,2,2,2,2,2,2,2,2,2,2,2,2,2,2,2,2,2,2,2,2
1,1,1,1,1,1,1,1,1,29,29
7,19
2
29
11
1,1,1,1,1,1,1,1
3
17,17,17,17,19,19,19
14,14,14,14,14
14,14,12,12,12,12,12,12,12,12,14,14,14
15
1,1
15,15,15,15
15,15
1
17
13,28
17
13,13,13,13,13,13,13,13,13,13,13,13,13,13
13,13,13,13,13,13,13,13,13,13,13,13,13,13,13,13,13,13,13,13
17,17
17,17,17,17
17
17,17,17,17
13
17,17,17
17
17,17,17,17,17,17
28,28,28,13,13,13,13
17,13,13
28
28,28,28,28,28,28,28,28,28,28,28,28,28,28,28,28,28,28,28,28,28,28,28,28,28,28,28,28,28,28,28,28,28,28,28,28,28,28,28,28,28,28,28,28,28,28,28,28,28,28,28,28,28,28,28,28,28,28,28,28,28,28,28,28,28,28,28,28,28,28,28,28,28,28,28,28,28,28,28,28,28,28,28,28,28,28,28,28,28,28,28,28,28,28,28,28,28,28,28,28,28,28,28,28
13
17,17,17
17,17,17,17,17,17,17,17
13,13,13,13,13,13,13,13,13,13,13,13,13,13,13,13,13
17,17,17,17,17,17,17,17,17,17,17,17,17,17,17,17
28
17,17,17,17
17
3,3,3,3,3,3
17,13,13
13,13
13,13,13,13,13,13,13,13
13
17,13,13,13,13,13,13,13,13
13,13,13,13,13,13,13,13,13,13,13,13,13
13,13,13,13,13,13,13,13,13,13,13,13
3
17,3,3,3
17,17,17,17
17,17,13,13
17,17
17,17,17,17,17
28,28,28,28,28
13,13,13
13,13,13,13,13,13,13,13,13,13,13,13,13,13,13,13,13,13,13,13,13,13,13,13,13,13,13,13,13,13,13,13,13,13,13,13,13,13,13,13,13,13,13,13,13,13,13,13,13,13,13,13,13,13,13,13,13,13,13,13,13,13,13,13,13,13,13,13,13,13,13,13,13,13,13,13,13,13,13,13,13,13,13,13,13,13,13,13,13,13,13,13,13,13,13,13,13,13,13,13,13,13,13,13,13,13,13,13,13,13,13,13,13,13,13,13,13,13,13,13,13,13,13,13,13
13,13,13,13,13,13,13,13,13,13,13,13,13,13,13,13,13,13,13,13,13,13,13,13,13,13,13,13,13,13,13,13,13
13,13,13,13,13
13
17
13
29,29,29
28,28
29
28,28,28
13
18,18
18,18,18,18,18,18,18,18,18,18,18,18,18,18,18,18,18,18,18,18,18,18,18,18,18,18,18,18,18,18,18,18,18,18,18,18,18,18,18,18,18
13
28,28,28,28,28
13
17
3
28
13,13,13,13,13,13
3,28
13,13,13
17
28,28,28,28,28,28,28,28,28,28,28,28,28
13,13,13,13,13,13,13,13,13,13,13,13,13,13,13,13,13,13,13,13,13,13,13,13,13,13,13,13,13,13,13,13,13,13,13,13,13,13,13,13,13,13,13,13,13,13,13,13,13,13,13,13,13,13,13,13,13
28
13,13,13,13,13,13,13,13,13,13,13,13,13,13,13,13,13,13,13,13,13,13,13,13,13,13,13,13,13,13,13,13,13,13,13,13,13,13,13,13,13,13,13,13,13,13,13
3,3,3,3,3,3,3,3,3,3,3,3,3,3,3,3,3,3,3,3,3,3,3,3,3,3,3,3,3,3,3,3,3,3,3,3,3,3,3,3,3,3,3,3,3,3,3,3,3,3,3,3,3,3,3,3,3,3,3,3,3,3,3,3,13,13,13,13,13,13,13,13,13,13,13,13,13,13,13,13,13,13,13,13,13,13,13
13,13,13,13,13,13,13,13,13,13,13,13,13,13,13,13,13,13,13,13,13,13,13,13,13,13,13,13,13,13,13,13,13,13,13,13,13,13,13,13,13,13,13,13,13,13,13,13,13,13,13,13,13,13,13,13,13,13,13
3,3,3,3,3,13
17,17,17,17,17,17,17,17,17,17,17,28,28,28,28,28
13,13,13,13,13,13,13,13,13,13,13,13,13,13,13,13,13,13,13,13,13,13,13,13,13,13,13,13,13,13,13
29
13,13,13,13,13,13,13,13,13,13,13,13,13,13,13,13,13,13,13,13,13,13,13,13,13,13,13,13,13,13,13,13,13,13,13,13,13,13,13,13,13,13,13,13,13,13,13
17,17,17,17
13
17,17,17,17,13
17,17,17,28,28
13,13,13,13
13,13,13,13,13,13,13,13,13,13,13,13,13,13,13,13,13,13,13,13,13,13,13,13,13,13,13,13,13,13,13,13,13,13,13,13,13,13,13,13,13,13,13,13,13,13,13,13
17
13,13,13,13,13,13,13,13,13,13
29,29,29,29,29,29,29,29,29,17,17,17
3,3,13
13,13,13,13,13,13,13,13,13,13,13,13,13,13,13,13,13,13,13,13,13,13,13,13
13,13
13,13
3,13
13,13
13
3
3,3,3
3,3,9,29,9,10,10,10,10,10
15,9
18
9
8
1,1,1,1,1,1,1,1,1,1
1,1,1
18
3
17
17,17,17,17,17,29
9,9,9,17,17,17,9,17
29
29
13
12
1,9,15
9,9,29,19
28
1,1,29,19,19
29,17,9
1,29,1,1,1,1,1,29,29,1,1,1,1,1,1,1,1,1,1,1,1,1,1,1,1,1,1,1,1,1,1,1,1,1,1,1,1,1,1,1,1,1,1,1,1,1,1,1,1,1,1,1,1,1,1,1,1,1,1,1,1,1,1,1,1
13,3
6
7
18,29,29,8,8,12,12,18,18,1,1,29,9,9
15,9,29,29,29,29,29,29,29,29,29,29,29,29,29,29,29,29,29,29,29,29,29,29,29,29,29
1
17
18,1,1,1,1,1,1
29
8,15
1,1
29
8,8
10,10
9
9
15
22
8,15
8
1,15,8,15,15,8,8,8,8,8,1,1,1,1,1,1,1,1,1,29,29,1,1,1,1,1,1,1,1,1,1,1,1,1,1,1,1,1,1,1,1,1,1,1,1,1,1,1,1,1,1,1,1,1,1,1,1,1,1,1,1,1,1,1,1,1,1,1,1,1,1,1,1,1,1,1,1,1,1,1,1,1,1,1,1,1,1,1,1,1,1,1,1,1,1,1,1,1,1,1,1,1,1,1,1,1,1,1,1,29,29,29,1,29,29,29,29,29,29,29,19,19,19,19,19,19,19,19
8,8,1,12,12,12,1,1,1,1,1,1,1,1,1,1,12,29,3,3,28,17,17,17,17,4,4,4,4,4,1,1,1,1,1,2,2,2,2,2,2,19,19,8,8,8,8,8,8,8,8,8,19,8,17,17,17,17,17,17,17,3,3,3,3,3,3,3,3,3,3,3,3,3,17,19,19,19,12
19,8,8,8,8,8,19,19,19,19,1,1,15
19,19
15,15,19,22,8,8,15,19,15,19,27,1,19,1,1,1,1,29,3,2,2,2,10,9,27,27,9,9,17,17,17,19,19,19,19
19,19
15,8,8,8,29,29,29
20,20,20,20,20,20,20,20,20,20,20,20,20,20,20,20,20,20,20,20,20,20,20,20,20,20,20,20,20,20,20,20,20,20,20,20,20,20,20,20,20
19,19,19,19,19,19
19
19,19,19,19,19,19,19,19
4,4,4,4,4,4,4,4,4,4,4,4,4,4,4,4,4,4,4,4,4,4,4,4,4,4,4,4,4,4,4,4,4,4,4,4,4,4,4,4,4,4,4,4,4,4,4,4,4,4,4,4,4
1,1
10,11
17
10,11,11,10
3,3,3
9,9,9,9,9,9
3,3,3,3,3,3
19
1
16
3
17
18,22
15
3
29,15
16
29
8,3
3
8
18,18,18
15
15
18
15
12
29
18,16
18
8
29
1
12
12
8
29,29,29,29
15
15
29
18
19,19,19
8,8,8,15
18,18,18,18,18,15,15,15,15,15,15,15,15,8
14
1,1
27,27,27
15,15,15
12,12,12,1,29,9,9,9,9,4,4,4,4
18,18,18,18,27,27,27,27,22
27,27,27,27,27
19
14
14
9,17,17,9,9,9,17,9,9,9
16,16,16,16,16,16,16,16,16,16,16,16,16,16,16,16,16,16,16,16,16,16,16,16,16,16,16,16,16,16,16,16,16,16,16,16,16,16,16,16,16,16,16,16,16,16,16,16,16,16,16,16,16,16,16,16,16,16,16,16,16,16,16,16,16,16,16,16,16,16,16,16,16,16,16,16,16
19,19,19,8,8,8,8,8,8,8,8,8,8,8,8,8,16
16,16,16
22
18
1,1,1,1,1,1,1,1,1,1,1,1
11,9,9,17,17,17
8,11,1,1,1,1,1,1,1,1,1,1,1,1,1,29,29,3,3,3,3,3,3,3,3
9
19,19
21
18
15,19,29,29
10
29
15,15,15
20,20
19,19
19
19
19
29
28,28,28,3,3
12
19
19
19,19
28
29
16
19
18
3
29,1
29,29,29,29
14,14,14,14,14,14,14,14,14,14,14,14
14,14,14,14,14,14,14,14,14,14,14,14,14,14,14,14,14,14,14,14,14,14,14,14,14,14,14,14,14,14
14,14,14,14,14,14,14,14,14,14,14,14,14,14,14,14,14,14,14
14,14,14,14,14,14,14,14,14,14,14
1,1,1
9,9,9,9,9,9,9,9,9,9,9,9,9,9,9,9,9,9
9,9,9
9,9,9,9,9,9,9
9,9
18,18,18
18
18,8,8,8,8,8,8,8,8,8,8,8,8,8,8
10,11,11,4,9,29,1,9,9,9,17,29
28
3
1
3
3
17
17
22
21,21,21,21,21,21,21,21
21
21,21,21,21,21
21,21,21,21,21
21,21,21,21,21
21,21,21,21
11
8,9,9
28
9,9,9,9,9,9,9,9,9,9,9,9,9,9,9,9,9,9,9,9,9,9,9
29,29,29,29,29,29,29,29,29,29
29,29,29,29,29
9,9,9,9,9,9,9,9,9,9,9,12,12,12,12,12,12
2,29,29
9
29
20
5
28
1
9
8
9,9
4
23
8
18
23,19,1
29
3
9
9
9
18
27
29
3
9
29
18
29,29,29
18
1
12
8
2
3
18
9
17
15
9
3
8
8,8,8
1,29,29,9,9,9,9,9,29,29,29,9,9,9,9,3
29,3,9,17,17,17,17,3
19
3,3,28,28,28,28,28,28,28,28,28,28,28,28,28,28,28,28,28,28
28
28
18
22,22,22,22,22,22
4,4,24,4,4,4,4,4,24,24,24,24,24,24,24,24,4,4,4,4,4,4,4,4,4,4,4
20,20,20,20,20,20,20,20,20,20,20,20,20,20,20,20
17,9
9
4,4,4,4,4,4,4,4,4,4,4,4
21
9
4,4,11,11,11,4,4,4,4,4,24,24,4,4,4,4,4,4,10,10,10,10,10,10,10
8,19,8,8,8,8
1,12,12,12,12,12,12,12,12,12,12,12,12,12,12,12,12,12,12,12,12,12,12,12,12,12,12,12,12,12,12,12,12,12
3,3,3,3,3,3,3,3,3,3,3,3,3,3,3,3,3,3,3,3,3,3,3,3,3,3,3,3,3,3
17,17,17,17,3,3,3,13,13,3,28
3,3,3,3,3,3,3,3
3,3,3,3,3,3,3,3,3,3,3,3,3,3,3,3,3,3,3,3
9,9,9
19
19
9,9,9,9
4,4,4,4
4,15
9,17
8,9,9,9,9,9,29,29,1,1,1,1,1,1,1,1,1,1,29,29,29,1,23,2,2,2,4,4,4,4,4
1,1,1,1,1,1,1,1,1,1,1,1,1,1,1,1,1,1,1,1,1,1,1,1,1,1,1,1,19,19,8,8,8,8,8,8,8,8
19
28
19,19,8,8,8,16,8,15,15,15,1,9,9,9
21,21
9,9
29,29,29,9,29,29,29,29,29
18
9
29,29,29,29,29
29,29,29,29,29,29
29,29
29,29,29,29,29,29,29,29,29,29,29,29,29,29,29,29
29,29,29,29
12,12,12,12,12,12,12,12,12,12,12,12,12,12,12,12,12,12,12,12,12,12,12,12,12,12,12,12,12,12,12,12,12,12,12,12,12,12,12,12,12,12,12,12,12,12,12,12,12,12,12,12,12,12,12,12,12,12,12,12,12,12,12,12,12,12,12,12,12,12,12,12,12,12,12,12,12,12,12,12,12,12,12,12,12,12,12,12,12,12,12,12,12,12,12,12,12,12,12,12,12,12,12,12,12,12,12,12,12,12,12,12,12,12,12,12,12,12,12,12,12,12,12,12,12,12,12,12,12,12,12,12,12,12,12,12,12,12,12,12,12,12,12,12,12,12,12,12,12,12,12,12,12,12,12,12,12,12,12,12,12,12,12,12,12,12,12,12,12,12,12,12,12,12,12,12,12,12,12,12,12,12,12,12,12,12,12,12,12,12,12,12,12,12,12,12,12,12,12,12,12,12,12,12,12,12,12,12,12,12,12,12,12,12,12,12,12,12,12,12,12,12,12,12,12,12,12,12,12,12,12,12,12,12,12,12,12,12,12,12,12,12,12,12,12,12,12,12,12,12,12,12,12,12,12,12,12,12,12,12,12,12,12,12,12,12,12,12,12,12,12,12,12,12,12,12,12,12,12,12,12,12,12,12,12,12,12,12,12,12,12,12,12,12,12,12,12,12,12,12,12,12,12,12,12,12,12,12,12,12,12,12,12,12,12,12,12,12,12,12,12,12,12,12,12,12,12,12,12,12,12,12,12,12,12,12,12,12,12,12,12,12,12,12,12,12,12,12
1
23,23
9,24,20,20,20,20,20,20,20,20,20
15,15,15,28
29
29
29
1,1,1,12,12,12,1,1,1,1,1,1
28,28,3
22
18
13,13
17,17
19
12
18
18
18
18
1
20,20,20
18
9,11,11,11,10
29
28,28
17
18
3
10,10,10,10,10,10,10,10,10,10,10,10,10,10,10,10,10,10,10,10
10
16
29,27
19
16,16,16,16,16,15,15,15,15
29,8,16
8,8,15,15
22,22
19
9
17,29
29,29,29,29
29
8
9,9,9,9,9,9
8,19,19,19,19,19
6
20,20,20
27
18,18
4,2,24
15,15,8,4,4
2
2,2
20,20,20,20,20,20,20,20,20
3
19,19,19
9
8,8
28,10,10
11,11,11,11
8,15,8,15,15,15,15,1,1,1,1,1,1,1,1,1,1,1,1,1,1,1
8,8
