Amusement,Entertainment,Historical,Park
0.41629017684264874,1.0,0.07602943074738608,0.26048793081192717
0.07692307692307693,0.8461538461538461,0.07602943074738608,0.07692307692307693
0.09090909090909091,0.9090909090909091,0.07602943074738608,0.26048793081192717
0.4117647058823529,0.24719246159803795,0.07602943074738608,0.5882352941176471
0.41629017684264874,1.0,0.07602943074738608,0.26048793081192717
0.41629017684264874,0.24719246159803795,0.07602943074738608,1.0
0.41629017684264874,0.24719246159803795,0.07602943074738608,1.0
0.125,0.375,0.125,0.375
0.41629017684264874,1.0,0.07602943074738608,0.26048793081192717
0.41629017684264874,0.24719246159803795,0.07602943074738608,1.0
1.0,0.24719246159803795,0.07602943074738608,0.26048793081192717
1.0,0.24719246159803795,0.07602943074738608,0.26048793081192717
0.41629017684264874,1.0,0.07602943074738608,0.26048793081192717
0.41629017684264874,1.0,0.07602943074738608,0.26048793081192717
0.41629017684264874,0.24719246159803795,0.07602943074738608,1.0
1.0,0.24719246159803795,0.07602943074738608,0.26048793081192717
1.0,0.24719246159803795,0.07602943074738608,0.26048793081192717
0.41629017684264874,0.14285714285714285,0.07602943074738608,0.8571428571428571
0.41629017684264874,0.24719246159803795,0.07602943074738608,1.0
0.41629017684264874,1.0,0.07602943074738608,0.26048793081192717
0.41629017684264874,1.0,0.07602943074738608,0.26048793081192717
0.41629017684264874,1.0,0.07602943074738608,0.26048793081192717
0.41629017684264874,1.0,0.07602943074738608,0.26048793081192717
0.13333333333333333,0.7333333333333333,0.07602943074738608,0.13333333333333333
0.41629017684264874,1.0,0.07602943074738608,0.26048793081192717
0.41629017684264874,1.0,0.07602943074738608,0.26048793081192717
0.41629017684264874,1.0,0.07602943074738608,0.26048793081192717
1.0,0.24719246159803795,0.07602943074738608,0.26048793081192717
0.41629017684264874,1.0,0.07602943074738608,0.26048793081192717
0.41629017684264874,1.0,0.07602943074738608,0.26048793081192717
0.25,0.24719246159803795,0.75,0.26048793081192717
1.0,0.24719246159803795,0.07602943074738608,0.26048793081192717
0.41629017684264874,0.24719246159803795,0.07602943074738608,1.0
0.41629017684264874,1.0,0.07602943074738608,0.26048793081192717
0.41629017684264874,1.0,0.07602943074738608,0.26048793081192717
0.2926829268292683,0.24719246159803795,0.07602943074738608,0.7073170731707317
1.0,0.24719246159803795,0.07602943074738608,0.26048793081192717
0.41629017684264874,1.0,0.07602943074738608,0.26048793081192717
0.41629017684264874,0.24719246159803795,0.07602943074738608,1.0
1.0,0.24719246159803795,0.07602943074738608,0.26048793081192717
0.41629017684264874,0.24719246159803795,1.0,0.26048793081192717
0.41629017684264874,0.24719246159803795,0.07602943074738608,1.0
0.8775510204081632,0.12244897959183673,0.07602943074738608,0.26048793081192717
0.41629017684264874,0.24719246159803795,0.07602943074738608,1.0
0.41629017684264874,0.24719246159803795,0.07602943074738608,1.0
1.0,0.24719246159803795,0.07602943074738608,0.26048793081192717
0.41629017684264874,1.0,0.07602943074738608,0.26048793081192717
0.41629017684264874,1.0,0.07602943074738608,0.26048793081192717
0.41629017684264874,1.0,0.07602943074738608,0.26048793081192717
0.41629017684264874,0.24719246159803795,1.0,0.26048793081192717
1.0,0.24719246159803795,0.07602943074738608,0.26048793081192717
0.41629017684264874,0.24719246159803795,0.07602943074738608,1.0
0.41629017684264874,1.0,0.07602943074738608,0.26048793081192717
1.0,0.24719246159803795,0.07602943074738608,0.26048793081192717
0.41629017684264874,1.0,0.07602943074738608,0.26048793081192717
0.41629017684264874,1.0,0.07602943074738608,0.26048793081192717
1.0,0.24719246159803795,0.07602943074738608,0.26048793081192717
0.41629017684264874,0.24719246159803795,0.07602943074738608,1.0
1.0,0.24719246159803795,0.07602943074738608,0.26048793081192717
0.41629017684264874,1.0,0.07602943074738608,0.26048793081192717
0.41629017684264874,1.0,0.07602943074738608,0.26048793081192717
0.41629017684264874,1.0,0.07602943074738608,0.26048793081192717
0.41629017684264874,1.0,0.07602943074738608,0.26048793081192717
0.41629017684264874,1.0,0.07602943074738608,0.26048793081192717
1.0,0.24719246159803795,0.07602943074738608,0.26048793081192717
1.0,0.24719246159803795,0.07602943074738608,0.26048793081192717
1.0,0.24719246159803795,0.07602943074738608,0.26048793081192717
0.41629017684264874,1.0,0.07602943074738608,0.26048793081192717
0.41629017684264874,1.0,0.07602943074738608,0.26048793081192717
0.41629017684264874,1.0,0.07602943074738608,0.26048793081192717
0.41629017684264874,1.0,0.07602943074738608,0.26048793081192717
1.0,0.24719246159803795,0.07602943074738608,0.26048793081192717
1.0,0.24719246159803795,0.07602943074738608,0.26048793081192717
1.0,0.24719246159803795,0.07602943074738608,0.26048793081192717
0.41629017684264874,1.0,0.07602943074738608,0.26048793081192717
0.41629017684264874,1.0,0.07602943074738608,0.26048793081192717
1.0,0.24719246159803795,0.07602943074738608,0.26048793081192717
0.41629017684264874,0.24719246159803795,0.07602943074738608,1.0
0.16666666666666666,0.8333333333333334,0.07602943074738608,0.26048793081192717
0.41629017684264874,1.0,0.07602943074738608,0.26048793081192717
1.0,0.24719246159803795,0.07602943074738608,0.26048793081192717
0.41629017684264874,1.0,0.07602943074738608,0.26048793081192717
0.41629017684264874,0.2,0.3,0.5
0.25,0.24719246159803795,0.07602943074738608,0.75
1.0,0.24719246159803795,0.07602943074738608,0.26048793081192717
0.3181818181818182,0.5,0.07602943074738608,0.18181818181818182
0.41629017684264874,0.24719246159803795,1.0,0.26048793081192717
0.41629017684264874,0.24719246159803795,1.0,0.26048793081192717
0.41629017684264874,1.0,0.07602943074738608,0.26048793081192717
0.41629017684264874,0.24719246159803795,1.0,0.26048793081192717
0.41629017684264874,0.24719246159803795,1.0,0.26048793081192717
0.11764705882352941,0.24719246159803795,0.8823529411764706,0.26048793081192717
0.05,0.95,0.07602943074738608,0.26048793081192717
0.41629017684264874,0.24719246159803795,1.0,0.26048793081192717
0.41629017684264874,0.24719246159803795,1.0,0.26048793081192717
0.41629017684264874,0.24719246159803795,1.0,0.26048793081192717
0.41629017684264874,0.24719246159803795,1.0,0.26048793081192717
0.41629017684264874,0.24719246159803795,1.0,0.26048793081192717
0.41629017684264874,0.24719246159803795,1.0,0.26048793081192717
0.41629017684264874,0.24719246159803795,1.0,0.26048793081192717
0.41629017684264874,0.24719246159803795,0.07602943074738608,1.0
0.41629017684264874,0.24719246159803795,1.0,0.26048793081192717
0.41629017684264874,0.24719246159803795,1.0,0.26048793081192717
0.41629017684264874,0.24719246159803795,0.07602943074738608,1.0
0.41629017684264874,0.24719246159803795,1.0,0.26048793081192717
0.41629017684264874,0.24719246159803795,1.0,0.26048793081192717
0.41629017684264874,0.24719246159803795,1.0,0.26048793081192717
0.41629017684264874,0.24719246159803795,1.0,0.26048793081192717
0.41629017684264874,1.0,0.07602943074738608,0.26048793081192717
0.41629017684264874,0.24719246159803795,1.0,0.26048793081192717
0.41629017684264874,1.0,0.07602943074738608,0.26048793081192717
0.41629017684264874,0.24719246159803795,1.0,0.26048793081192717
0.41629017684264874,1.0,0.07602943074738608,0.26048793081192717
0.41629017684264874,1.0,0.07602943074738608,0.26048793081192717
0.41629017684264874,1.0,0.07602943074738608,0.26048793081192717
1.0,0.24719246159803795,0.07602943074738608,0.26048793081192717
1.0,0.24719246159803795,0.07602943074738608,0.26048793081192717
1.0,0.24719246159803795,0.07602943074738608,0.26048793081192717
1.0,0.24719246159803795,0.07602943074738608,0.26048793081192717
1.0,0.24719246159803795,0.07602943074738608,0.26048793081192717
1.0,0.24719246159803795,0.07602943074738608,0.26048793081192717
0.41629017684264874,0.24719246159803795,0.07602943074738608,1.0
0.41629017684264874,1.0,0.07602943074738608,0.26048793081192717
0.41629017684264874,1.0,0.07602943074738608,0.26048793081192717
1.0,0.24719246159803795,0.07602943074738608,0.26048793081192717
0.41629017684264874,1.0,0.07602943074738608,0.26048793081192717
0.41629017684264874,1.0,0.07602943074738608,0.26048793081192717
1.0,0.24719246159803795,0.07602943074738608,0.26048793081192717
0.41629017684264874,0.24719246159803795,1.0,0.26048793081192717
1.0,0.24719246159803795,0.07602943074738608,0.26048793081192717
1.0,0.24719246159803795,0.07602943074738608,0.26048793081192717
1.0,0.24719246159803795,0.07602943074738608,0.26048793081192717
0.41629017684264874,0.24719246159803795,0.07602943074738608,1.0
0.41629017684264874,1.0,0.07602943074738608,0.26048793081192717
0.41629017684264874,0.24719246159803795,0.07602943074738608,1.0
0.41629017684264874,1.0,0.07602943074738608,0.26048793081192717
1.0,0.24719246159803795,0.07602943074738608,0.26048793081192717
1.0,0.24719246159803795,0.07602943074738608,0.26048793081192717
1.0,0.24719246159803795,0.07602943074738608,0.26048793081192717
0.41629017684264874,1.0,0.07602943074738608,0.26048793081192717
0.41629017684264874,1.0,0.07602943074738608,0.26048793081192717
0.41629017684264874,1.0,0.07602943074738608,0.26048793081192717
0.41629017684264874,0.24719246159803795,0.07602943074738608,1.0
0.41629017684264874,1.0,0.07602943074738608,0.26048793081192717
0.41629017684264874,1.0,0.07602943074738608,0.26048793081192717
0.41629017684264874,0.24719246159803795,0.07602943074738608,1.0
0.7857142857142857,0.21428571428571427,0.07602943074738608,0.26048793081192717
1.0,0.24719246159803795,0.07602943074738608,0.26048793081192717
0.41629017684264874,0.24719246159803795,0.07602943074738608,1.0
0.41629017684264874,0.24719246159803795,0.07602943074738608,1.0
0.41629017684264874,1.0,0.07602943074738608,0.26048793081192717
0.41629017684264874,1.0,0.07602943074738608,0.26048793081192717
0.41629017684264874,0.24719246159803795,0.07602943074738608,1.0
0.41629017684264874,1.0,0.07602943074738608,0.26048793081192717
0.41629017684264874,1.0,0.07602943074738608,0.26048793081192717
0.41629017684264874,1.0,0.07602943074738608,0.26048793081192717
0.41629017684264874,1.0,0.07602943074738608,0.26048793081192717
0.41629017684264874,0.24719246159803795,0.07602943074738608,1.0
0.41629017684264874,0.24719246159803795,0.07602943074738608,1.0
0.41629017684264874,0.24719246159803795,1.0,0.26048793081192717
0.41629017684264874,0.24719246159803795,0.07602943074738608,1.0
0.41629017684264874,1.0,0.07602943074738608,0.26048793081192717
1.0,0.24719246159803795,0.07602943074738608,0.26048793081192717
0.41629017684264874,1.0,0.07602943074738608,0.26048793081192717
0.41629017684264874,1.0,0.07602943074738608,0.26048793081192717
0.41629017684264874,1.0,0.07602943074738608,0.26048793081192717
1.0,0.24719246159803795,0.07602943074738608,0.26048793081192717
1.0,0.24719246159803795,0.07602943074738608,0.26048793081192717
0.25,0.75,0.07602943074738608,0.26048793081192717
0.41629017684264874,1.0,0.07602943074738608,0.26048793081192717
0.9722222222222222,0.027777777777777776,0.07602943074738608,0.26048793081192717
0.41629017684264874,1.0,0.07602943074738608,0.26048793081192717
0.41629017684264874,1.0,0.07602943074738608,0.26048793081192717
1.0,0.24719246159803795,0.07602943074738608,0.26048793081192717
0.41629017684264874,1.0,0.07602943074738608,0.26048793081192717
0.41629017684264874,1.0,0.07602943074738608,0.26048793081192717
0.41629017684264874,1.0,0.07602943074738608,0.26048793081192717
0.9166666666666666,0.24719246159803795,0.07602943074738608,0.08333333333333333
0.41629017684264874,1.0,0.07602943074738608,0.26048793081192717
0.41629017684264874,1.0,0.07602943074738608,0.26048793081192717
0.625,0.375,0.07602943074738608,0.26048793081192717
1.0,0.24719246159803795,0.07602943074738608,0.26048793081192717
0.41629017684264874,1.0,0.07602943074738608,0.26048793081192717
0.41629017684264874,1.0,0.07602943074738608,0.26048793081192717
0.41629017684264874,0.6,0.07602943074738608,0.4
0.41629017684264874,1.0,0.07602943074738608,0.26048793081192717
0.41629017684264874,1.0,0.07602943074738608,0.26048793081192717
0.41629017684264874,1.0,0.07602943074738608,0.26048793081192717
1.0,0.24719246159803795,0.07602943074738608,0.26048793081192717
1.0,0.24719246159803795,0.07602943074738608,0.26048793081192717
1.0,0.24719246159803795,0.07602943074738608,0.26048793081192717
0.41629017684264874,1.0,0.07602943074738608,0.26048793081192717
0.41629017684264874,1.0,0.07602943074738608,0.26048793081192717
0.41629017684264874,1.0,0.07602943074738608,0.26048793081192717
0.41629017684264874,1.0,0.07602943074738608,0.26048793081192717
1.0,0.24719246159803795,0.07602943074738608,0.26048793081192717
0.41629017684264874,0.24719246159803795,0.07602943074738608,1.0
0.41629017684264874,0.24719246159803795,0.07602943074738608,1.0
0.41629017684264874,0.24719246159803795,0.07602943074738608,1.0
1.0,0.24719246159803795,0.07602943074738608,0.26048793081192717
0.41629017684264874,1.0,0.07602943074738608,0.26048793081192717
0.41629017684264874,0.24719246159803795,0.07602943074738608,1.0
1.0,0.24719246159803795,0.07602943074738608,0.26048793081192717
0.7142857142857143,0.19642857142857142,0.07602943074738608,0.08928571428571429
0.41629017684264874,1.0,0.07602943074738608,0.26048793081192717
1.0,0.24719246159803795,0.07602943074738608,0.26048793081192717
1.0,0.24719246159803795,0.07602943074738608,0.26048793081192717
0.41629017684264874,1.0,0.07602943074738608,0.26048793081192717
1.0,0.24719246159803795,0.07602943074738608,0.26048793081192717
0.41629017684264874,0.24719246159803795,0.07602943074738608,1.0
0.41629017684264874,0.24719246159803795,0.07602943074738608,1.0
0.7222222222222222,0.24719246159803795,0.07602943074738608,0.2777777777777778
0.41629017684264874,1.0,0.07602943074738608,0.26048793081192717
0.41629017684264874,1.0,0.07602943074738608,0.26048793081192717
1.0,0.24719246159803795,0.07602943074738608,0.26048793081192717
0.41629017684264874,0.24719246159803795,1.0,0.26048793081192717
0.41629017684264874,1.0,0.07602943074738608,0.26048793081192717
0.41629017684264874,1.0,0.07602943074738608,0.26048793081192717
0.41629017684264874,0.6,0.07602943074738608,0.4
0.41629017684264874,1.0,0.07602943074738608,0.26048793081192717
0.2727272727272727,0.7272727272727273,0.07602943074738608,0.26048793081192717
1.0,0.24719246159803795,0.07602943074738608,0.26048793081192717
0.41629017684264874,1.0,0.07602943074738608,0.26048793081192717
1.0,0.24719246159803795,0.07602943074738608,0.26048793081192717
0.41629017684264874,1.0,0.07602943074738608,0.26048793081192717
0.41629017684264874,1.0,0.07602943074738608,0.26048793081192717
0.41629017684264874,1.0,0.07602943074738608,0.26048793081192717
0.41629017684264874,0.24719246159803795,0.07602943074738608,1.0
1.0,0.24719246159803795,0.07602943074738608,0.26048793081192717
0.41629017684264874,1.0,0.07602943074738608,0.26048793081192717
0.41629017684264874,1.0,0.07602943074738608,0.26048793081192717
0.41629017684264874,1.0,0.07602943074738608,0.26048793081192717
0.41629017684264874,0.24719246159803795,1.0,0.26048793081192717
0.41629017684264874,0.24719246159803795,1.0,0.26048793081192717
0.41629017684264874,1.0,0.07602943074738608,0.26048793081192717
0.41629017684264874,0.24719246159803795,0.07602943074738608,1.0
0.41629017684264874,0.24719246159803795,0.07602943074738608,1.0
0.41629017684264874,0.24719246159803795,0.07602943074738608,1.0
0.41629017684264874,0.24719246159803795,1.0,0.26048793081192717
0.41629017684264874,1.0,0.07602943074738608,0.26048793081192717
0.41629017684264874,1.0,0.07602943074738608,0.26048793081192717
0.41629017684264874,0.24719246159803795,0.07602943074738608,1.0
0.41629017684264874,0.24719246159803795,0.07602943074738608,1.0
0.41629017684264874,0.24719246159803795,1.0,0.26048793081192717
1.0,0.24719246159803795,0.07602943074738608,0.26048793081192717
0.41629017684264874,1.0,0.07602943074738608,0.26048793081192717
1.0,0.24719246159803795,0.07602943074738608,0.26048793081192717
0.41629017684264874,0.24719246159803795,0.07602943074738608,1.0
0.41629017684264874,1.0,0.07602943074738608,0.26048793081192717
0.41629017684264874,0.24719246159803795,1.0,0.26048793081192717
0.41629017684264874,1.0,0.07602943074738608,0.26048793081192717
0.41629017684264874,0.24719246159803795,0.07602943074738608,1.0
0.41629017684264874,1.0,0.07602943074738608,0.26048793081192717
0.41629017684264874,1.0,0.07602943074738608,0.26048793081192717
0.41629017684264874,1.0,0.07602943074738608,0.26048793081192717
1.0,0.24719246159803795,0.07602943074738608,0.26048793081192717
0.41629017684264874,1.0,0.07602943074738608,0.26048793081192717
0.41629017684264874,0.24719246159803795,0.07602943074738608,1.0
0.41629017684264874,1.0,0.07602943074738608,0.26048793081192717
0.41629017684264874,0.24719246159803795,0.07602943074738608,1.0
0.41629017684264874,0.24719246159803795,0.07602943074738608,1.0
0.41629017684264874,0.24719246159803795,0.07602943074738608,1.0
0.41629017684264874,0.4,0.07602943074738608,0.6
0.41629017684264874,1.0,0.07602943074738608,0.26048793081192717
0.41629017684264874,0.24719246159803795,0.07602943074738608,1.0
1.0,0.24719246159803795,0.07602943074738608,0.26048793081192717
0.41629017684264874,0.24719246159803795,0.07602943074738608,1.0
0.41629017684264874,1.0,0.07602943074738608,0.26048793081192717
0.41629017684264874,0.6,0.07602943074738608,0.4
0.41629017684264874,1.0,0.07602943074738608,0.26048793081192717
0.41629017684264874,1.0,0.07602943074738608,0.26048793081192717
0.41629017684264874,1.0,0.07602943074738608,0.26048793081192717
0.5,0.5,0.07602943074738608,0.26048793081192717
0.41629017684264874,0.24719246159803795,0.07602943074738608,1.0
0.41629017684264874,0.24719246159803795,1.0,0.26048793081192717
1.0,0.24719246159803795,0.07602943074738608,0.26048793081192717
1.0,0.24719246159803795,0.07602943074738608,0.26048793081192717
0.41629017684264874,1.0,0.07602943074738608,0.26048793081192717
0.41629017684264874,0.24719246159803795,0.8333333333333334,0.16666666666666666
0.41629017684264874,0.7647058823529411,0.07602943074738608,0.23529411764705882
0.41629017684264874,0.24719246159803795,1.0,0.26048793081192717
0.41629017684264874,0.24719246159803795,0.07602943074738608,1.0
0.41629017684264874,0.24719246159803795,1.0,0.26048793081192717
0.41629017684264874,0.24719246159803795,1.0,0.26048793081192717
0.41629017684264874,1.0,0.07602943074738608,0.26048793081192717
0.41629017684264874,0.24719246159803795,1.0,0.26048793081192717
0.41629017684264874,0.24719246159803795,1.0,0.26048793081192717
1.0,0.24719246159803795,0.07602943074738608,0.26048793081192717
1.0,0.24719246159803795,0.07602943074738608,0.26048793081192717
0.41629017684264874,1.0,0.07602943074738608,0.26048793081192717
1.0,0.24719246159803795,0.07602943074738608,0.26048793081192717
0.41629017684264874,0.24719246159803795,0.07602943074738608,1.0
0.41629017684264874,0.25,0.75,0.26048793081192717
0.41629017684264874,0.24719246159803795,0.07602943074738608,1.0
0.41629017684264874,0.24719246159803795,0.07602943074738608,1.0
1.0,0.24719246159803795,0.07602943074738608,0.26048793081192717
0.41629017684264874,0.24719246159803795,0.07602943074738608,1.0
0.41629017684264874,1.0,0.07602943074738608,0.26048793081192717
0.41629017684264874,1.0,0.07602943074738608,0.26048793081192717
0.41629017684264874,1.0,0.07602943074738608,0.26048793081192717
0.41629017684264874,1.0,0.07602943074738608,0.26048793081192717
0.41629017684264874,0.24719246159803795,0.07602943074738608,1.0
1.0,0.24719246159803795,0.07602943074738608,0.26048793081192717
0.41629017684264874,0.24719246159803795,1.0,0.26048793081192717
0.41629017684264874,1.0,0.07602943074738608,0.26048793081192717
1.0,0.24719246159803795,0.07602943074738608,0.26048793081192717
0.41629017684264874,1.0,0.07602943074738608,0.26048793081192717
0.41629017684264874,1.0,0.07602943074738608,0.26048793081192717
1.0,0.24719246159803795,0.07602943074738608,0.26048793081192717
0.41629017684264874,1.0,0.07602943074738608,0.26048793081192717
0.41629017684264874,0.24719246159803795,0.07602943074738608,1.0
1.0,0.24719246159803795,0.07602943074738608,0.26048793081192717
0.41629017684264874,1.0,0.07602943074738608,0.26048793081192717
1.0,0.24719246159803795,0.07602943074738608,0.26048793081192717
1.0,0.24719246159803795,0.07602943074738608,0.26048793081192717
1.0,0.24719246159803795,0.07602943074738608,0.26048793081192717
1.0,0.24719246159803795,0.07602943074738608,0.26048793081192717
1.0,0.24719246159803795,0.07602943074738608,0.26048793081192717
1.0,0.24719246159803795,0.07602943074738608,0.26048793081192717
0.41629017684264874,1.0,0.07602943074738608,0.26048793081192717
0.41629017684264874,0.24719246159803795,1.0,0.26048793081192717
1.0,0.24719246159803795,0.07602943074738608,0.26048793081192717
0.41629017684264874,0.24719246159803795,0.07602943074738608,1.0
0.7142857142857143,0.24719246159803795,0.07602943074738608,0.2857142857142857
0.41629017684264874,1.0,0.07602943074738608,0.26048793081192717
1.0,0.24719246159803795,0.07602943074738608,0.26048793081192717
1.0,0.24719246159803795,0.07602943074738608,0.26048793081192717
0.41629017684264874,1.0,0.07602943074738608,0.26048793081192717
0.41629017684264874,1.0,0.07602943074738608,0.26048793081192717
0.41629017684264874,1.0,0.07602943074738608,0.26048793081192717
0.41629017684264874,1.0,0.07602943074738608,0.26048793081192717
0.41629017684264874,0.24719246159803795,0.07602943074738608,1.0
0.41629017684264874,0.24719246159803795,0.07602943074738608,1.0
0.41629017684264874,1.0,0.07602943074738608,0.26048793081192717
0.41629017684264874,1.0,0.07602943074738608,0.26048793081192717
0.41629017684264874,1.0,0.07602943074738608,0.26048793081192717
0.41629017684264874,0.24719246159803795,0.07602943074738608,1.0
0.14285714285714285,0.14285714285714285,0.07602943074738608,0.7142857142857143
1.0,0.24719246159803795,0.07602943074738608,0.26048793081192717
0.41629017684264874,1.0,0.07602943074738608,0.26048793081192717
0.41629017684264874,1.0,0.07602943074738608,0.26048793081192717
0.41629017684264874,1.0,0.07602943074738608,0.26048793081192717
1.0,0.24719246159803795,0.07602943074738608,0.26048793081192717
1.0,0.24719246159803795,0.07602943074738608,0.26048793081192717
0.41629017684264874,1.0,0.07602943074738608,0.26048793081192717
1.0,0.24719246159803795,0.07602943074738608,0.26048793081192717
0.41629017684264874,0.24719246159803795,0.07602943074738608,1.0
0.41629017684264874,0.24719246159803795,0.07602943074738608,1.0
1.0,0.24719246159803795,0.07602943074738608,0.26048793081192717
0.41629017684264874,1.0,0.07602943074738608,0.26048793081192717
0.41629017684264874,1.0,0.07602943074738608,0.26048793081192717
1.0,0.24719246159803795,0.07602943074738608,0.26048793081192717
1.0,0.24719246159803795,0.07602943074738608,0.26048793081192717
1.0,0.24719246159803795,0.07602943074738608,0.26048793081192717
0.41629017684264874,1.0,0.07602943074738608,0.26048793081192717
0.41629017684264874,1.0,0.07602943074738608,0.26048793081192717
0.5,0.5,0.07602943074738608,0.26048793081192717
0.41629017684264874,1.0,0.07602943074738608,0.26048793081192717
0.41629017684264874,1.0,0.07602943074738608,0.26048793081192717
0.41629017684264874,1.0,0.07602943074738608,0.26048793081192717
0.41629017684264874,1.0,0.07602943074738608,0.26048793081192717
0.41629017684264874,0.24719246159803795,0.07602943074738608,1.0
0.41629017684264874,1.0,0.07602943074738608,0.26048793081192717
0.41629017684264874,1.0,0.07602943074738608,0.26048793081192717
0.41629017684264874,1.0,0.07602943074738608,0.26048793081192717
0.41629017684264874,1.0,0.07602943074738608,0.26048793081192717
0.9166666666666666,0.24719246159803795,0.07602943074738608,0.08333333333333333
0.41629017684264874,1.0,0.07602943074738608,0.26048793081192717
0.41629017684264874,1.0,0.07602943074738608,0.26048793081192717
0.41629017684264874,1.0,0.07602943074738608,0.26048793081192717
0.41629017684264874,1.0,0.07602943074738608,0.26048793081192717
0.41629017684264874,0.24719246159803795,0.07602943074738608,1.0
0.41629017684264874,1.0,0.07602943074738608,0.26048793081192717
0.41629017684264874,1.0,0.07602943074738608,0.26048793081192717
1.0,0.24719246159803795,0.07602943074738608,0.26048793081192717
1.0,0.24719246159803795,0.07602943074738608,0.26048793081192717
0.41629017684264874,1.0,0.07602943074738608,0.26048793081192717
0.41629017684264874,0.24719246159803795,0.07602943074738608,1.0
1.0,0.24719246159803795,0.07602943074738608,0.26048793081192717
0.41629017684264874,1.0,0.07602943074738608,0.26048793081192717
0.41629017684264874,1.0,0.07602943074738608,0.26048793081192717
0.41629017684264874,1.0,0.07602943074738608,0.26048793081192717
0.41629017684264874,1.0,0.07602943074738608,0.26048793081192717
1.0,0.24719246159803795,0.07602943074738608,0.26048793081192717
1.0,0.24719246159803795,0.07602943074738608,0.26048793081192717
0.41629017684264874,1.0,0.07602943074738608,0.26048793081192717
1.0,0.24719246159803795,0.07602943074738608,0.26048793081192717
1.0,0.24719246159803795,0.07602943074738608,0.26048793081192717
1.0,0.24719246159803795,0.07602943074738608,0.26048793081192717
0.41629017684264874,1.0,0.07602943074738608,0.26048793081192717
1.0,0.24719246159803795,0.07602943074738608,0.26048793081192717
0.41629017684264874,1.0,0.07602943074738608,0.26048793081192717
1.0,0.24719246159803795,0.07602943074738608,0.26048793081192717
0.41629017684264874,0.75,0.07602943074738608,0.25
1.0,0.24719246159803795,0.07602943074738608,0.26048793081192717
0.41629017684264874,1.0,0.07602943074738608,0.26048793081192717
1.0,0.24719246159803795,0.07602943074738608,0.26048793081192717
0.5789473684210527,0.24719246159803795,0.07602943074738608,0.42105263157894735
0.41629017684264874,1.0,0.07602943074738608,0.26048793081192717
0.41629017684264874,1.0,0.07602943074738608,0.26048793081192717
0.41629017684264874,0.24719246159803795,1.0,0.26048793081192717
0.41629017684264874,0.24719246159803795,0.07602943074738608,1.0
0.41629017684264874,1.0,0.07602943074738608,0.26048793081192717
0.41629017684264874,0.24719246159803795,0.07602943074738608,1.0
0.41629017684264874,0.24719246159803795,0.07602943074738608,1.0
0.41629017684264874,1.0,0.07602943074738608,0.26048793081192717
0.41629017684264874,1.0,0.07602943074738608,0.26048793081192717
1.0,0.24719246159803795,0.07602943074738608,0.26048793081192717
0.41629017684264874,0.24719246159803795,0.07602943074738608,1.0
0.41629017684264874,0.24719246159803795,0.07602943074738608,1.0
0.41629017684264874,1.0,0.07602943074738608,0.26048793081192717
0.41629017684264874,1.0,0.07602943074738608,0.26048793081192717
0.41629017684264874,1.0,0.07602943074738608,0.26048793081192717
0.41629017684264874,1.0,0.07602943074738608,0.26048793081192717
0.41629017684264874,1.0,0.07602943074738608,0.26048793081192717
1.0,0.24719246159803795,0.07602943074738608,0.26048793081192717
0.41629017684264874,0.6,0.07602943074738608,0.4
0.41629017684264874,1.0,0.07602943074738608,0.26048793081192717
1.0,0.24719246159803795,0.07602943074738608,0.26048793081192717
1.0,0.24719246159803795,0.07602943074738608,0.26048793081192717
0.41629017684264874,1.0,0.07602943074738608,0.26048793081192717
0.41629017684264874,1.0,0.07602943074738608,0.26048793081192717
0.41629017684264874,1.0,0.07602943074738608,0.26048793081192717
0.41629017684264874,1.0,0.07602943074738608,0.26048793081192717
0.41629017684264874,1.0,0.07602943074738608,0.26048793081192717
0.41629017684264874,1.0,0.07602943074738608,0.26048793081192717
0.41629017684264874,1.0,0.07602943074738608,0.26048793081192717
0.41629017684264874,1.0,0.07602943074738608,0.26048793081192717
0.41629017684264874,1.0,0.07602943074738608,0.26048793081192717
0.41629017684264874,1.0,0.07602943074738608,0.26048793081192717
0.41629017684264874,1.0,0.07602943074738608,0.26048793081192717
0.41629017684264874,0.24719246159803795,0.07602943074738608,1.0
0.41629017684264874,1.0,0.07602943074738608,0.26048793081192717
0.41629017684264874,1.0,0.07602943074738608,0.26048793081192717
0.41629017684264874,0.24719246159803795,0.07602943074738608,1.0
0.41629017684264874,0.24719246159803795,0.07602943074738608,1.0
0.875,0.24719246159803795,0.07602943074738608,0.125
1.0,0.24719246159803795,0.07602943074738608,0.26048793081192717
0.41629017684264874,0.24719246159803795,0.07602943074738608,1.0
0.41629017684264874,0.24719246159803795,0.07602943074738608,1.0
0.7692307692307693,0.24719246159803795,0.15384615384615385,0.07692307692307693
0.41629017684264874,1.0,0.07602943074738608,0.26048793081192717
0.41629017684264874,0.24719246159803795,1.0,0.26048793081192717
1.0,0.24719246159803795,0.07602943074738608,0.26048793081192717
0.41629017684264874,1.0,0.07602943074738608,0.26048793081192717
1.0,0.24719246159803795,0.07602943074738608,0.26048793081192717
1.0,0.24719246159803795,0.07602943074738608,0.26048793081192717
1.0,0.24719246159803795,0.07602943074738608,0.26048793081192717
0.41629017684264874,1.0,0.07602943074738608,0.26048793081192717
1.0,0.24719246159803795,0.07602943074738608,0.26048793081192717
0.41629017684264874,0.24719246159803795,0.07602943074738608,1.0
0.7272727272727273,0.24719246159803795,0.07602943074738608,0.2727272727272727
0.41629017684264874,1.0,0.07602943074738608,0.26048793081192717
0.41629017684264874,1.0,0.07602943074738608,0.26048793081192717
0.41629017684264874,0.5714285714285714,0.07602943074738608,0.42857142857142855
0.41629017684264874,1.0,0.07602943074738608,0.26048793081192717
0.41629017684264874,0.24719246159803795,0.07602943074738608,1.0
0.41629017684264874,0.24719246159803795,0.07602943074738608,1.0
0.41629017684264874,1.0,0.07602943074738608,0.26048793081192717
1.0,0.24719246159803795,0.07602943074738608,0.26048793081192717
0.41629017684264874,1.0,0.07602943074738608,0.26048793081192717
0.41629017684264874,0.5238095238095238,0.07602943074738608,0.47619047619047616
0.41629017684264874,1.0,0.07602943074738608,0.26048793081192717
0.41629017684264874,0.24719246159803795,1.0,0.26048793081192717
0.41629017684264874,0.24719246159803795,1.0,0.26048793081192717
0.41629017684264874,0.24719246159803795,1.0,0.26048793081192717
0.41629017684264874,0.24719246159803795,1.0,0.26048793081192717
1.0,0.24719246159803795,0.07602943074738608,0.26048793081192717
1.0,0.24719246159803795,0.07602943074738608,0.26048793081192717
0.41629017684264874,1.0,0.07602943074738608,0.26048793081192717
0.41629017684264874,0.24719246159803795,0.07602943074738608,1.0
1.0,0.24719246159803795,0.07602943074738608,0.26048793081192717
0.41629017684264874,1.0,0.07602943074738608,0.26048793081192717
0.375,0.24719246159803795,0.07602943074738608,0.625
0.41629017684264874,0.24719246159803795,1.0,0.26048793081192717
0.41629017684264874,0.24719246159803795,1.0,0.26048793081192717
1.0,0.24719246159803795,0.07602943074738608,0.26048793081192717
0.14285714285714285,0.8571428571428571,0.07602943074738608,0.26048793081192717
1.0,0.24719246159803795,0.07602943074738608,0.26048793081192717
1.0,0.24719246159803795,0.07602943074738608,0.26048793081192717
0.41629017684264874,0.24719246159803795,1.0,0.26048793081192717
0.41629017684264874,0.24719246159803795,1.0,0.26048793081192717
0.41629017684264874,0.125,0.07602943074738608,0.875
0.41629017684264874,1.0,0.07602943074738608,0.26048793081192717
0.41629017684264874,0.02564102564102564,0.07602943074738608,0.9743589743589743
0.41629017684264874,1.0,0.07602943074738608,0.26048793081192717
0.4,0.2,0.07602943074738608,0.4
1.0,0.24719246159803795,0.07602943074738608,0.26048793081192717
1.0,0.24719246159803795,0.07602943074738608,0.26048793081192717
1.0,0.24719246159803795,0.07602943074738608,0.26048793081192717
0.41629017684264874,1.0,0.07602943074738608,0.26048793081192717
1.0,0.24719246159803795,0.07602943074738608,0.26048793081192717
0.41629017684264874,0.24719246159803795,0.07602943074738608,1.0
0.41629017684264874,0.24719246159803795,0.07602943074738608,1.0
1.0,0.24719246159803795,0.07602943074738608,0.26048793081192717
0.3333333333333333,0.24719246159803795,0.07602943074738608,0.6666666666666666
1.0,0.24719246159803795,0.07602943074738608,0.26048793081192717
0.41629017684264874,1.0,0.07602943074738608,0.26048793081192717
0.41629017684264874,1.0,0.07602943074738608,0.26048793081192717
1.0,0.24719246159803795,0.07602943074738608,0.26048793081192717
0.41629017684264874,1.0,0.07602943074738608,0.26048793081192717
0.41629017684264874,0.24719246159803795,0.07602943074738608,1.0
0.41629017684264874,0.24719246159803795,0.07602943074738608,1.0
0.41629017684264874,0.24719246159803795,0.07602943074738608,1.0
0.41629017684264874,0.24719246159803795,0.07602943074738608,1.0
0.41629017684264874,1.0,0.07602943074738608,0.26048793081192717
0.41629017684264874,0.24719246159803795,0.07602943074738608,1.0
0.41629017684264874,1.0,0.07602943074738608,0.26048793081192717
0.41629017684264874,1.0,0.07602943074738608,0.26048793081192717
0.41629017684264874,1.0,0.07602943074738608,0.26048793081192717
0.41629017684264874,1.0,0.07602943074738608,0.26048793081192717
0.41629017684264874,1.0,0.07602943074738608,0.26048793081192717
0.41629017684264874,1.0,0.07602943074738608,0.26048793081192717
0.41629017684264874,0.24719246159803795,0.07602943074738608,1.0
0.41629017684264874,1.0,0.07602943074738608,0.26048793081192717
0.41629017684264874,1.0,0.07602943074738608,0.26048793081192717
0.41629017684264874,0.24719246159803795,0.07602943074738608,1.0
0.41629017684264874,1.0,0.07602943074738608,0.26048793081192717
1.0,0.24719246159803795,0.07602943074738608,0.26048793081192717
0.41629017684264874,1.0,0.07602943074738608,0.26048793081192717
0.41629017684264874,1.0,0.07602943074738608,0.26048793081192717
0.41629017684264874,1.0,0.07602943074738608,0.26048793081192717
0.41629017684264874,1.0,0.07602943074738608,0.26048793081192717
1.0,0.24719246159803795,0.07602943074738608,0.26048793081192717
1.0,0.24719246159803795,0.07602943074738608,0.26048793081192717
0.3333333333333333,0.6666666666666666,0.07602943074738608,0.26048793081192717
1.0,0.24719246159803795,0.07602943074738608,0.26048793081192717
1.0,0.24719246159803795,0.07602943074738608,0.26048793081192717
0.41629017684264874,1.0,0.07602943074738608,0.26048793081192717
0.41629017684264874,1.0,0.07602943074738608,0.26048793081192717
1.0,0.24719246159803795,0.07602943074738608,0.26048793081192717
1.0,0.24719246159803795,0.07602943074738608,0.26048793081192717
0.41629017684264874,1.0,0.07602943074738608,0.26048793081192717
0.41629017684264874,1.0,0.07602943074738608,0.26048793081192717
0.41629017684264874,1.0,0.07602943074738608,0.26048793081192717
0.41629017684264874,1.0,0.07602943074738608,0.26048793081192717
1.0,0.24719246159803795,0.07602943074738608,0.26048793081192717
0.41629017684264874,0.24719246159803795,0.07602943074738608,1.0
0.41629017684264874,0.24719246159803795,0.07602943074738608,1.0
1.0,0.24719246159803795,0.07602943074738608,0.26048793081192717
0.41629017684264874,0.6,0.07602943074738608,0.4
0.41629017684264874,1.0,0.07602943074738608,0.26048793081192717
0.41629017684264874,0.24719246159803795,0.07602943074738608,1.0
0.41629017684264874,0.24719246159803795,0.07602943074738608,1.0
0.41629017684264874,0.24719246159803795,0.07602943074738608,1.0
0.41629017684264874,0.24719246159803795,0.07602943074738608,1.0
0.41629017684264874,0.24719246159803795,0.07602943074738608,1.0
0.41629017684264874,0.6666666666666666,0.07602943074738608,0.3333333333333333
0.41629017684264874,1.0,0.07602943074738608,0.26048793081192717
0.41629017684264874,0.24719246159803795,0.07602943074738608,1.0
0.41629017684264874,0.24719246159803795,0.07602943074738608,1.0
0.41629017684264874,1.0,0.07602943074738608,0.26048793081192717
0.5,0.24719246159803795,0.07602943074738608,0.5
0.41629017684264874,0.5,0.07602943074738608,0.5
0.41629017684264874,0.24719246159803795,0.07602943074738608,1.0
0.41629017684264874,1.0,0.07602943074738608,0.26048793081192717
0.41629017684264874,1.0,0.07602943074738608,0.26048793081192717
0.41629017684264874,1.0,0.07602943074738608,0.26048793081192717
0.41629017684264874,0.24719246159803795,0.07602943074738608,1.0
0.41629017684264874,1.0,0.07602943074738608,0.26048793081192717
0.41629017684264874,0.24719246159803795,0.07602943074738608,1.0
0.41629017684264874,0.24719246159803795,1.0,0.26048793081192717
0.41629017684264874,1.0,0.07602943074738608,0.26048793081192717
1.0,0.24719246159803795,0.07602943074738608,0.26048793081192717
0.41629017684264874,1.0,0.07602943074738608,0.26048793081192717
0.41629017684264874,0.24719246159803795,0.07602943074738608,1.0
0.41629017684264874,0.24719246159803795,0.07602943074738608,1.0
0.41629017684264874,0.24719246159803795,0.07602943074738608,1.0
0.41629017684264874,0.24719246159803795,0.07602943074738608,1.0
0.41629017684264874,1.0,0.07602943074738608,0.26048793081192717
0.41629017684264874,0.24719246159803795,0.07602943074738608,1.0
1.0,0.24719246159803795,0.07602943074738608,0.26048793081192717
1.0,0.24719246159803795,0.07602943074738608,0.26048793081192717
0.3333333333333333,0.3333333333333333,0.07602943074738608,0.3333333333333333
0.41629017684264874,0.24719246159803795,0.07602943074738608,1.0
1.0,0.24719246159803795,0.07602943074738608,0.26048793081192717
1.0,0.24719246159803795,0.07602943074738608,0.26048793081192717
0.41629017684264874,1.0,0.07602943074738608,0.26048793081192717
0.75,0.24719246159803795,0.07602943074738608,0.25
0.41629017684264874,0.24719246159803795,0.07602943074738608,1.0
1.0,0.24719246159803795,0.07602943074738608,0.26048793081192717
1.0,0.24719246159803795,0.07602943074738608,0.26048793081192717
1.0,0.24719246159803795,0.07602943074738608,0.26048793081192717
0.41629017684264874,0.42857142857142855,0.07602943074738608,0.5714285714285714
0.41629017684264874,0.24719246159803795,0.875,0.125
0.41629017684264874,0.12903225806451613,0.8709677419354839,0.26048793081192717
0.41629017684264874,0.2,0.8,0.26048793081192717
1.0,0.24719246159803795,0.07602943074738608,0.26048793081192717
0.41629017684264874,1.0,0.07602943074738608,0.26048793081192717
1.0,0.24719246159803795,0.07602943074738608,0.26048793081192717
1.0,0.24719246159803795,0.07602943074738608,0.26048793081192717
0.3333333333333333,0.6666666666666666,0.07602943074738608,0.26048793081192717
0.41629017684264874,0.24719246159803795,0.07602943074738608,1.0
0.41629017684264874,0.24719246159803795,0.07602943074738608,1.0
0.41629017684264874,1.0,0.07602943074738608,0.26048793081192717
1.0,0.24719246159803795,0.07602943074738608,0.26048793081192717
1.0,0.24719246159803795,0.07602943074738608,0.26048793081192717
1.0,0.24719246159803795,0.07602943074738608,0.26048793081192717
0.41629017684264874,1.0,0.07602943074738608,0.26048793081192717
1.0,0.24719246159803795,0.07602943074738608,0.26048793081192717
1.0,0.24719246159803795,0.07602943074738608,0.26048793081192717
0.41629017684264874,1.0,0.07602943074738608,0.26048793081192717
1.0,0.24719246159803795,0.07602943074738608,0.26048793081192717
1.0,0.24719246159803795,0.07602943074738608,0.26048793081192717
1.0,0.24719246159803795,0.07602943074738608,0.26048793081192717
1.0,0.24719246159803795,0.07602943074738608,0.26048793081192717
1.0,0.24719246159803795,0.07602943074738608,0.26048793081192717
1.0,0.24719246159803795,0.07602943074738608,0.26048793081192717
1.0,0.24719246159803795,0.07602943074738608,0.26048793081192717
0.5,0.5,0.07602943074738608,0.26048793081192717
1.0,0.24719246159803795,0.07602943074738608,0.26048793081192717
1.0,0.24719246159803795,0.07602943074738608,0.26048793081192717
0.41629017684264874,0.24719246159803795,0.07602943074738608,1.0
0.41629017684264874,1.0,0.07602943074738608,0.26048793081192717
0.41629017684264874,0.24719246159803795,0.07602943074738608,1.0
0.41629017684264874,1.0,0.07602943074738608,0.26048793081192717
0.41629017684264874,1.0,0.07602943074738608,0.26048793081192717
0.41629017684264874,0.24719246159803795,0.07602943074738608,1.0
0.41629017684264874,1.0,0.07602943074738608,0.26048793081192717
0.41629017684264874,1.0,0.07602943074738608,0.26048793081192717
0.41629017684264874,0.5,0.07602943074738608,0.5
0.41629017684264874,1.0,0.07602943074738608,0.26048793081192717
1.0,0.24719246159803795,0.07602943074738608,0.26048793081192717
0.5,0.24719246159803795,0.07602943074738608,0.5
1.0,0.24719246159803795,0.07602943074738608,0.26048793081192717
0.3333333333333333,0.3333333333333333,0.07602943074738608,0.3333333333333333
0.41629017684264874,1.0,0.07602943074738608,0.26048793081192717
1.0,0.24719246159803795,0.07602943074738608,0.26048793081192717
0.41629017684264874,1.0,0.07602943074738608,0.26048793081192717
0.41629017684264874,1.0,0.07602943074738608,0.26048793081192717
0.41629017684264874,1.0,0.07602943074738608,0.26048793081192717
0.41629017684264874,1.0,0.07602943074738608,0.26048793081192717
0.41629017684264874,1.0,0.07602943074738608,0.26048793081192717
0.41629017684264874,1.0,0.07602943074738608,0.26048793081192717
0.41629017684264874,1.0,0.07602943074738608,0.26048793081192717
0.41629017684264874,1.0,0.07602943074738608,0.26048793081192717
0.41629017684264874,1.0,0.07602943074738608,0.26048793081192717
0.41629017684264874,1.0,0.07602943074738608,0.26048793081192717
0.41629017684264874,0.24719246159803795,1.0,0.26048793081192717
1.0,0.24719246159803795,0.07602943074738608,0.26048793081192717
0.41629017684264874,1.0,0.07602943074738608,0.26048793081192717
0.41629017684264874,1.0,0.07602943074738608,0.26048793081192717
0.41629017684264874,1.0,0.07602943074738608,0.26048793081192717
0.41629017684264874,1.0,0.07602943074738608,0.26048793081192717
0.41629017684264874,1.0,0.07602943074738608,0.26048793081192717
0.41629017684264874,1.0,0.07602943074738608,0.26048793081192717
0.41629017684264874,1.0,0.07602943074738608,0.26048793081192717
0.41629017684264874,1.0,0.07602943074738608,0.26048793081192717
0.41629017684264874,1.0,0.07602943074738608,0.26048793081192717
1.0,0.24719246159803795,0.07602943074738608,0.26048793081192717
0.6666666666666666,0.3333333333333333,0.07602943074738608,0.26048793081192717
0.41629017684264874,1.0,0.07602943074738608,0.26048793081192717
0.41629017684264874,1.0,0.07602943074738608,0.26048793081192717
0.41629017684264874,1.0,0.07602943074738608,0.26048793081192717
1.0,0.24719246159803795,0.07602943074738608,0.26048793081192717
0.41629017684264874,1.0,0.07602943074738608,0.26048793081192717
0.41629017684264874,1.0,0.07602943074738608,0.26048793081192717
0.41629017684264874,0.24719246159803795,0.07602943074738608,1.0
1.0,0.24719246159803795,0.07602943074738608,0.26048793081192717
1.0,0.24719246159803795,0.07602943074738608,0.26048793081192717
1.0,0.24719246159803795,0.07602943074738608,0.26048793081192717
0.41629017684264874,0.24719246159803795,0.07602943074738608,1.0
1.0,0.24719246159803795,0.07602943074738608,0.26048793081192717
0.41629017684264874,0.24719246159803795,0.07602943074738608,1.0
0.41629017684264874,1.0,0.07602943074738608,0.26048793081192717
0.41629017684264874,0.24719246159803795,0.07602943074738608,1.0
0.41629017684264874,0.24719246159803795,0.07602943074738608,1.0
0.41629017684264874,1.0,0.07602943074738608,0.26048793081192717
0.41629017684264874,1.0,0.07602943074738608,0.26048793081192717
0.41629017684264874,1.0,0.07602943074738608,0.26048793081192717
0.41629017684264874,1.0,0.07602943074738608,0.26048793081192717
0.41629017684264874,0.24719246159803795,0.07602943074738608,1.0
0.41629017684264874,1.0,0.07602943074738608,0.26048793081192717
0.41629017684264874,0.24719246159803795,0.07602943074738608,1.0
0.6666666666666666,0.24719246159803795,0.07602943074738608,0.3333333333333333
0.41629017684264874,0.24719246159803795,1.0,0.26048793081192717
0.41629017684264874,1.0,0.07602943074738608,0.26048793081192717
0.41629017684264874,0.24719246159803795,0.07602943074738608,1.0
1.0,0.24719246159803795,0.07602943074738608,0.26048793081192717
0.41629017684264874,0.6666666666666666,0.3333333333333333,0.26048793081192717
1.0,0.24719246159803795,0.07602943074738608,0.26048793081192717
0.41629017684264874,1.0,0.07602943074738608,0.26048793081192717
0.41629017684264874,1.0,0.07602943074738608,0.26048793081192717
0.41629017684264874,1.0,0.07602943074738608,0.26048793081192717
1.0,0.24719246159803795,0.07602943074738608,0.26048793081192717
1.0,0.24719246159803795,0.07602943074738608,0.26048793081192717
1.0,0.24719246159803795,0.07602943074738608,0.26048793081192717
1.0,0.24719246159803795,0.07602943074738608,0.26048793081192717
1.0,0.24719246159803795,0.07602943074738608,0.26048793081192717
0.41629017684264874,1.0,0.07602943074738608,0.26048793081192717
0.41629017684264874,1.0,0.07602943074738608,0.26048793081192717
0.41629017684264874,0.24719246159803795,0.07602943074738608,1.0
1.0,0.24719246159803795,0.07602943074738608,0.26048793081192717
1.0,0.24719246159803795,0.07602943074738608,0.26048793081192717
1.0,0.24719246159803795,0.07602943074738608,0.26048793081192717
1.0,0.24719246159803795,0.07602943074738608,0.26048793081192717
0.0851063829787234,0.9148936170212766,0.07602943074738608,0.26048793081192717
0.6,0.4,0.07602943074738608,0.26048793081192717
0.41629017684264874,0.24719246159803795,0.6666666666666666,0.3333333333333333
0.9285714285714286,0.24719246159803795,0.07602943074738608,0.07142857142857142
0.41629017684264874,0.24719246159803795,0.07602943074738608,1.0
0.41629017684264874,1.0,0.07602943074738608,0.26048793081192717
0.41629017684264874,1.0,0.07602943074738608,0.26048793081192717
1.0,0.24719246159803795,0.07602943074738608,0.26048793081192717
0.41629017684264874,1.0,0.07602943074738608,0.26048793081192717
0.41629017684264874,1.0,0.07602943074738608,0.26048793081192717
0.41629017684264874,1.0,0.07602943074738608,0.26048793081192717
0.41629017684264874,1.0,0.07602943074738608,0.26048793081192717
0.41629017684264874,1.0,0.07602943074738608,0.26048793081192717
0.41629017684264874,0.24719246159803795,0.07602943074738608,1.0
1.0,0.24719246159803795,0.07602943074738608,0.26048793081192717
1.0,0.24719246159803795,0.07602943074738608,0.26048793081192717
0.6,0.4,0.07602943074738608,0.26048793081192717
0.41629017684264874,1.0,0.07602943074738608,0.26048793081192717
0.41629017684264874,0.24719246159803795,0.07602943074738608,1.0
0.41629017684264874,0.24719246159803795,1.0,0.26048793081192717
0.41629017684264874,1.0,0.07602943074738608,0.26048793081192717
0.41629017684264874,1.0,0.07602943074738608,0.26048793081192717
0.41629017684264874,1.0,0.07602943074738608,0.26048793081192717
0.41629017684264874,1.0,0.07602943074738608,0.26048793081192717
0.41629017684264874,1.0,0.07602943074738608,0.26048793081192717
0.41629017684264874,0.24719246159803795,1.0,0.26048793081192717
0.41629017684264874,1.0,0.07602943074738608,0.26048793081192717
0.2222222222222222,0.7777777777777778,0.07602943074738608,0.26048793081192717
0.41629017684264874,0.24719246159803795,0.07602943074738608,1.0
0.5,0.24719246159803795,0.07602943074738608,0.5
0.41629017684264874,0.24719246159803795,0.07602943074738608,1.0
0.41629017684264874,0.24719246159803795,0.07602943074738608,1.0
0.41629017684264874,0.24719246159803795,0.07602943074738608,1.0
0.41629017684264874,0.24719246159803795,0.07602943074738608,1.0
1.0,0.24719246159803795,0.07602943074738608,0.26048793081192717
0.41629017684264874,1.0,0.07602943074738608,0.26048793081192717
0.41629017684264874,1.0,0.07602943074738608,0.26048793081192717
0.6666666666666666,0.3333333333333333,0.07602943074738608,0.26048793081192717
1.0,0.24719246159803795,0.07602943074738608,0.26048793081192717
0.41629017684264874,0.6666666666666666,0.07602943074738608,0.3333333333333333
0.41629017684264874,1.0,0.07602943074738608,0.26048793081192717
0.41629017684264874,1.0,0.07602943074738608,0.26048793081192717
0.41629017684264874,1.0,0.07602943074738608,0.26048793081192717
0.41629017684264874,1.0,0.07602943074738608,0.26048793081192717
0.41629017684264874,1.0,0.07602943074738608,0.26048793081192717
0.41629017684264874,1.0,0.07602943074738608,0.26048793081192717
0.41629017684264874,0.24719246159803795,0.07602943074738608,1.0
0.16666666666666666,0.3333333333333333,0.3333333333333333,0.16666666666666666
0.41629017684264874,0.24719246159803795,0.07602943074738608,1.0
0.41629017684264874,1.0,0.07602943074738608,0.26048793081192717
0.41629017684264874,0.24719246159803795,1.0,0.26048793081192717
0.41629017684264874,1.0,0.07602943074738608,0.26048793081192717
0.41629017684264874,1.0,0.07602943074738608,0.26048793081192717
1.0,0.24719246159803795,0.07602943074738608,0.26048793081192717
0.41629017684264874,1.0,0.07602943074738608,0.26048793081192717
0.41629017684264874,1.0,0.07602943074738608,0.26048793081192717
0.41629017684264874,1.0,0.07602943074738608,0.26048793081192717
0.41629017684264874,1.0,0.07602943074738608,0.26048793081192717
0.41629017684264874,1.0,0.07602943074738608,0.26048793081192717
0.41629017684264874,1.0,0.07602943074738608,0.26048793081192717
0.41629017684264874,1.0,0.07602943074738608,0.26048793081192717
0.41629017684264874,1.0,0.07602943074738608,0.26048793081192717
0.41629017684264874,1.0,0.07602943074738608,0.26048793081192717
0.41629017684264874,1.0,0.07602943074738608,0.26048793081192717
0.41629017684264874,1.0,0.07602943074738608,0.26048793081192717
0.41629017684264874,1.0,0.07602943074738608,0.26048793081192717
0.41629017684264874,1.0,0.07602943074738608,0.26048793081192717
0.41629017684264874,1.0,0.07602943074738608,0.26048793081192717
0.41629017684264874,1.0,0.07602943074738608,0.26048793081192717
0.41629017684264874,1.0,0.07602943074738608,0.26048793081192717
1.0,0.24719246159803795,0.07602943074738608,0.26048793081192717
0.41629017684264874,1.0,0.07602943074738608,0.26048793081192717
0.41629017684264874,1.0,0.07602943074738608,0.26048793081192717
0.41629017684264874,1.0,0.07602943074738608,0.26048793081192717
0.41629017684264874,1.0,0.07602943074738608,0.26048793081192717
0.41629017684264874,1.0,0.07602943074738608,0.26048793081192717
0.41629017684264874,1.0,0.07602943074738608,0.26048793081192717
1.0,0.24719246159803795,0.07602943074738608,0.26048793081192717
0.41629017684264874,0.25,0.07602943074738608,0.75
1.0,0.24719246159803795,0.07602943074738608,0.26048793081192717
0.41629017684264874,1.0,0.07602943074738608,0.26048793081192717
0.41629017684264874,1.0,0.07602943074738608,0.26048793081192717
0.41629017684264874,0.24719246159803795,0.07602943074738608,1.0
0.41629017684264874,1.0,0.07602943074738608,0.26048793081192717
0.41629017684264874,1.0,0.07602943074738608,0.26048793081192717
0.41629017684264874,1.0,0.07602943074738608,0.26048793081192717
0.41629017684264874,1.0,0.07602943074738608,0.26048793081192717
0.41629017684264874,0.24719246159803795,1.0,0.26048793081192717
1.0,0.24719246159803795,0.07602943074738608,0.26048793081192717
0.41629017684264874,1.0,0.07602943074738608,0.26048793081192717
0.41629017684264874,1.0,0.07602943074738608,0.26048793081192717
0.41629017684264874,0.24719246159803795,0.07602943074738608,1.0
0.41629017684264874,0.24719246159803795,0.07602943074738608,1.0
0.41629017684264874,1.0,0.07602943074738608,0.26048793081192717
1.0,0.24719246159803795,0.07602943074738608,0.26048793081192717
0.41629017684264874,1.0,0.07602943074738608,0.26048793081192717
0.41629017684264874,1.0,0.07602943074738608,0.26048793081192717
0.41629017684264874,1.0,0.07602943074738608,0.26048793081192717
0.41629017684264874,0.24719246159803795,0.07602943074738608,1.0
1.0,0.24719246159803795,0.07602943074738608,0.26048793081192717
0.5,0.5,0.07602943074738608,0.26048793081192717
0.41629017684264874,1.0,0.07602943074738608,0.26048793081192717
1.0,0.24719246159803795,0.07602943074738608,0.26048793081192717
0.3333333333333333,0.6666666666666666,0.07602943074738608,0.26048793081192717
0.3333333333333333,0.3333333333333333,0.3333333333333333,0.26048793081192717
0.41629017684264874,1.0,0.07602943074738608,0.26048793081192717
1.0,0.24719246159803795,0.07602943074738608,0.26048793081192717
0.41629017684264874,1.0,0.07602943074738608,0.26048793081192717
0.41629017684264874,1.0,0.07602943074738608,0.26048793081192717
1.0,0.24719246159803795,0.07602943074738608,0.26048793081192717
0.41629017684264874,1.0,0.07602943074738608,0.26048793081192717
1.0,0.24719246159803795,0.07602943074738608,0.26048793081192717
1.0,0.24719246159803795,0.07602943074738608,0.26048793081192717
1.0,0.24719246159803795,0.07602943074738608,0.26048793081192717
1.0,0.24719246159803795,0.07602943074738608,0.26048793081192717
0.41629017684264874,0.24719246159803795,1.0,0.26048793081192717
0.41629017684264874,0.24719246159803795,0.07602943074738608,1.0
1.0,0.24719246159803795,0.07602943074738608,0.26048793081192717
0.043478260869565216,0.24719246159803795,0.07602943074738608,0.9565217391304348
0.41629017684264874,1.0,0.07602943074738608,0.26048793081192717
0.41629017684264874,1.0,0.07602943074738608,0.26048793081192717
0.41629017684264874,1.0,0.07602943074738608,0.26048793081192717
0.41629017684264874,1.0,0.07602943074738608,0.26048793081192717
0.8545454545454545,0.07272727272727272,0.07602943074738608,0.07272727272727272
1.0,0.24719246159803795,0.07602943074738608,0.26048793081192717
1.0,0.24719246159803795,0.07602943074738608,0.26048793081192717
1.0,0.24719246159803795,0.07602943074738608,0.26048793081192717
0.41629017684264874,1.0,0.07602943074738608,0.26048793081192717
0.41629017684264874,1.0,0.07602943074738608,0.26048793081192717
0.41629017684264874,0.24719246159803795,0.07602943074738608,1.0
0.41629017684264874,1.0,0.07602943074738608,0.26048793081192717
1.0,0.24719246159803795,0.07602943074738608,0.26048793081192717
1.0,0.24719246159803795,0.07602943074738608,0.26048793081192717
0.41629017684264874,0.24719246159803795,0.07602943074738608,1.0
0.41629017684264874,0.24719246159803795,0.07602943074738608,1.0
1.0,0.24719246159803795,0.07602943074738608,0.26048793081192717
1.0,0.24719246159803795,0.07602943074738608,0.26048793081192717
1.0,0.24719246159803795,0.07602943074738608,0.26048793081192717
1.0,0.24719246159803795,0.07602943074738608,0.26048793081192717
0.41629017684264874,0.24719246159803795,0.07602943074738608,1.0
1.0,0.24719246159803795,0.07602943074738608,0.26048793081192717
0.41629017684264874,0.24719246159803795,0.07602943074738608,1.0
0.41629017684264874,0.24719246159803795,0.07602943074738608,1.0
1.0,0.24719246159803795,0.07602943074738608,0.26048793081192717
1.0,0.24719246159803795,0.07602943074738608,0.26048793081192717
0.41629017684264874,1.0,0.07602943074738608,0.26048793081192717
0.41629017684264874,1.0,0.07602943074738608,0.26048793081192717
0.41629017684264874,0.24719246159803795,1.0,0.26048793081192717
0.41629017684264874,1.0,0.07602943074738608,0.26048793081192717
0.41629017684264874,0.24719246159803795,0.07602943074738608,1.0
1.0,0.24719246159803795,0.07602943074738608,0.26048793081192717
0.41629017684264874,1.0,0.07602943074738608,0.26048793081192717
1.0,0.24719246159803795,0.07602943074738608,0.26048793081192717
0.41629017684264874,1.0,0.07602943074738608,0.26048793081192717
0.41629017684264874,1.0,0.07602943074738608,0.26048793081192717
1.0,0.24719246159803795,0.07602943074738608,0.26048793081192717
1.0,0.24719246159803795,0.07602943074738608,0.26048793081192717
0.41629017684264874,0.24719246159803795,0.07602943074738608,1.0
0.41629017684264874,1.0,0.07602943074738608,0.26048793081192717
0.41629017684264874,1.0,0.07602943074738608,0.26048793081192717
0.41629017684264874,1.0,0.07602943074738608,0.26048793081192717
0.41629017684264874,1.0,0.07602943074738608,0.26048793081192717
0.41629017684264874,1.0,0.07602943074738608,0.26048793081192717
0.41629017684264874,1.0,0.07602943074738608,0.26048793081192717
1.0,0.24719246159803795,0.07602943074738608,0.26048793081192717
0.41629017684264874,1.0,0.07602943074738608,0.26048793081192717
1.0,0.24719246159803795,0.07602943074738608,0.26048793081192717
1.0,0.24719246159803795,0.07602943074738608,0.26048793081192717
0.41629017684264874,1.0,0.07602943074738608,0.26048793081192717
0.41629017684264874,1.0,0.07602943074738608,0.26048793081192717
0.41629017684264874,1.0,0.07602943074738608,0.26048793081192717
0.41629017684264874,0.24719246159803795,1.0,0.26048793081192717
0.41629017684264874,0.24719246159803795,0.07602943074738608,1.0
0.41629017684264874,0.24719246159803795,0.07602943074738608,1.0
1.0,0.24719246159803795,0.07602943074738608,0.26048793081192717
1.0,0.24719246159803795,0.07602943074738608,0.26048793081192717
1.0,0.24719246159803795,0.07602943074738608,0.26048793081192717
0.41629017684264874,0.24719246159803795,0.07602943074738608,1.0
1.0,0.24719246159803795,0.07602943074738608,0.26048793081192717
1.0,0.24719246159803795,0.07602943074738608,0.26048793081192717
0.41629017684264874,0.24719246159803795,0.07602943074738608,1.0
1.0,0.24719246159803795,0.07602943074738608,0.26048793081192717
0.41629017684264874,0.24719246159803795,0.07602943074738608,1.0
0.41629017684264874,0.24719246159803795,0.07602943074738608,1.0
0.41629017684264874,1.0,0.07602943074738608,0.26048793081192717
0.5,0.24719246159803795,0.07602943074738608,0.5
0.41629017684264874,0.24719246159803795,0.6666666666666666,0.3333333333333333
0.41629017684264874,1.0,0.07602943074738608,0.26048793081192717
1.0,0.24719246159803795,0.07602943074738608,0.26048793081192717
0.41629017684264874,0.24719246159803795,0.07602943074738608,1.0
0.41629017684264874,0.03571428571428571,0.07602943074738608,0.9642857142857143
0.41629017684264874,0.24719246159803795,0.07602943074738608,1.0
0.41629017684264874,0.24719246159803795,0.07602943074738608,1.0
1.0,0.24719246159803795,0.07602943074738608,0.26048793081192717
1.0,0.24719246159803795,0.07602943074738608,0.26048793081192717
0.41629017684264874,0.24719246159803795,0.07602943074738608,1.0
0.41629017684264874,0.24719246159803795,0.07602943074738608,1.0
0.41629017684264874,0.24719246159803795,0.07602943074738608,1.0
1.0,0.24719246159803795,0.07602943074738608,0.26048793081192717
0.41629017684264874,1.0,0.07602943074738608,0.26048793081192717
0.8,0.2,0.07602943074738608,0.26048793081192717
0.41629017684264874,0.24719246159803795,0.07602943074738608,1.0
1.0,0.24719246159803795,0.07602943074738608,0.26048793081192717
1.0,0.24719246159803795,0.07602943074738608,0.26048793081192717
0.4716981132075472,0.5283018867924528,0.07602943074738608,0.26048793081192717
1.0,0.24719246159803795,0.07602943074738608,0.26048793081192717
1.0,0.24719246159803795,0.07602943074738608,0.26048793081192717
0.41629017684264874,0.24719246159803795,0.07602943074738608,1.0
1.0,0.24719246159803795,0.07602943074738608,0.26048793081192717
0.41629017684264874,1.0,0.07602943074738608,0.26048793081192717
1.0,0.24719246159803795,0.07602943074738608,0.26048793081192717
1.0,0.24719246159803795,0.07602943074738608,0.26048793081192717
0.41629017684264874,1.0,0.07602943074738608,0.26048793081192717
1.0,0.24719246159803795,0.07602943074738608,0.26048793081192717
0.41629017684264874,1.0,0.07602943074738608,0.26048793081192717
0.41629017684264874,1.0,0.07602943074738608,0.26048793081192717
0.41629017684264874,1.0,0.07602943074738608,0.26048793081192717
1.0,0.24719246159803795,0.07602943074738608,0.26048793081192717
0.41629017684264874,1.0,0.07602943074738608,0.26048793081192717
0.41629017684264874,1.0,0.07602943074738608,0.26048793081192717
0.41629017684264874,1.0,0.07602943074738608,0.26048793081192717
0.41629017684264874,1.0,0.07602943074738608,0.26048793081192717
0.41629017684264874,1.0,0.07602943074738608,0.26048793081192717
0.41629017684264874,1.0,0.07602943074738608,0.26048793081192717
0.41629017684264874,1.0,0.07602943074738608,0.26048793081192717
0.41629017684264874,1.0,0.07602943074738608,0.26048793081192717
0.41629017684264874,1.0,0.07602943074738608,0.26048793081192717
0.41629017684264874,1.0,0.07602943074738608,0.26048793081192717
0.41629017684264874,1.0,0.07602943074738608,0.26048793081192717
0.41629017684264874,1.0,0.07602943074738608,0.26048793081192717
0.41629017684264874,1.0,0.07602943074738608,0.26048793081192717
0.41629017684264874,1.0,0.07602943074738608,0.26048793081192717
0.41629017684264874,1.0,0.07602943074738608,0.26048793081192717
0.41629017684264874,1.0,0.07602943074738608,0.26048793081192717
0.41629017684264874,1.0,0.07602943074738608,0.26048793081192717
0.41629017684264874,1.0,0.07602943074738608,0.26048793081192717
0.41629017684264874,1.0,0.07602943074738608,0.26048793081192717
0.41629017684264874,1.0,0.07602943074738608,0.26048793081192717
0.41629017684264874,0.5,0.07602943074738608,0.5
0.41629017684264874,0.24719246159803795,0.07602943074738608,1.0
0.41629017684264874,1.0,0.07602943074738608,0.26048793081192717
0.41629017684264874,1.0,0.07602943074738608,0.26048793081192717
1.0,0.24719246159803795,0.07602943074738608,0.26048793081192717
1.0,0.24719246159803795,0.07602943074738608,0.26048793081192717
0.41629017684264874,1.0,0.07602943074738608,0.26048793081192717
0.41629017684264874,1.0,0.07602943074738608,0.26048793081192717
0.41629017684264874,1.0,0.07602943074738608,0.26048793081192717
0.41629017684264874,1.0,0.07602943074738608,0.26048793081192717
0.41629017684264874,1.0,0.07602943074738608,0.26048793081192717
0.41629017684264874,1.0,0.07602943074738608,0.26048793081192717
0.41629017684264874,1.0,0.07602943074738608,0.26048793081192717
0.41629017684264874,0.24719246159803795,0.07602943074738608,1.0
0.41629017684264874,1.0,0.07602943074738608,0.26048793081192717
0.41629017684264874,1.0,0.07602943074738608,0.26048793081192717
0.41629017684264874,1.0,0.07602943074738608,0.26048793081192717
0.41629017684264874,1.0,0.07602943074738608,0.26048793081192717
0.41629017684264874,1.0,0.07602943074738608,0.26048793081192717
0.41629017684264874,1.0,0.07602943074738608,0.26048793081192717
0.019417475728155338,0.8155339805825242,0.1650485436893204,0.26048793081192717
1.0,0.24719246159803795,0.07602943074738608,0.26048793081192717
0.41629017684264874,1.0,0.07602943074738608,0.26048793081192717
0.41629017684264874,1.0,0.07602943074738608,0.26048793081192717
0.41629017684264874,1.0,0.07602943074738608,0.26048793081192717
1.0,0.24719246159803795,0.07602943074738608,0.26048793081192717
1.0,0.24719246159803795,0.07602943074738608,0.26048793081192717
1.0,0.24719246159803795,0.07602943074738608,0.26048793081192717
0.5,0.24719246159803795,0.07602943074738608,0.5
0.41629017684264874,1.0,0.07602943074738608,0.26048793081192717
0.41629017684264874,1.0,0.07602943074738608,0.26048793081192717
0.41629017684264874,1.0,0.07602943074738608,0.26048793081192717
0.41629017684264874,1.0,0.07602943074738608,0.26048793081192717
1.0,0.24719246159803795,0.07602943074738608,0.26048793081192717
0.41629017684264874,1.0,0.07602943074738608,0.26048793081192717
0.75,0.25,0.07602943074738608,0.26048793081192717
0.41629017684264874,1.0,0.07602943074738608,0.26048793081192717
0.41629017684264874,1.0,0.07602943074738608,0.26048793081192717
0.41629017684264874,1.0,0.07602943074738608,0.26048793081192717
0.41629017684264874,1.0,0.07602943074738608,0.26048793081192717
0.41629017684264874,1.0,0.07602943074738608,0.26048793081192717
0.41629017684264874,1.0,0.07602943074738608,0.26048793081192717
0.41629017684264874,0.24719246159803795,1.0,0.26048793081192717
0.41629017684264874,1.0,0.07602943074738608,0.26048793081192717
1.0,0.24719246159803795,0.07602943074738608,0.26048793081192717
0.41629017684264874,1.0,0.07602943074738608,0.26048793081192717
0.41629017684264874,1.0,0.07602943074738608,0.26048793081192717
0.41629017684264874,1.0,0.07602943074738608,0.26048793081192717
0.41629017684264874,0.24719246159803795,0.07602943074738608,1.0
0.41629017684264874,0.24719246159803795,1.0,0.26048793081192717
0.41629017684264874,0.24719246159803795,1.0,0.26048793081192717
1.0,0.24719246159803795,0.07602943074738608,0.26048793081192717
1.0,0.24719246159803795,0.07602943074738608,0.26048793081192717
1.0,0.24719246159803795,0.07602943074738608,0.26048793081192717
0.6,0.24719246159803795,0.4,0.26048793081192717
0.41629017684264874,1.0,0.07602943074738608,0.26048793081192717
1.0,0.24719246159803795,0.07602943074738608,0.26048793081192717
0.41629017684264874,1.0,0.07602943074738608,0.26048793081192717
0.41629017684264874,1.0,0.07602943074738608,0.26048793081192717
0.41629017684264874,1.0,0.07602943074738608,0.26048793081192717
0.41629017684264874,0.24719246159803795,0.07602943074738608,1.0
1.0,0.24719246159803795,0.07602943074738608,0.26048793081192717
0.41629017684264874,1.0,0.07602943074738608,0.26048793081192717
1.0,0.24719246159803795,0.07602943074738608,0.26048793081192717
1.0,0.24719246159803795,0.07602943074738608,0.26048793081192717
0.39285714285714285,0.6071428571428571,0.07602943074738608,0.26048793081192717
0.9943181818181818,0.005681818181818182,0.07602943074738608,0.26048793081192717
0.41629017684264874,1.0,0.07602943074738608,0.26048793081192717
0.41629017684264874,0.24719246159803795,0.07602943074738608,1.0
0.41629017684264874,1.0,0.07602943074738608,0.26048793081192717
0.41629017684264874,1.0,0.07602943074738608,0.26048793081192717
0.41629017684264874,0.24719246159803795,0.07602943074738608,1.0
0.41629017684264874,0.24719246159803795,0.07602943074738608,1.0
0.41629017684264874,1.0,0.07602943074738608,0.26048793081192717
0.41629017684264874,0.24719246159803795,0.07602943074738608,1.0
1.0,0.24719246159803795,0.07602943074738608,0.26048793081192717
0.41629017684264874,0.7,0.07602943074738608,0.3
0.41629017684264874,0.24719246159803795,0.07602943074738608,1.0
0.5,0.5,0.07602943074738608,0.26048793081192717
0.41629017684264874,1.0,0.07602943074738608,0.26048793081192717
0.41629017684264874,1.0,0.07602943074738608,0.26048793081192717
0.41629017684264874,1.0,0.07602943074738608,0.26048793081192717
1.0,0.24719246159803795,0.07602943074738608,0.26048793081192717
0.41629017684264874,1.0,0.07602943074738608,0.26048793081192717
0.41629017684264874,1.0,0.07602943074738608,0.26048793081192717
0.41629017684264874,1.0,0.07602943074738608,0.26048793081192717
0.41629017684264874,1.0,0.07602943074738608,0.26048793081192717
1.0,0.24719246159803795,0.07602943074738608,0.26048793081192717
1.0,0.24719246159803795,0.07602943074738608,0.26048793081192717
0.41629017684264874,1.0,0.07602943074738608,0.26048793081192717
1.0,0.24719246159803795,0.07602943074738608,0.26048793081192717
0.41629017684264874,1.0,0.07602943074738608,0.26048793081192717
1.0,0.24719246159803795,0.07602943074738608,0.26048793081192717
0.5925925925925926,0.4074074074074074,0.07602943074738608,0.26048793081192717
1.0,0.24719246159803795,0.07602943074738608,0.26048793081192717
1.0,0.24719246159803795,0.07602943074738608,0.26048793081192717
1.0,0.24719246159803795,0.07602943074738608,0.26048793081192717
1.0,0.24719246159803795,0.07602943074738608,0.26048793081192717
0.41629017684264874,1.0,0.07602943074738608,0.26048793081192717
0.41629017684264874,1.0,0.07602943074738608,0.26048793081192717
0.41629017684264874,1.0,0.07602943074738608,0.26048793081192717
0.8,0.24719246159803795,0.07602943074738608,0.2
1.0,0.24719246159803795,0.07602943074738608,0.26048793081192717
0.41629017684264874,1.0,0.07602943074738608,0.26048793081192717
1.0,0.24719246159803795,0.07602943074738608,0.26048793081192717
0.5,0.5,0.07602943074738608,0.26048793081192717
0.41629017684264874,1.0,0.07602943074738608,0.26048793081192717
1.0,0.24719246159803795,0.07602943074738608,0.26048793081192717
1.0,0.24719246159803795,0.07602943074738608,0.26048793081192717
0.41629017684264874,1.0,0.07602943074738608,0.26048793081192717
0.41629017684264874,1.0,0.07602943074738608,0.26048793081192717
1.0,0.24719246159803795,0.07602943074738608,0.26048793081192717
0.41629017684264874,1.0,0.07602943074738608,0.26048793081192717
0.41629017684264874,1.0,0.07602943074738608,0.26048793081192717
1.0,0.24719246159803795,0.07602943074738608,0.26048793081192717
1.0,0.24719246159803795,0.07602943074738608,0.26048793081192717
1.0,0.24719246159803795,0.07602943074738608,0.26048793081192717
1.0,0.24719246159803795,0.07602943074738608,0.26048793081192717
0.41629017684264874,1.0,0.07602943074738608,0.26048793081192717
1.0,0.24719246159803795,0.07602943074738608,0.26048793081192717
1.0,0.24719246159803795,0.07602943074738608,0.26048793081192717
1.0,0.24719246159803795,0.07602943074738608,0.26048793081192717
0.41629017684264874,1.0,0.07602943074738608,0.26048793081192717
0.41629017684264874,1.0,0.07602943074738608,0.26048793081192717
1.0,0.24719246159803795,0.07602943074738608,0.26048793081192717
1.0,0.24719246159803795,0.07602943074738608,0.26048793081192717
1.0,0.24719246159803795,0.07602943074738608,0.26048793081192717
0.41629017684264874,1.0,0.07602943074738608,0.26048793081192717
1.0,0.24719246159803795,0.07602943074738608,0.26048793081192717
1.0,0.24719246159803795,0.07602943074738608,0.26048793081192717
0.41629017684264874,0.6666666666666666,0.07602943074738608,0.3333333333333333
1.0,0.24719246159803795,0.07602943074738608,0.26048793081192717
0.41629017684264874,0.24719246159803795,0.07602943074738608,1.0
1.0,0.24719246159803795,0.07602943074738608,0.26048793081192717
0.41629017684264874,1.0,0.07602943074738608,0.26048793081192717
1.0,0.24719246159803795,0.07602943074738608,0.26048793081192717
1.0,0.24719246159803795,0.07602943074738608,0.26048793081192717
0.41629017684264874,1.0,0.07602943074738608,0.26048793081192717
1.0,0.24719246159803795,0.07602943074738608,0.26048793081192717
0.41629017684264874,1.0,0.07602943074738608,0.26048793081192717
1.0,0.24719246159803795,0.07602943074738608,0.26048793081192717
0.41629017684264874,1.0,0.07602943074738608,0.26048793081192717
0.41629017684264874,1.0,0.07602943074738608,0.26048793081192717
0.41629017684264874,1.0,0.07602943074738608,0.26048793081192717
0.41629017684264874,1.0,0.07602943074738608,0.26048793081192717
0.41629017684264874,1.0,0.07602943074738608,0.26048793081192717
0.41629017684264874,1.0,0.07602943074738608,0.26048793081192717
0.41629017684264874,1.0,0.07602943074738608,0.26048793081192717
0.41629017684264874,1.0,0.07602943074738608,0.26048793081192717
0.5842696629213483,0.4157303370786517,0.07602943074738608,0.26048793081192717
0.41629017684264874,0.24719246159803795,0.45555555555555555,0.5444444444444444
0.2564102564102564,0.7435897435897436,0.07602943074738608,0.26048793081192717
0.48484848484848486,0.24719246159803795,0.07602943074738608,0.5151515151515151
0.41629017684264874,1.0,0.07602943074738608,0.26048793081192717
0.41629017684264874,1.0,0.07602943074738608,0.26048793081192717
0.6666666666666666,0.24719246159803795,0.07602943074738608,0.3333333333333333
0.41629017684264874,0.24719246159803795,0.07602943074738608,1.0
1.0,0.24719246159803795,0.07602943074738608,0.26048793081192717
0.41629017684264874,1.0,0.07602943074738608,0.26048793081192717
0.2,0.4,0.2,0.2
0.41629017684264874,0.5,0.07602943074738608,0.5
1.0,0.24719246159803795,0.07602943074738608,0.26048793081192717
1.0,0.24719246159803795,0.07602943074738608,0.26048793081192717
0.41629017684264874,0.1111111111111111,0.07602943074738608,0.8888888888888888
0.41629017684264874,1.0,0.07602943074738608,0.26048793081192717
0.41629017684264874,0.24719246159803795,0.07602943074738608,1.0
0.21428571428571427,0.07142857142857142,0.3333333333333333,0.38095238095238093
0.41629017684264874,0.5384615384615384,0.46153846153846156,0.26048793081192717
1.0,0.24719246159803795,0.07602943074738608,0.26048793081192717
1.0,0.24719246159803795,0.07602943074738608,0.26048793081192717
1.0,0.24719246159803795,0.07602943074738608,0.26048793081192717
0.41629017684264874,1.0,0.07602943074738608,0.26048793081192717
1.0,0.24719246159803795,0.07602943074738608,0.26048793081192717
1.0,0.24719246159803795,0.07602943074738608,0.26048793081192717
0.41629017684264874,0.24719246159803795,0.07602943074738608,1.0
0.41629017684264874,0.24719246159803795,0.07602943074738608,1.0
0.41629017684264874,1.0,0.07602943074738608,0.26048793081192717
0.41629017684264874,1.0,0.07602943074738608,0.26048793081192717
0.41629017684264874,0.24719246159803795,0.07602943074738608,1.0
0.41629017684264874,1.0,0.07602943074738608,0.26048793081192717
1.0,0.24719246159803795,0.07602943074738608,0.26048793081192717
