8,8,8,8
5,5,5,5,5,5,5,5,5,5,5,5,5,5,5,5,5,5,5,5,5,5,5,5,5,5,5,5,5,5,5,5,5,5,5,5,5,5,5,5,5,5,5,5,5,5,5,5,5,5
5,5,5,5,5,5,5,6,6,6
23
17,17,17,17,17,17,17,17,17,17,17,17,17,17,17,17,17,17,17,17,17,17,17,17,17,15,15,15,15,15,15,15,15,15,15,15,15,15,15,15,15,15,15,15,15,15,15,15,15,15,15,15,15,15,15,15,15,15,15,15,15,15,15,15,15,15,15,15,15,15,15,15,15,15,15,5,5,5,5,5,5,5,5,5,5,5,5,5,5,5,5,5,5,5,5,5,5,5,5,5
15,15,15
17,17,17,17,17,17,17,17,17,17,17,17,17,17,17,17,17,17,17,17,17,17,17,17,17,17,17,17,17,17,17,17,17,17,18,18,18,18,18,18,18,18,18,18,18,18,18,18,18,18,18,18,18,18,18,18,18,17,17,17,17,17,17,17,17,17,17,17,17,17,17,17,17,17,17,17,17,17,17,17,17,17,17,17,17,17,17,17,17,17,17,17,17,17,17,17,17,17,17,17,17,17,17,17,17,17,17,17,17,17,17,17,17,17,17,17,17,17,17
21,21,21,21,21,21,21,21,21,21,21,21,21,21,21,21,21,21,21,21,21,21,21,21,21,21,21,21,19,19,19,19,19,19,19,19,19,19,19,19,19,19,19,21,21,21
10
13
17,17,17
17,17
17,17,17,17
4,5,26,26,15,15,17,17,17,17,17,17,20,20
7,7,7,7,7,7,7,7,7,7,7,7,7,7,7,7,7,7,7,7,7,7,7
11,11,11,11,23,23,23,20,20,20,20,20,23,20,20,18
2,2,2
10
2,2
2,2,2,2,2,2
2,2,2,2,2
27,27
17,17,17,18,17,17,17,17,17,17,17,17,17,17,17,17,17,17,17,17,17,17,17,17,17,17,17,17,17,17,17,17,17,17,17,17,17,17,17,17,17,17,17,17,17,17,17,17,17,17,17,17,17,17,17,17,17,17,17,17,17,17,17,17,17,17,17,17,17,17,17,17,17,17,17,17,17,21,21,21,17,17,27
15
16,16,16
20
23
3
5,5,16,16,16
16,1,1,1,1,1,1,1,1,1,1,1
17,17
20,20,20,20,23,23,23,23,4,4,17
20,20,20,20
15,15,15,15,15,15,15,15,15,15,25,17,17,17,17,17,17,17
15
22,22,22,22,22,22
20,17,17
3,3,3,3,3,3,3,3
3
17
17,17,17
9,5,5,14,15,15,3,3,3,3,3
23,23,23,23,23,21,21,21,21
15
17
23
17
1
13
17
21
7,7,7,7,20,20
5
17,17,17,17,23
15,15,15,25,22,22,23
3,3,18,18,26,9,9,9,16,16,16
17,27,27,27
17,9
16,16,16,16
11,15,15
17,17,17
7
4
18,25
23
15
9
20
20
17,17,17,17,17,17,17
16,16,16,16,16,16,16,16
17
17
21
17
15
15,3
2,2,2,2,2,2,2,2,2,2,2,2,2,2,2,2,2,2
11,11
4,4,4,18,16,16
6
17,17,17
3,3,3,3,3,3,3,3,3,3,3,3,3,3,3,3,3,3,3,3,3,15,15,15,15,15,25,25,25,25,25,25,5,5,5
17,17,17
1,1,6,6,6,6,9,9,26,26,26,26,26,26,15,15,15,15,5,5,17,17,17
17
4
4
16
17,17,15,15
24,1,1,22,22,22,22
20,20,26
4,4,9
4
17,17,17,17,25,25,5
17
20,20
26
23,26,17,17,17,15,5,20
6,9
9,9,9,16,16,16,16,16,16,16,6,16,9,9,9,9,9,9,23
21
3,3
21
26
17,17
17
5,5,5,5
2,2,2,2,2,2,2,2,2,2,2,2,24
17,5,17
2,2,2,2
15,15,15,17
27
3
17
21,17,17,17,9,3,3,3,3
5,5,5
16
16
20,20,20,20,20,20,20,20,20,20
6,9,17
4
26,26,26,26,9,23,23
23
9,9,9,5,5,5,5,5,5,5,5,5,5,5,5,5,5,5,5,5,5,5,5,5,5,5,5,5,5,5,5,5,5,5,5,5,5,5,5,5,5,5,5,5,5,5,5,5,5,5,5,5,5,5,5,5,5,5,5,5,5,5,5,5,5,5,5,5,5,5,5,5,5,5,5,5,5,5,5,5,5,5,5,5,5,5,5,5,5,5,5,5,5,5,5,5,5,5,5,5,5,5,5,5,5,5,9,9,9,9,23,23
1,3
6
9,9,23,4,23,23,9
26,26,26,26,26,26,26,26,26,26,26,26,26,26
15,15,25,25,4
23
15,15,23,23
23,23
23,23,18,18
3
17,17,17,17,17
18
23,23,23,23,23,23,23
3
11,11,11,11,11,11,11,11,11,16,16,11,11,11,11,11,11,11
1,1,1
4,23,23,26
26,26,26,26,26,26,26,26,26,26,26,9,9,9,5
26
23,18
4,4,4
23,23,23
23,23,23
18,15
3,3,3,17,17,17,15,26
20,15
17
23
5
5
18,17
17
17,17,18,18
18
1,1,1,1,1
18,18,18
6,25,25,4,4,4
9
5
1
18,18
18,18,18
18,18,18
13
1,1
8,8,8,8,8,8,8
16,16,16,16,16,16
1,1
1
17
1
18,18,18,18
8,8,8,8,8,8,8,8,8,8,8,8,8,8
17
4,16,16,16,16
19
17,17,23,23,23,23,4,17,5,5,9,1,1,1
16,20
1,1,1
6
3
17
1,1,1,1
15
20
23
17,17
1,1,1,1,20,20,20,20,23,23,23,23,17,17,17,17,17,17,17,17,17,17,17,17,17,15,15,15,15
5,23,23,23,23,23,23,23,23,23,23,23,23,23,23,23,5,15,15,25,25,25,25,25,25,25,25,25,25,25,25,25,25,25,25
6,6,6,6,6,6,6,6,6,6,6,6,6,6,6,6,6,6,6,6,6,6,6,6,6,6,6,6,6,6,6,6,6,6,6,6,6,6,6,6,6,6,6,6,6,6,6,6,6,6,6,6,6,6,6,6,6,6,6,6,6,6,6,6,6,6,6,6,6,6,6,6,6,6,25,25,25,25,25,25,25,25,25,25,25,25,25,25,25,25,25,25,25,25,25,25,25,25,25,25,25,25,25,25,25,25,25,25,25,25,25,25,25,25,25,25,25,25,25,25,25,25,25,25,25,25,25,25,25,25,25,25,25,25,25,25,25,15,15,15,15,15,15,15,15,15,15,15,15,15,5,5,5,5,26,26,26,26,26,26,15,15,23,23
20
3,3
17,17,17,17,17,20,20,20,25
11,11
9,9,9,9,9,9,9,9,9,9,9,9,9,9,9,9,9,9,9,9,9,9,9,9,9,9,9,9,9,9,9,9,9,9,9,9,9,9,9,9,9,9,9,9,9,9,9,9
1
1
20
17
16,16,16,18,18,18,18,4
3,3,3
10
20
6
7
18,18,18,18,18,18,18,18,18,18,18,18,18,18,18,18,18,18,17,17,17,17,17,17,17,17,17,17,17,17,17,17,17,17,18,18,18,18,18,18
18,18,18,18,17,17,17,17,17,17,15,17,17,17,17,17,17,17,17,17,17,17,17,17,17,17,17,17,17,17,17,17,17,27,27,15,15,15,15,15,15,15,15,5,5,5,18,18,18,18,18,18,18,18,18,18,17,17,17,17,15,15,15,15,15,15,18,14,14,18,18,18,18,18,18,18,18,18,18,18,18
18,18,18,18,18,18,5,5,5,5,5,5,5,5,5,5,5,5,5,5,5,5,5,9,9,9,9,9,9,9,9,9,9,9,26,26,26,26,15,15,15,15,17,17,17,17,15,15,17,17,17,17
20
17
17,17,17,17,17,17,17,17,17,17,23,23,23,23,23,9,9,26
17,17,5,17,17,27,27,17,17,17,17,17
5,5,5,5,5,5,5,5,17,17
3,3,3,3,3,3,3,3,3,3,3,3,3,3,3,3,3,3,3
23,6,15,15,15,15,15,15,15
17,23,23,4,4,5,6,5,6,15,15,25,15,15,15,15,15,15,15,17,17,17,18,15,5,15,5
3,3,3,4,5,15,17,23,25
23
26,23,23,23
7
3,3
3
17,17,17,17,17,17,4,5,5,4
20,20,20
6,9,6,6,6,6,6,6
3,21,15,17
27
20,20
17,17,17,17,27,17,17,17,17,17,17,17,17,17,6,9,9
6,6,6,6,6,6,6,6,6,6,6,6,6,6,6,6,6,6,6
15,15,15,15,15,15,15,15,15,15,15,15,15,15,15,15,5,5,5,5,5,5,5
7,4,23,17
18
27,9
16,16,16,16,11,11,11,11,17,17,25,15,15
9,7,7,7,7,7
22
28,28,28,28
9,9,9,9,9,9,9,9
6,6,9
9,9
2
19
20,20,20,20
25,20,20,20,20,20
2,2,2,2,2,2,2,2,2,2
16
23
16
3
17,17,17,17,17,17,17,17,11,11,11
3,3,3,3,3,3,3,3,3,3,3,17,17,17,17,17,17,17,17,17,16
1,1,1,1,1,1,1
17
17,15,17,5
9
9,26,9,9,9,26,26,26,26,26,15
20,20,20,20,20,20,20,20,20,20,20,20,20,20,20,20,20,20,20,20,20,20,20,20,20,20,20,20,20,20,20,20,20,20,20,20,20,20,20,20,20,20,20,20,20,20,20,20,20,20
2,2,2,2,2,2,2,2,2,2,2,2,2,2,2,2,2,2,2,2,2,2,2
17,17,18,17
15
11,11,11
16,9,9
21,17,17,23
11
11,11
21
17
23
11
17
17,17,17,17,17,17,17,17,17,17,17,17,17,17,17,17,17,17,17
17
17,17,17
15,15,15,15,15,15,15,15,15
26
23,20
15
11,9,9,9,6,6,26,26,4,23
17,17,17,17,17
9,9,9,9,9,9,9,9,9,9,9,9
26,26
7,7,7,26
15
17,17
15,5,5
22
6
9
23,11
8,8
26
28,28
17
15
17
3
20,20,20,20
17
15
21
23
21,21,21
16,16,16,16
9
16,16,16,16,16
4,4,9
17
2
16,5,5,15,15,15,15,15,15,15,15,17,17,17,17,17,17,17,17,9
15,15,15,15,15,15,15,15,15,15,15,15,15,15,15,15,15,23,23,23,23,23
23,17
25,25,4,15
26,26,26,26,6,6,6,11,11,16,16,16
26,26,26,26
3,3
6,6,6,26,17,17,17,17,15,17,17,17,17
1,2,2,2,2
4,25,17,17,17,17,27,9
16
24
17
17,15,15,26,26,20,23,23,23,23,23,23,23,23,23,23,25
11,16,11,16
9,9,9,9,9,9,9,9,9,9,9,9,9
16
3,3,3,3,3,3,3,3,3,3
6
3,3,3,3,3,3,3,3,3,3,3,3,3,3,3,3,3,3,3,3,3,3,3,3,3,3,3,3,3,3,3,3,3,3,3,3
16,16,16,16,16,16,16,16,16,16
16,16,16,16,16,16
17,16,16,16,6,6
16,16
16
9,9,9,9,9,9,9,9,9,9,9
9,9,9,9,9,9,9
9,9,9,9,9,9,9,9,9,9,9,9,9,9,9,9,9,9,9,9,9,9,9,9,9,9,9,9,9,9,9,9,9,9,9,9,9,9,9,9,9,9,9
2
16,16,16
16
16,16,16,16,16,16
16,11
11
17,27
15
2,2,2,2,2,2,2
16,16,26,26,26,11,16,26,16,16,16,16,16,16,16,16,16,16,16,16,16
26,26,26,26,26,26,26,26,26,26,26,26
11
20,20
21,20,20,20,20,20,20,20,20,20,20,20
3
17
10
17,17,15,15,5,5,9,6,11,11,11,11,11,11,11,11,11,11,11,11,11,11,11,11,11,11,11,11,26,26,26,20,20
11,11,11
4,4,5,5,5,6,6,7,7,7,9,11,11,11,11,11,11,11,11,11,11,11,11,11,11,11,11,11,11,11,11,16,20,20,20,20,20,20,20,20,20,20,25,25,25,25,25
20,23,23,23,23,23,23
23,25,15,15,23,25,15,25,4,4,4,18,18,25
25,25,17,17,17,17,23,17,17,17
11
7,20
11
17,17,4,4,4,15,15,5,15,15,6,6,6,6,15,15,15,15,1,1
23,23,23,23,23,23,23,23,23,23
17
7,7,7,7,7,7,7,7,7,7,7,5,6
5,15,15,15,15
25,25,25,25,25,25,25,25,25,25,25
15,15,15,15,15,15,15,15,15,15
7,17,17
11,11
15,15,15,15,15
17,27,3,3,3
16,9,9,9
16
4,4,6,5,5,5,9,9,6,6
23
23
11
17
3
9,9,9,9,9,9
23
6
16
16
11,11,11
11
6
8
11,4
11
5,9
20
16
16
16
16,16,16,11
9,9,9,9
23
11,11
3,3
19
4
11
11
7
7
11,11,11,11
2
11
20
26,26,26,26,26,26,6,6,6,25,25,25,25,15,25,25,15,15,15,15,15,15,15,15,15,15,15,15,15,26,26,26,26,26,26,15,15,15,15,15,15
4
4,4,4,4,4,25,25
3
7
6,6,6,6,6
26
11,11,11,11
3,3,3,3,3,3,3
3,3,3
3,3
10
6
11,5,5
5,9
26
10
28,28,28,28,28
9,9,26
9
17
28
10,10,10,10,10
28,28,28
3
15
15
11
5,5
13
6
10
9
27
20
7
15,15,15,25,26
4,25
19
8,8,8,8,8,8,23
23,23,4,4,4,4,18,18,15,4
18
18,18,18,18,17,17,17,17,23,23,23,23
3,3,3,3,3,3,3,3,3,3,3,3,3
3
5,17,17
1,24,1,26
20
23,5
2,20
9,10
15,15,15,17,17,17,17,17,17,17,17,17,18,23,23,23,23,23,23,23,20,20,20,20,20,20,20,20,20,20,20,20,20
3,3
4,4,4,4
20,20,20,20,20,20,20,20,20,20,20,20,20,20,20,20,20,20,20,20,20,20,20,20,20,20,20,20,20,20,20,20,20,20,20
3,3,3,3,3,3,3,3,3,3,3,3,3,3,3,3,3,3,3,3,3,3,3,3,3,3,3,3,3,3
25,15,3,3,3,3,3,3,3,3,3
18,18,14,5,5,5,5,5,5,5,5,5,5,5,5,5,5,9
2,2,29,29,2
17
17,17
6
20,20,20,20,20,20,20,20,20,20,20,20,20,20,20,20,20,20,20,20,20,20,20,20,20
1,1,1,1,1,1,1,1,1,1,1,1,1,1,1,1,1,1,1,1,1,1,1,1,1,1,1,1,1,1,1,1,1,1,1,1,1,1,1,1,1,1,1,1,1,1,1,1,1,1,1,1,1,1,1,1,1,1,1,1,1,1,1,1,1,1,1,1,1,1,1,1,1,1,1,1,1,1,1,1,1,1,1,1,1,1,1,1,1,1,1,1,1,1,1,1,1,1,1,1,1,1,1,1,1,1,1,1,1,1,1,1,1,1,1,1,1,1,1,1,1,1,1,1,1,1,1,1,1,1,1
6,6,6,6,6,6,6,6,6,6,6,6,6,6,6,6,6,6,6,6,6,6,6,6,6,6,6,6,6,6,6,6,6,6,6,6,6,6,6,6,6,6,6,6,6,6,6,6,6,6,6,6,6,6,6,6,6,6,6,6,6,6,6,6,6,6,6,6,6,6,6
6,6,6,6
17,15,18,15,15,5,26,26
22,22,22,9,6,9
5,15,15,17,17,25,5,5,5,5,5,5,5,6,6,6,6,6,4,18,18,23,20,20,19,3,3,3
17,17
17,17,17,17,17,15,17,15,15,15,15,5,23,26,26
20,26
23,23
3,3,3,3,17,17,17,17
26,26,26
3
7,7,7,7,7,7,7,7,7,7,7,7,7,7,7,7,7,7,7
15,15,15,15,15,15,15,15,15,15,15,15,15
20,20,20,20,20,20,20,20,20,20,20,20,20,20,20,20,20,20,20,20,20,20,20,20,20,20,20,20,20,20,20,20
26,26,6,6,6,6,6,17,17,17,17,17,17,17,17,17,17,17,17,17
16,16,16,16,16,16,16,16,16,16,16,16,16,16,16,16,16,16,16,16,16,16,16,16,16,16,16,16,16,16
11,11,11,11,11,11,11,11,11,11,11,11,11,11,11,11,11,11,11,11,11,11,11,11,11,11,11,11,11,11,11,11,11,11,11,11,11,11,11,11,11,11,11,11,11,11,11,11,11,11,11,11,11,11,11,11,11,11,11,11,11,11,11,11,11,11,11,11,11,11,11,11,11,11,11,11,11,11,11,11,11,11,11,11,11,11,11,11,11,11,11,11,11,11,11,11,11,11,11,11,11,11,11,11,11,11,11,11,11,11,11,11,11,11,11,11,11,11,11,11,11,11,11,11,11,11,11,11,11,11,11,11,11,11,11,11,11,11,11,11,11,11,11,11,11,11,11,11,11,11,11
26,26,26,9,9,9,9,9,9,9,9,9,9,9,9,9,9,9,26
11,11,11,11,11,11,11,11,11,11,11,11,11,11,11,11,11,11,11,11,11,11
20,20,20,20,20,20,20,20,20,20,20,20,20,20,20,20,20,20,20,20,20,20,20,20,20,20,20,20,20,20,20,20,20,20,20,20,20,20,20,20,20,20,20,20,20,20,20,20,20,20,20,20,20,20,20,20,20,20,20,20,20,20,20,20,20,20,20,20,20,20,20,20,20,20,20
20,20,20,20,20,20,20,20,20,20,20,20,20,20,20,20,20,20,20,20,20,20,20,20,5,5,5,5,5,5,5,5,5,5
20,20,20,20,20,20,20,20,20,20,20,20,20,20,20,20,20,20,20,20,20,20,20,20,20,20,20,20,20,20,20,20,20,20,20,20,20,20,20,20,20,20,20,20,20,20,20,20,20,20,20,20,20,20,20,20,20
19,19,19,19,19,19,19,19,19,19,19,19,19,19
17,17,17,17,17,17,17,17,17,17,17
17
18,4
17
26,26,26,26,26,26,26,26,26,26,26,26,26,26,26,26,14,15,14,14,5,5,5,5,5,5,5,5,5,5,5,5,9
17
23,23,17,17,17,4,4,6,6,6,3,3,3,3,3,3,3,3,3,3,3,3,3,3,3,3,3,3,3,3
21
16,16,16,16,16,16,16,16
17,17,17,17,17,17,17,17,17,17,17,17,17,17,17,17
26
9,9
11
3
15
11
23
16
16
26
17
26
26
16
17
23
11,11
21
11
23,23
5
26
10
11
21,21
21
9
26
17,17
16,4,4
13,13,13,13,13,13,13,13,13,13
17
6,6,6,6,6,6,6,6,6,6,6,6,6,6,6,6,6,6
17,3,17,17,17
17,17,17,17,17
27,27,27,27,27,27,27
18,18,18,18,18,18,18,18,18,18,18,18,18,18,18
16,11
3,3,3,3,3,3
20
27,17,17
23
17,4
16
23,23,23
27,27,27,27,27,27
17,17,17,15,15,15,15,15,15,15,25,25,4,20
15,15,15,15,6,6,6,6,6,6,9,18,18
4,4,4
17,17,17,17,17
16,16
16,16,16,16,16
23
17,17,17
17
17
18,25,25,25,25,17,18,18,20,20,17
17,26,9,9,9,9,6
11
5
10,10,10,10
17,17,9
20,7
5,5,5,21,9,9,9,9,9,9,9,9,9,9,9,9,9,9,5,5,5,5,5,4
25,25,25,25,15,15,25,25,14,14,15,15,1,1,1,1,1,1
25
3
26,26,15
17
1,1,1,1,1,1,1,1,1,1,1,1,1,1,1,1,1,1,1,1,1,1,1,1,1,1,1,1,1,1,1,1,1,1,1,1,1,1,1,1,1,1,1,1,1,1,1,1,1,1,1,1,1,1,1,1,1,1,1,1,1,1,1,1,1,1,1,1,1,1,1,1,1,1,1,1,1,1,1,1,1,1,1,1,1,1,1,1,1,1,1,1,1,1,1,1,1,1,1,1,1,1,1,1,1,1,1,1,1,1,1,1,1,1,1,1,1,1,1,1,1,1,1,1,1,1,1,1,1,1,1,1,1,1,1,1,1,1,1,1,1,1,1,1,1,1,1,1,1,1,1,1,1,1
17,17,17,17,17,17,17,17,17,17,17,17,17,17,17,17,17,17,25,25,15,15,15,15,15,15,15,15,15,15,15,17,26,26,26,26
18
18
9
17,17,17
15,15
8
6
3,3,3,3,3,3,3,3,3,3,3,3,3,3,3,3,3,3,3,3,3,3,3,3,3,3,3,3,3,3,3,3
17,4,4,4,4,4,9
11,11,11,16
17,17,17,17,4,4,4,4,4,4,4,4,4,4,4,4,4,4,4,4,4,4,17
26,3,3,3
20,20,20,20,20,4,25
16
20
20
20
20
20,15,5,6,6,26,17
8,8,8
8
16
20
7
20
18
20,20,23
11,11
17,17,17,17,15,15,15,15,15,15,5,5,4,4,17,3,3,3
9,11,11,11,11,20,17,26,26,15,5
17,17,1
17
15,15,15,15,15,15,15,15,5,5,5,15
23,23,23,19,19,19,19,19,19,19,19,19,19,19,19,19,19,19,19,19,19,19,19,19,19,19,17,17,17,17,17,17,17,17,17,17,17,17,17,17,17,17,17,17,17,17,17,17,17,17,17,17,17,17,17,17,17,17,17,17,17,17,17,17,17,17,17,17,15,15,15,15,15,15,15,15
20,20,20,20,20,20,20,20,20,20,20,20,20
26,26,26,26,26,26,26,26,15
5,5,5,5,5,5,14,14,14,14,14,14,14,14,14,14,14,14,14,14,14,14,14,14,14,15,15,15,15,15,15,15,15,15,15,15,15,15,15,15,15,15,15,15,15,15,15,15,15,15,15,15,15,15,15,15,23,23,23,23,23,18,18,18,18,18,18,15,15,15,15,15,15,15,5,5,5,5,9,5,5,5,5,9,9,9,9,9,9,9,9,26
16
23
23
4,4,23,15,15,15,15,15,15,15,15,15,15,15,15,14,14,15,5,5,5,5,5,5,5,5,5,5,6,6,6,6,6,6,25,4,25,4,23,23,23,23,23,17,17,17,17,17,17,17,17,17,17,17,17,17,17
8,8,8
9
14
24,29,24,29,24,24,29,2,2,2,2,2,2,2,2,2,2,2,2,2,2,2,2,2,2,2,2,2,2,2,2,2,2,2,2,2,2,2,2,2,2,2,2,2,2,2,2,2,2,2,2,2,2,2,2,2,2,2,2,2,2,2,2,2,2,2,2,2,2,2,2,2,1,1
8,8
7,7,7
8,8,8
20,20,20,20,20,20,20,20,20,20,20,20,20,20,20,20,20,20,20,20,20,20,20,19,23,17,17,17,17,17,17,17
24,24,24,24,24,24,24,24,24,24,24,24,24,24,24,24,24,24,24,24,24,24,24,24,24,24,24,24,24,24,24,24,24,24,24,24,24,24,24,24,24,24,24,24,24,24,24,24,24,24,24,24,24,24,24,24,24,24,24,24,24,24,24,24,24,24,24,24,24,24,24,24,24,24,24,24,24,24,24,24,24,24,24,24,24,24,24,24,24,24,24,24,24,24,24,24,24,24,24,24,24,24,24,24,24,24,24,24,24
3,3,3,3,3,3,3,3,3,3,3,3,3,3,3,3,3,3,3,3,3,3,3,3,3,3,3,3,3,3,3,3,3,3,3,3,3,3,3,3,3,3,3,3,3,3,3,3,3,3,3,3,3,3,3,3,3,3,3,3,3,3,3,3,3,3,3,3,3,3,3,3,3,3,3,3,3,3,3,3,3,3,3,3,3,3,3,3,3,3,3,3,3,3,3,3,3,3,3,3,3,3,3,3,3,3,3,3,3
23,4,4,4,25,25,25,15,15,15,15,15,15,15,15,15,15,15,15,15,15
20,20,20,20,20,20,20,20,20,20
9,9,9,9,9,9,9,9,9,9,9,9,9,9,9,9,9,9,9,9,9,9,9,9,9,9,9,9,9,9,9,9,9,9,9,9,9,9,9,9,9,9,9,9,9,9,9,9,9,9,9,9,9,9,9,9,9,9,9,9,9,9,9,9,9,9,9,9,9,9,9,9,9,9,9,9,9,9,9,9,9,9,9,9,9,9,9,9,9,9,9,9,9,9,9,9,9,9,9,9,9,9,9,9,9,9,9,9,9,9,9,9,9,9,9,9,9,9,9,9,9,9,9,9,9,9,9,9,9,9,9,9,9,9,9,9,9,9,9,9,9,9,9,9,9,9,9,9,9,9,9,9,9,9,9,9,9,9,9,9,9,9,9,9,9,9,9,9,9,9,9,9,9,9,9,9,9,9,9,9,9,9,9,9,9,9,9
25,15,14,25
20,20,20,20,20,20,20
26,20
7,7,7,7,7,7,7,7,7,7,7,7,7,7,7,7,7,7,7
8,8,8,8
20,20,20,20,20,20,20,20,20,20,20,20,20,20,20,20,20,20,20,20,20,20,20,20,20,20,20,20,20,20,20,20,20,20,20,20,20,20,20,20,20,20,20,20,20,20,20,20,20,20,20,20,20,20,20,20,20,20,20,20,20,20,20,20,20,20,20,20,20
15
9,6
17,17,17,17,17,17,17,17,17,17,17,17,17,17,17,17,17,17,17,17,17,17,17,17,17,17,17,17,17,17,17,17,17,17,17
17
9,9,9,9,9,9,26,26,26,26,26,26,26
25,25,25,25,25,25,25,25,25,25,25,25,25,25,25,25,25,25,25,25,25,25,25,25,25,25,25,25,25,25,25,25,25,25,25,25,25,25,25,25,25,25,25,25,25,25,25,25,25,25,25,25,25,25,25,25,25,25,25,25,25,25,25,25,25,25,25,25,25,25,25,25,25,25,25,25,25,25,25,25,25,25,25,25,25,25,25,25,25,25,25,25,25,25,25,25,25,25,25,25,25,25,5,5,5,5
1
22
3,3,3,3,3,3,3,3,3,3,3,3,3,3,3,3,3,3,3,3,3,3,3,3,3,3,3,3,3,3,3,3
7
1
11,6,6,6,6,6,6,6,6,6,6,6,6,9,5,5,14,14,14,14,14,14,14,14,14,14,14,14,14,14,14,26,26,26,26,26,26,26,26,26,26,26,26,26,26,15,15,17,17,17,17,17,17,17,17,17,17,17,18,19,4,4,4,4,23,23,23,23,23,23,23,23,23,23,23,23,23,23,23,23,7,7,7,7
17,23,23,6,6
17
18
25,25,25,20,20,20
11
23,18
20,20,20,20,20
17,17
4
3,3,3,3,3,3,3,3,3,3,3,3
16,17
16,16,16,16,16,16,16,16,16,16,16,16,16,16,16
6,9,6,26
17
23,19,26,26,26,26,26
17,17,17,17,17,17,25,4,4,4,23,23,5,5,5,5,5
15
23
1,1,1,1,1,15,15,15
3,3,4
25
17
17
16,11,16,6,6,6,6
15
2,2,2,2,2,2,2,2,2,2,2,2,2,2,2,2,2,2,2,2,2,2,2,2,2,2,2,2,2,2,2,2,2,2,2,2,2
3,3,3,3,3,3,3,3,3,3
7
2
7,7,7
7,7,7
7
18
2,2,2,2,2,2,2,2,2,2,2,2,2,2,2
7,7
17,17,17,17,17,17,17,17,17,17,17,17,17,17,17,17,17,17,17,17,17
3,3
3,3
17,17,17,17
2,2,2,2,2,2,2,2,2,2,2,2,2,2,2,2,2,2,2,2,2,2,2,2
3,3,3
8,8,8
2,2
5,5,23,23,23,23,23,23,23,23
5
7,7,7
7,7,7,7,7,7,7,7,7,7,7,7,7,7,7,7,7,7,7,7,7,7
16,16
25
27
9,9,9
20,26,4
18,18
4
6
26
22
22
3
13,13,13
5,9,9,9,26,17,17,17,17,17,17,17,25,25,25,25,25,5
1,1,2,2,2,2,2,2,2,2,2,2,2,2,2,2,2,2,2,2,2,5,5,26
5
7
23,23
7,3
9
2,2,2
2
26,26
20
9,26
26
5
9
21
26,26
9,9,9,9
26,26,26,26
16,26,26,26,17
16,17
11
15,17,15
11
7
7,7
9
2,2,2
9
6
16
4,23,23,6,9
26
6
20,20
7
16,6,9,17,27,27
15
18,16,5
17,17,17,17,17,17
17,17,17
17,17,17,17,17,17,17,17,17,17,17,17,17,17,17,17
27
17
18
7
17
5
27,27
16
17,18,18,18,18
21,21
3,3,3
1,1
1,1
7,7,7
3,3,3
3,5,23,26,26,24,1,1
21
19,19,19,19,19,19,19
19,19
19
18
17,19
18
19
19
19
17
11
27,27,19
19,19,19,19
19
19
19,19
19,19,19,19,19,19,19,19,19,19,19,19,19,19,19,19,19,19,19,19,19,19,19,19,19,19,19
4,4,4
23,17,25,4
16,17,17,17,17,17,17,17,17,17,17,17,17,17,17,17,17,9,9,9,9,9,9,9,9,9,9,9,9,9,9,9,9,9,9,9,9,9,9,9
11
4,4,4,19,19,19
24,24
9
23,23
9
20,20
2,2,2,2
2
10
2,2
2
27
16
1
11
10,10,10,10,10,17,6,6,17,20,20,20,20,20
20,20,20
9
20
26
5
11
11
20
27
26,26,26,26
20
20
17,26
16,16,16
4
6,9,18,19,16
21
13
23,23,23,4,4,25,4,23
20,20
20,20,20,20,20,20,11,11,16
16
16
22
20
21
7
9,9,9,16,16,11,11,9,17,17,17,17
22,22,22,22,22,3,3,3,3,3,3,3,3,3,3,3,3
23,23,23,23,23,17,17,17,17,17,17,17,17,17,17,17,17,17,17,17,17,17,17,17,17,17,17,17,17,17,17,17,17,17,17,17,17,17,17,27,27,27,27,17,17,27,27,27,27,15,15,23,18,18
3,3,3,3,3,3,3,3,3,3,3,3,3,3,3,3,3,3,3,3,3,3,3,3,3,3,3,3,3,3,3,3,3,3,3,3,17,17,17,17,17,17,17,17,17,17,17,17,17,17,17
16,16,16,16,16,16,16
24,24
21
7,14,14,25,25,4,23,23,23
1
21
18
2,2,2,2
9,9,9,9
2,2,2,2,2,2,2,2,2,2,2,2,2,2,2,2,2,2,2,2,2,2,2,2,2,2,2,2,2,2,2,2,2,2,2,2,2,2,2,2,2,2,2,2,2,2,2,2,2,2,2,2,2,2,2,2,2,2,2,2,2,2,2,2,2,2
26
2,2
17,17,17,17,17,17,17,17,17
23
26
15
15
17
19,19,19,19,19,19,19,19,19,19,19,19
2,2
17
20,20,17,27
1
1
4,17
3
20
20
7
17
24,24,24,24,24,24,24,24,24,24,24,24,24,24,24,24,24,24
4
17
4,4,4,4,4,4,4,4
4,4
16,16,16,16
16,16
20,20,26
1,1
2,2,2,2,2
2,2
2,2,2,2
16,16,6,6,6,6,6,6,9,9,9,5,14,15,15,25,17,17,17,15,15,16,16,6,6,6,6,6,6
1,1,1,1,1
7,7
4
26
26
16,15
7,7,20,20,23,23,23
16,16,15,18,18,4,4,4,15,15
18,17,4
27
17
23
10
26
4,17,21
1,1,1
23
20,23,23,25,17,17,17,17,17,3,3,3,17
6,6,6,9,5,6,11
9,6,6,6,6,6,14,14,25,25,20
4,4
17,17,15,26,7,7,7,7,7,7,7,7,23,17,17,17,17
17
29
23
23
17,17,17,15,15,15,15,15,15,15,15,5,9,9,6,9,17,17,17,17,15,15
7,20,20
17,17,17,17,17,17,21
14,14,4,25,25,25,5,5
9,9,9,9,9,9
17,17,17,17,17,17,17,17,17
1,1,1,1,3,3,3,3,3,3,3,3,3,3,3,17
5
8
18,17,17,17,17,17,1,1
17,17
1,1,1,1,1,1,1,1,1,1,1,1,1,1,1,1,1,1,1,1,1,1,1,1,1,1,1,1,1,1,1,1,1,1,1,1,1,1,1,1,1,1,1,23,4,17,17,17,17,17,17,17,17,17,17,17,17,17,17,17,17,17,17,17,17,17,17,17,17,17,17,17,17,8,8,8,8,8,8,8,8,8,8,8,8,8,8,8,8,8,8,8,8,8,8,8,8,8,8,8,8,8,8,8,8,8,8,8,8,8,8,8,8,8,8,8,8,8,8,8,8,8,8,8,8,8,8,8,8,8,8,8
13,13,13,13,13,13,13,13,13,13,13,13,13,13,13,13,13,13,13,13,13,13,13,13,13,13,13,13,13,13,13,13,13,13,13,13,13,13,13,13,13,11,6,6,6,23,23,23,23,4,4,4,4,4,4,4,4,18,18,18,18,18,18,18,18,18,18,17,17,17,17,17,17,17,17,17,27,27,27,27,27,27,21,21,21,21,21,21,21,21,21,21,21,21,21,21,21,21,21,21,21,21,21,21,21,21,21,21,21,21,21,21,21,21,21,21,22
5,4
15
11,11,11,11,11,11,11,11,11,11,11,11,11,11,11,11,11,11,11,11,11,11,11,11,11,11,11,11,11,11,11,11,11,11,11,11,11,11,11,11,11,11,11,11,11,11,11,11,11,11,11,11,11,11,11,11,11,11,11,11,11,11,11,11,11,11,11,11,11,11,11,11,11,11,11,11,11,11,11,11,11,11,11,11,11,11,11,11,11,11,11,11,11,11,11,11,11,11,11,11,11,11,11,11,11,11,11,11
25
27,17,17
17,17
17,17
17,17
4
25
25
25
17,15
3
3,3,3
11
11,23
15
24
3,3,3,3
26,26,5,5,5,5,14,15,15,15,15,17,17,17,17,17,17,17,17,17,17,4,4,4,4,23,23,23,4,4
15,15,15,15,15,15,15,15,15,15,15,15,15
3,3,3,3,3,3,3,3,3,3,3,3,3,3,3,3,3,3
1,1
28
26
20
17
16,16,16,16,16,16,16,16,16,16,16,16,16,16,16,16,16,16,16,16,16,16,16
16,16,16,16,16,16,16,16,16
16,16,16,16,16,16,16,16,16,16,16,16,16,16,16,16,16,16,16,16,16,16,16,16,16,16,16,16,16,16,16,16,16,16,16,16,16,16,16,16,16,16,16,16,16,16,16,16,16,16,16,16,16,16,16
16,16,16,16,16,16,16,16,16,16,16,16,16,16,16,16,16,16,16,16,16,16,16,16,16,16,16,16,16,16,16,16,16,16
16,16,16,16,16,16,16,16,16,16,16,16,16,16,16,16,16,16,16,16,16,16,16,16,16,16,16,16,16,16,16,16,16,16,16,16,16,16,16,16,16,16,16,16,16,16,16,16,16,16,16,16,16,16,16,16,16,16,16,16,16,16,16,16,16,16,16,16,16,16,16,16,16,16
16,16,16,16,16,16,16,16,16,16,16,16,16,16,16,16,16,16,16,16,16,16,16,16,16,16,16,16,16,16,16,16,16,16,16,16,16,16,16,16,16,16,16,16,16,16,16,16,16,16,16,16,16,16,16,16,16,16,16,16,16,16,16,16,16,16,16,16,16,16,16,16,16,16,16,16,16,16,16,16,16,16,16,16,16,16,17,17,17,17,17,17,17,17,17,17,17,17,17,17,17,17,17,17,17
17,17,17,17,17,17,17,17,17,17,17,17,17,17,17,17,17,16,16,16,16,16,16,16,16,16,16,16,16,16,16,16,16,16,16,16,16,16,16,16,16,16,16,16,16,16,16,16,16,16,16,16,16,16,16,16,16,16,16,16,16,16,16,16,16,16,16,16,16,16,16,16,16,16,16,16,16,16,16,16,16,16,16,16,16,16,16,16,16,16,16,16,16,16,16,16,16,16,16,16,16,16,16,16,16,16,16,16,16,16,16,16,16,16,16,16,16,16,16,16,16,16,16,16,16,16,16,16,16,16,16,16,16,16,16,16,16,16,16,16,16,16,16,16,16,16,16,16,16,16,16,16,16,16,16,16,16,16,16,16,16
16,16,16,16,16,16,16,16,16,16,16,16,16,16,16,16,16,16,16,16,16,16,16,16,16,16,16,16,16,16,16,16,16,16,16,16,16,16,16,16,16,16,16,16,16,16,16,16,16,16,16,16,16,16,16,16,16,16,16,16,16,16,16,16,16,16,16,16,16,16,16,16,16,16,16,16,16,16,16,16,16,16,16,16,16,16,16,16,16,16,16,16,16,16,16,16,16,16,16,16,16,16,16,16,16,16,16,16,16,16,16,16,16,16,16,16,16,16,16,16,16,16,16,16,16,16,16,16,16,16,16,16,16,16
20,20,20,20,20,20
20,20,20,20,20,20,20,20,20,20,20,20,20,20,20,20,20,20,20,20,20,20,20,20,20,20,20,20,20,20,20,20,20,20,20,20,20,20,20,20,20,20,20,20,20,20,20,20,20,20,20,20,20,20,20,20,20,20,20,20,20,20,20,20,20,20,20,20,20,20,20,20,20,20,20,20,20,20,20,20,20,20,20,20,20,20,20,20,20,20,20,20,20,20,20,20,20,20,20,20,20,20,20,20,20,20,20,20,20,20,20,20,20
16,16,16,16,16,16,16,16,16,16,16,16,16,16,16,16,16,16,16,16,16,16,16,16,16,16,16,16,16,16,16,16,16,16,16,16,16,16,16,16,16,16,16,16,16,16,16,16,16,16,16,16,16,16,16,16,16,16,16,16,16,16,16,16,16,16,16,16,16,16,16,16,16,16,16,16,16,16,16,16,16,16,16,16,16,16,16,16,16,16,16,16,16,16,16,16,16,16,16,16,16,16,16,16,16,16,16,16,16,16,16,16,16,16,16,16,16,16,16,16,16,16,16,16,16,16,16,16,16,16,16,16,16,16,16,16,16,16,16,16,16,16,16,16,16,16,16,16,16,16,16,16,16,16,16,16,16,16,16,16,16,16,16
16,16,16,16,16,16,16,16,16,16,16,16,16,16,16,16,16,16,16,16,16,16,16,16,16,16,16,16,16,16,16,16,16,16,16,16,16,16,16,16,16,16,16,16,16,16,16,16,16,16,16,16,16,16,16,16,16,16,11,11,11,11,11,11,11,11,11,11,11,11,11,11,11,11,11,11,11,11,11,11,11,11,11,11,11,11,11,11,11,11,11,11,11,11,11,11,11,11,11,11,11,11,11,11,11,11,11,11,11,11,11,11,11,11,11,11,11,11,11,11,11,11,11,11,11,11,11,11,11,11,11,11,11,11,11,11,11,11,11,11,11,11,11,11,11,11,11,11,11,11,11,11,11,11,11,11,11,11,11,11,11,11,11,11,11,11,11,11,11,11,11,11,11,11,11,11,11,11,11,11,11,20,20,20,20,20,20,20,20,20,20,20,20,20,20,20,20,20,20,20,20,20,20,20,20,20,20,20,20,20,20,20,20,20,20,20,20,20,20,20,20,20,20,20,20,20,20,20,20,20,20,20,20,20,20,20,20,20,20,20,20
11,11,11,11,11,11,11,11,11,11,11,11,11,11,11,11,11,11,11,11,11,11,11,11,11,11,11,11,11,11,11,11,11,11,11,11,11,11,11,11,11,11,11,11,11,11,11,11,11,11,11
26,26,26,26,26,26,26,26,26,26,26,26,26,26,26,26,26,26,26,26,26,26,26,26,26,26,26,26,26,26,26,26,26,26,26,26,26,26,26,26,26,26,26,26,26,26,26,26,26,26,26,26,26,26,26,26,26,26,26,26,26,26,26,17,17,17,17,17,17,17,17,17,17,17,17,17,17,17,17,17,17,17,17,17,17,17,17,17,17,17,17,17,17,17,17,17,17,17,17,17,17,17,17,17,17,17,17,17,17,17,17,17,17,17,17,17,17,17,17
16,16,16,16,16,16,16,16,16,16,16,16,16,16,16
21,21,21,21,21,21,21,21,21,21,21,21,21,21,21,21,21,21,21,21,21,21,21,21,21,21,21,21,21,21,21,21,21,21,21,21,21,21,21
16,16,16,16,16,16,16,16,16,16,16,16,16,16,16,16,16,16,16,16,16,16,16,16,16,16,16,16,16,16,16,16,16
17,17,17,17,17,17,17,17,17,17,17,17,17,17,17,17,17,17,17,17,17,17,17,17,17,17,17,17,17,17,17,17,17,17,17,17,17,17,17,17,17,17,17,17,17,17,17,17,17,17,17,17,17,17,17,17,17,17,17,17,17,17,17,17,17,17,17,17,17,17,17,17,17,17,17,17,17,17,17,17,17,17,17,17,17,17,17,17
10,10,10,10,10,10,10,10,10,10,10,10,10
17,17,17,17,17,17,17,17,17,17,17,17,17,17,17,17,17,17,17,17,17
16,16,16,16,16,16,16,16,16,16,16,16,16,16,16,16,16,16,16,16,16,16,16,16,16,16,16,16,16,16,16,16,16,16,16,16,16,16,16,16,16,16,16,16,16,16,16,16,16,16,16,16,16,16,16
16,16,16,16,16,16,16,16,16,16,16,16,16,16,16,16,16,16,16,16,16,16,16,16,16,16,16,16,16,16,16,16,16,16,16,16,16,16,16,16,16,16,16,16,16,16,16,16,16,16,16,16,16,16,16,16,16,16,16,16,16,16,16,16,16,16,16,16,16,16,16,16,16,16,16
16,16,16,16,16,16,16,16,16,16,16,16,16,16,16,16,16,16,16,16,16,16,16,16,16,16,16,16,16,16,16,16,16,16,16,16,16,16,16,16,16,16,16,16,16,16,16,16,16,16,16,16,16,16,16,16,16,16,16
16,16,16,16,16,16,16,16,16,16,16,16,16,16,16,16,16,16,16,16,16,16
16,16,16,16,16,16,16,16,16,16,16,16,16,16,16,16,16,16,16,16,16,16,16,16,16,16,16,16,16,16,11,11,11,11,11,11,11,11,11,11,11,11,11,11,11,11,11,11,11,11,11,11,11,11,11,11,11,11,11,11,11,11,11,11,11,11,11,11,11,11,11,11,11,11,11,11,11,11,11,11,11,11,11,11,11,11,11,11,11,11,11,11,11,11,11,11,11,11,11,11,11,11,11,11,11,11,11,11,11,11,11,11,11,11,11,11,11,11,11,11,11,11,11,11
11,11,11,11,11
16,16,16,16,16,16,16,16,16,16,16,16,16,16,16,16,16,16,16,16,16,16,16,16,16,16,16,16,16,16,16,16,16,16,16,16,16,16
17,17,17,17,17,17,17,17,17,17,17,17,17,17,17,17,17,17,17,17,17,17,17,17,17,17,17,17,17,17,17,17,17,17,17,17,17,17,17,17,17,17,17,17,17,17,17,17,17,17,17,17,17,17,17,17,17,17,17,17,17,17,17,17,17,17,17,17,17,17,17,17,17,17,17,17,17,17,17,17,17,17,17,17,17,17,17,17,17,17,17,17,17,17,17,17,17,17,17,17,17,17,17,17,17,17,17,17,17,17,17,17,17,17,17,17,17,17,17,17,17,17,17,17,17,17,17,17,17,17,17,17,17,17,17,17,17,17,17
17,17,17,17,17,17,17,17,17,17,17,17,17,17,17,17,17,17,17,17,17,17,17,17,17,17,17,17,17,17,17,17,17,17,17,17,17,17,17,17,17,17,17,17,17,17,17,17,17,17,17,17,17,17,17,17,17,17,17,17,17,17,17,17,17,17,17,17,17,17,17,17,17,17,17,17,17,17,17,17,17,17,17,17,17,17,17,17,17,17,17,17,17,17,17,17,17,17,17,17,17,17,17,17,17,17,17,17,17,17,17,17,17,17,17,17,17,17,17,17,17,17,17,17,17,17,17,17,17,17,17,17,17,17,17,17,17,17,17,17,17,17,17,17,17,17,17,17,17,17,17,17,17,17,17,17,17,17,17,17,17,17,17,17,17,17,17,17,17,17,17,17,17,17,17,17,17,17,17,17,17,17,17,17,17,17,17,17,17,17,17,17,17,17,17,17,17,17,17,17,17,17,17,17,17,17,17,17,17,17,17,17,17,17,17
16,16,16,16,16
6,6,6,6,6,6,6,6,6,6,6,6
11,11,11,11,11,11,11,11,11,16,16
21,21,21,21,21,21,21,21,21,21,21,21,21,21,21,21,21
11,11,11,11,11,11,11,11,11,11,11,11
16,16
16
16,16,16,16,16
17,17,17,17,17,17,17,17,17,17,17,17,17,17,17,17,17,17,17,17,17,17,17,17,17,17,17,17,17,17
16,16,16,16,16,16,16,16,16,16,16,16,16,16,16,16,16,16,16,16,16,16,16,16,16,16,16,16,16,16,16,16,16,16,16,16,16,16,16,16,16,16,16,16,16,16,16,16,16,16,16,16,16,16,16,16,16,16,16,16,16,16,16,16,16,16,16,16,16,16,16,16,16,16,16,16,16,16,16,16,16,16,16,16,16,16,16,16,16,16,16,16,16,16,16,16,16,16,16,16,16,16,16,16,16,16,16,16,16,16,16,16,16,16,16,16,16,16,16,16,16,16,16,16,16,16,16,16,16,16,16,16,16,16,16,16,16
16,16,16,16,16,16,16,16,16,16,16,16,16,16,16,16,16,16,16,16,16,16,16,16,16,16,16,16,16,16,16,16,16,16,16,16,16,16,16,16,16,16,16,16,16,16,16,16,16,16,16,16,16,16,16,16,16,16,16,16,16,16,16,16,16,16,16,16,16,16,16,16,16,16,16,16,16,16,16,16,16,16,16,16,16,16,16,16,16,16,16,16,16,16,16
11,11,11,11,11,11,11,11,11,11,11,11,11,11,11,11,11,11,11,11,11,11,11,11,11,11,11,11,11,11,11,16,16,16,16,16
16,16,16,16,16,16
16
6
17,17,17,17,17,17,17,17,17,17,17,17,17,17
16,16,16,16
16,16,16,16,16,16,16,16,16,16,16,16,16,16,16,16,16,16,16,16,16,16,16,16,16,16,16,16,16,16,16,16,16,16,16,16,16,16,16,16,16,16,16,16,16,16,16,16,16,16,16,16,16,16,16,16,16,16,16,16,16,16,16,16,16,16
11,11,11,11,11,11
21,21,21,21,21,21,21,21
21,21,21,21,21,21,21,21,21,21,21,21,21,21,21,21,21,21,21,21,21,21,21,21,21,21,21,21,21,21,21,21,21,21,21,21,21,21,21,21,21,21,21,21,21,21,21,21,21,21,21,21,21,21,21,21,21,21,21,21,21,21
21,21,21,21,21,21,21,21,21,21,21,21,21,21,21,21,21,21,21,21,21,21,21,21,21,21,21,21,21,21,21,21,21,21,21,21,21,21,21,21,21,21,21,21,21,21,21,21,21,21,21,21,21,21,21,21,21,21,21,21,21,21,21,21,21,21,21,21,21,21,21,21,21,21,21,21,21,21,21,21,21,21,21,21,21,21,21,21,21,21,21,21,21,21,21,21,21,21,21,21,21,21,21,21,21,21,21,21,21,21,21,21,21,21,21,21,21,21,21,21,21,21,21,21,21,21,21,21,21,21,21,21,21,21,21,21,21,21,21,21,21,21,21,21,21,21,21,21,21,21,21,21,21,21,21,21,21,21,21,21,21,21,21,21,21,21,21,21,21,21,21,21,21,21,21,21,21,21,21,21,21,21,21,21,21,21,21,21,21,21,21,21,21,21,21,21,21,21,21,21,21,21,21,21
6,6,6,6,6,6,6,6,6,6,11,11,11,11,11,11,11,11,11,11,11,11,11,11,11,11,11,11,11,11,11,11,11,11,11,11,11,11,11,11,11,11,11,11,11,11,11,11,11,11,11,11,11,11,11,11,11,11,11,11,11,11,11,11,11,11,11,11,11,11,11,11,11,11,11,11,11,11,11,11,11,11,11,11,11,11,11,11,11,11,11,11,11,11,11,11,11,17,17,17,17,17,17,17,17,17,17,17,17,17,17,17,17,17,17,17,17,17,17,17,17,17,17,17,17,17,17,17,17,17,17
16,16,16,16,16,16,16,16,16,16,16,16,11,11,11,11,11,11,11,11,11,11,11,11,11,11,11,11,11,11,11,16,16,16,16,16,16,16,16,16,16,16,16,16,16,16,16,16,16
16,16,16,16,16,16,16,16,16,16,16,16,16,16
11,11,11,11,11,11,11,11,11,11,11,11
16,16,16,16,16,16,16,16,16,16,16,16,16
16,16,16,16,16,16,16,16,16,16,16,16,16,16,16,16,16,16,16,16,16,16,16,16,16,16,16,16,16,16,16,16,16,16,16,16,16,16,16,16,16,16,16,16,16,16,16,16,16,16,16,16,16,16,16,16,16,16,16,16,16,16,16,16,16,16,16,16,16,16,16,16,16,16,16,16,16,16,16,16,16,16,16,16,16,16,16,16,16,16,16,16,16,16,16,16,16,16,16,16,16,16,16,16,16,16,16,16,16,16,16,16,16,16,16,16,16,16,16,16,16,16,16,16,16,16,16,16,16,16,16,16,16,16,16,16,16,16,16,16,16,16,16,16,16,16,16,16,16,16,16,16,16,16,16
6
16,16,16,16,16,16,16,16,16,16,16,16,16,16,16,16,16,16,16,16,16,16,16,16,16,16,16,16,16,11,11,11,11,11,11,11,11,11,11,11,11,11,11,11,11,11,11,11,11,11,11,11,11,11,11,11,11,11,11,11,11,11
16,16,16,16,16,16,16,16,16,16,16,16,16,16,16,16,16,16,16,16,16,16,16,16,16,16,16,16,16,16,16,16,16,16,16,16,16,16,16,16,16,16,16,16,16,16,16,16,16,16,16,16,16
6,6
18,18,18,18,18,18,18,18,18,18,18,18,18,18,18,18,18,18,18,18,18,18,18,18,18,18,18,18,18
16,16,16,16
16,16,16,16,16,16,16,16,16,16,16,16,16,16,16,16,16,16,16,16,16,16,16,16,16,16,16,16,16,16,16,16,16,16,16,16,16,16,16,16,16,16,16,16,16,16,16,16,16,16,16,16,16,16,16
11,11,11,11,11,11,11,11,11,11,11,11,11,11,11,11,11,11,11,11,11,11,11,11,11,11,11,11,11,11,11,11,11,11,11,11,11,11,11,11,11,11,11,11,11,11,11,11,11,11,11,11,11,11,11,11,11,11,11,11,11,11,11,11,11,11,11,11,11,11,11,11,11,11,11,11,11,11,11,11,11,11,11,11,11,11
11,26,26
16,16,16,16,16,16,16,16,16,16,16,16,16,16,16,16,16,16,16,16,16,16,16,16,16,16,16,16,16,16,16,16,16,16,16,16,16,16,16,16,16,16,16,16,16,16,16,16,16,16,16,16,16,16,16,16,16,16,16,16,16,16,16,16,16,16,16,16,16,16,16,16,16,16,16,16,16,16,16,16,16,16,16,16,16,16,16,16,16,16,16,16,16,16,16,16,16,16,16,16,16,16,16,16,16,16,16,16,16,16,16,16,16,16,16,16,16,16,16,16,16,16,16,16,16,16,16,16,16,16,16,16,16,16,16,16,16,16,16,16,16,16,16,16,16,16,16,16,16,16,16,16,16,16,16,16,16,16,16,16,16,16,16,16,16
11,11,11,27,27,27,27,27,27
16,16,16,16,16,16,16,16,16,16,16,16,16,16,16,16,16,16,16,16,16,16,16,16,16,16,16,16,16,16,16,16,16,16,11,11,11,11,11,11,11,11,11,11,11,11
20,20,20,20,20,20,20,20,20,20,20,20,20,20,20,20
16,16,16,16,16,16,16,16,16,16,16,16,16,16,16,16,16,16,16,16,16,16
16,16,16,16,16,16,16,16,16,16,16,16,16,16,16,16,16,16,16,16,16,16,16,16,16,16,16,16,16,16,16,16,16,16,16,16,16,16,16,16,16,16,16,16,16,16,16,16,16,16,16,16
16,16,16,16,16,16
17,17,17,17,17,17,17,17,17,17,17,17,17,17,17,17,17,17,17,17,17,17,17,17,17,17,17,17,17,17,17,17,17,17,17,17,17,17,17,17,17,17,17,17
11
16,16,16,16,16,16,16
16
16,21,21
11,11,11,11,11,11,11,11,11,11,11,11,11,11,11,11,11
17,17,17,17,17,17,17,17,17,17,17,17,17,17,17,17,17,17,17,17,17,17,17,17,17,17,17,17,17,17,17,17,17,17,17,17
16,16,16,16,16,16,16,16,16,16,16,16
11,11,11,11,11,11,11,11,11,11,11,11,11,11,11,11,11,11,11,11,11,11,11,11,11,11,11,11,11,11,11,11,11,11,11,11,11,11,11,11,11,11,11,11,11,11,11,11,11,11,11,11,11,11,11,11,11,11,11,11,11,11,11,11,11,11,11,11,11,11,11,11,11,11,11,11,11,11,11,11,11,11,11,11,11,11,11,11,11,11,11,16,16,16,16,16,11,16,16,16,16,16,16,16,16,16,16,16,16,16,16,16,16,16,16,16,16,16,16,16,16,16,16,16,16,16,16,16,16,16,16,16,16,16,16,16,16,16,16,16,16,16,16,16,16,16,16,16,16,16,16,16,16,16,16,16,16,16,16,16,16,16,16,16,16,16,16,16,16,16,16,16,16,16,16,16,16,16,16,16,16
16,16,16,16,16,16,16,16,16,16,16,16,16,16,16,16,16,16,16,16,16,16,16,16,16,16,16,16,16,16,16,16,16,16,16,16,16,16,16,16,16,16,16,16,16,16,16,16,16,16,16,16,16,16,16,16,16,16,16,16,16,16,16,16,16,16,16,16,16,16,16,16,16,16,16,16,16,16,16,16,16,16,16,16,16,16,16,16,16,16
21,21,21,21,21,21,21,21,21,21,21,21,21,21,21,21,21,21,21,21,21
11,16,16,16,16,16,16,16,16,16,16,16,16,16,16,16,16,16,16,16,16,11,11,11,16,16,16,16,16,16,16,16,16,16,16,16,16,16,11,11,11,11,11,11,11,11,11,11,11,11,11,11,11,11,11,11,11,16,16,16,16,16,16,16,16,16,16,16,16,16,16,16
16,6,11
16
17,17,17,17,17,17,17,17,17,17,17,17,17,17,17,17,17,17,17,17,17,17,17,17,17,17,17,17,17,17,17,17,17,17,17,17,17,17,17,17,17,17,17,17,17,17,17,17,17,17,17,17,17,17,17,17,17,17,17,17,17,17,17,17,17,17,17,17,17,17
17,17,17,17,17,17,17,17,17,17,17,17,17,17,17,17,17,17,17,17,17,17,17,17,17,17,17,17,17,17,17,17,17,17,17,17,17,17,17,17,17,17,17,17,17,17,17,17,17,17,17,17,17,17,17,17,17,17,17,17,17,17,17,17,17,17,17,17,17,17,17,17,17,17,17,17,17,17,17,17,17,17,17,17,17,17,17,17,17,17,17,17,17,17,17,17,17,17,17,17,17,17,17,17,17,17,17,17,17,17,17,17,17,17,17,17,17,17,17,17,17,17,17,17,17,17,17,17,17,17,17,17,17,17,17,17,17,17,17,17,17,17,17,17,17,17,17,17,17,17,17,17,17,17,17,17,17,17,17,17,17,17,17,17,17,17,17,17,17,17,17,17,17,17,17,17,17,17,17,17,17,17,17,17,17,17,17,17,17,17,17,17,17,17,17,17,17,17
11,11
11,11,11,11,11,11,11,11,11,11,11,11,11,11,11,11,11,11,11,11,11,11,11,11,16,16,11,11,16,16,16,16,16,16,16,16,16,16,16,16,16,16,16,16,16,16,16,16,16,16,16,16,16,16,16,16,16,16,11,11,11,11,11,11,11,11,11,16,16,16,16,16,16
17,17,17,17,17,17,17,17,17,17,17,17,17,17,17,17,17,17,17,17,17,17,17,17,17,17,17,17,17,17,17,17,17,17,17,17,17,17,17,17,17,17,17,17,17,17,17,17,17,17,17,17,17,17,17,17,17,17,17,17,17,17,17,17,17,17,17,17,17,17,17,17,17,17,17,17,17,17,17,17,17,17,17,17,17,17,17,17,17,17,17,17,17,17,17,17,17,17,17,17,17,17,17,17,17,17,17,17,17,17,17,17,17,17,17,17,17,17,17,17,17,17,17,17,17,17,17,17,17,17,17,17,17,17,17,17,17,17,17,17,17,17,17,17,17,17,17,17,17,17,17,17,17,17,17,17,17,17,17,17,17,17,17,17,17,17,17,17,17,17,17,17,17,17,17,17,17,17,17,17,17,17,17,17,17,17,17,17,17,17,17,17,17,17,17,17,17,17,17,17,17,17,17,17,17,17,17,17,17,17,17,17,17,17,17,17,17,17,17,17,17,17,17,17,17,17,17,17,17,17
16,16,16,16,16,16,16,16,16,16,16,16,16,16,16,16,16,16,16,16,16,16
21,21,21,21,21,21,21,21,21,21,21,21,21,21,21,21,21,21,21,21,21,21,21,21,21,21,21,21,21,21,21,21,21,21,21
20,20,20,20,20,20,20,20,20,20,20,20,20,20
16
16,16,16,16,16,16,16,16,16,16,16,16,16,16,16,16,16,16,16,16,16,16,16,16,16,16,16,16,16,16,16,16,16,16,16,16,16,16
16,16,16,16,16,16,16,16,16,16,16,16,16,16,16,16,16,16,16,16,16,16,16,16,16,16,16,16,16,16,16,16,16,16,16,16,16,16,16,16,16,16,16,16,16,16,16,16
21,21,21,21,21,21,21,21,21,21,21,21
11,11,11,11,11,11,11,11,11,11,11,11,11,11,11,11,11,11,11,11,11,11,11,11,11,11,11,11,11,11,11,11,11,11,11,11
16,16,16,16,16,16,16,16,16,16,16,16,16,16,16,16,16,16,16,16,16,16,16,16,16,16,16,16,16,16,16,16,16,16,16,16,16,16,16,16,6,6,6,6,6,6,6,6,6,6,6,6,6,6,6,6
18,18,18,18,18,18,18,18,18,18,18,18,18,18,18,18,18,18,18,18,18,18,18,18,18,18,18,18,18,18,18,18,18,18,18,18,18,18,18,18,18
26,21,21,21,21,21,21,21,21,21,21,21,21,21,21,21,21,21,21,21,21,21,21,21,21,21,21,21,21,21,21,21,21,21
11,11,11,11,11,11,11,11,11,11,11,11,11,11,11,11,11,11,11,11,11,11,11,11,11,11,11,11,11,11,11,11,11,11,9,9,9,9,9,9,9,9,9,9,9,9,9,9,9,9,9,9,9,9,9,9,9,9,9,9,9,9
11,16,16,16,16,16,16,16,16,16,16,16,16,16,16,11,11,11,11,11,11,11,11,11,11,11,11,11,11,11,11,11,11,11,11,11,11,11,11,11,11,11,11,11,11,11,11,11,11,11,11,11,11,11,11,11,11,11,11,11,11,11,11,11,11,11,11,11,11,11,11,11,11,11,11,11,11,11,11,11,11,11,11,11,11,11,11,11,11
10,10,10,10,10,10,10,10,10,10,10,10
4,4,4,4,4,4,4,4,4,4,4,4,4,4,4,4,4,4,4,4,4,4,4,4,4,4,4,4,4,4,4,4,4,4,4,4,4
11,11,11,11,11,11,11,11,11,11,11,11,11,11,11,11,11,11,11,11,11,11,11,11,11,11,11,11,11,11,11,11,11,11,11,11,11,11,11,11,11,11,11,11
16,16,16,16,16,16,16,16,16,16,16,16,16,16,16,16,16,16,16,16,16,16,16,16,16,16,16,16,16,16,16,16,16,16,16,16,16,16,16,16,16,16,16,16,16,16,16,16,16,16,16,16,16,16,16,16,16,16,16,16,16,16,16,16,16,16,16,16,16,16,16,16,16,16,16,16,16,16,16,16,16,16,16,16,16,16,16,16,16,16,16,16,16,16,16,16,16,16,16,16,16,16,16,16,16,16,16,16
18
20,20,20,20,20,20,20,20,20,20,20,20,20,20,20,20,20,20,20,20,20,20,20
4,4,4,4,4,4,4,4,4,4,4,4,4,4,4,4,4,4,4,4,4,4,4,4,4,4,4,4,4,4,4,4
16,16,16,16,16,16,16,16,16,16,16,16,16,16,16,16,16,16,16,16,16,16,16,16,16,16,16,16,16,16,16,16,16,16,16,16,16,16,16,11,11,11,11,11,11,11,11,11,11,11,11,11,11,11,11,11,11,11,11,11,11,11,11,11,11,11,11,11,11,11,11,11,11,11,11,11,11,11,11,11,11
16,16
16,6
16
11,11,11,11,11,11,11,11,11,11,11,11,11,11,11,11,11,11,11,11,11,11,11,11,11,11,11,11,11,11,11,11,11,11,11,11,11,11,11,11,11,11,11,11,11,11,11,11,11,11,11,11,11,11,11,11,11,11,11,11,11,11,11,11,11,11,11,11,11,11,11,11,11,11,11,11,11
16,16,16,16,16,16,16,16,16,16,16,16,16,16,16,16,16,16,16,16,16,16,16,16,16,16,16,16,16,16,16,16,16,16,16,16,16,16,16,16,16,16,16,16,16,16,16,16,16,16,16,16,16,16,16,16,16,16,16,16,16,16,16,16,16,16,16,16,16,16,16,16,16,16,16,16,16,16,16,16,16,16,16,16,16,16,16,16,16,16,16,16,16,16,16,16,16,16,16,16,16,16,16,16,16,16,16,16,16,16,16,16,16,16,16,16,16,16,16,16,16,16,16,16,16,16,16,16,16,16,16,16,16,16,16,16,16,16,16,16,16,16,16,16,16,16,16,16,16,16,16,16,16,16,16,16,16,16,16,16,16,16,16,16,16,16,16,16,16,16,16,16,16,16,16
19,21,21,21,21,21,21,27,27,27,27,27,27,27,27,27,27,27,27,27,27,27,27,27,27
16,16,16,16,16,16,16
16,16,16,16,16,16,16,16,16
16,16,16,16,16,16,16,16,16
4,4,4,4,4,4,4,4,4,4,4,4,4,4,4,4,4,4,4,4,4,4,4,4,4,4,4,4,4,4,4,4,4,4,4,4,4,4,4,4,4,4,4,4,4,4,4,4,4,4,4,4,4,4,4,4,4,4,4,4
20,20,20,20,20,20,20,20,20,20,20,20,20,20,20,20,20,20,20,20,20,20,20,20,20,20,20,20,20,20,20,20,20
6,6,6,6,6,6,6,6,6,6,6,6,6
18,18,18,18,18,18,18,18,18,18,18,18,18,18,18,18
16,16,16,16,16,16,16,16,16,16,16,16,16,16,16,16,16,16,16,16,16,16,16,16,16,16,16,16,16,16,16
9,9,9,9,9,9,9,9,9,9,9,9,9,6,6,6,6
18,18,18,18,18,18,18,18,18,18,18,18,18,18,18,18,18,18,18,18,18,18
16,16,16,16,16,16,16,16,16,16,16,16,16,16,16,16,16,16,16,16,16,16,16,16,16,16,16,16,16,16,16,16,16,16,16,16,16,16,16,16,16,16,16,16,16,11,11,11,11,11,11,11,11,11,11,11,11,11,11,11,11,11,11,11,11,11,11,11,11,11,11,11
11,11,11,11,11,16,16,16,16,16,16,16,16,16,16,16,16,16,16,16,16,16,16
11,11,11,11
4,4,4,4,4,4,4,4,4
18,18,18,18,18,18,18,18,18,18,18,18,18,18,18,18,18,18,18,18,18,18,18,18,18,18,18,18,18,18,18,18,18,18,18,18,18,18,18,18
16,16,16,16,16,16,16,16,16,16,16,16,16,16,16,16,16,16,16,16,16,16,16,16,16,16,16,16,16,16,16,16,16,16,16,16,16,16,16,16,16,16,16,16,16,16,16,16,16,16
21,21,21,21,21,21,21,21,21,21,21,21,21,21,21,21,21,21,21,21,21,21
11,11,11,11,11,11,11,11,11,11,11,11,11,11,11,11,11,11,11,11,11,11,11,11,11,11,11,11,11,11,11,11,11,11,11,11,11,11,11,11,11,11,11,11,11,11,11,11,11,11,11,11,11,11,11,11
6,6,6,6,6,6,6,6,6,6,6,6,6,6,6,6,6,6,6,6,6,6,6,6,6,6,6,6,6,6,6,6,6,6,6,6,6,6,6,6,6,6,6,6,6,6,6,6,6
4,4,4,4,4,4,4,4,4,4,4,4,4,4,4,4,4,4,4
11,11,11,11,11,11,11,11,11,11,11,11,11,11,11,11,11,11,11,11,11,11,11,11,11,11,11,11,11,11,11,11,11,11,11,11,11,11,11,11,11,11,11,11,11
11,11,11,11,11,11,11,11,11,11,11,11,11,11,11,11,11,11,11,11,11,11,11,11,11,11,11,11,11,11,11,11,11,11,11,11,11,11,11,11,11,11,11,11,11,11,11,11,11,11,11,11,11,11,11,11,11,11,11,11,11,11,11,11,11,11,11,11,11,11,11,11,11,11,11,11,11,11,11,11,11,11,11,11,11,11,11,11,11,11,11,11,11,11,11,11,11,11,11,11,11,11,11,11,11,11,11,11,11,11,11,11,11,11,11,11,11,11,11,11,11,11,11,11,11,11,11,11,11,11,11,11,11,11,11,11,11,11,11,11,11,11,11,11,11,11,11,11,11,11,11,11,11,11,11,11,11,11,11,11,11,11,11,11,11
11
11,11,11,11,11,11,11,11,11,11,11,11,11,11,11,11,11,11,11,11,11,11,11,11,11,11,11,11,11,11,11,11,11,11,11,11,11,11,11,11,11,11,11,11,11,11,11,11,11,11,11,11,11,11,11,11,11,11,11,11,11,11,11,11,11,11,11,11,11,11,11,11,11,11,11,11,11,11,11,11,11,11,11,11,11,11,11,11,11,11,11,11,11,11,11,11,11,11,11,11,11,11,11,11,11,11,11,11,11,11,11,11,11
18,18,18,18,18,18,18,18,18,18,18,18,18,18,18,18,18,18,18,18,18,18,18,18,18,18,18,18,18,18,18,18,18
16,16,16,16,16,16,16,16,16,16,16,16,16,16,16,16,16,16,16,16,16,16,16,16,16,16,16,16,16,16,16,16,16,16,16,16,16,16,16,16,16,16,16,16,16,16,16,16,16,16,16,16,16,16,16,16,16,16,16,16,16,16,16,16,16,16,16,16,16,16,16,16,16,16,16,16,16,16,16,16,16,16,16,16,16
6,6,6,6,6,6,6,6,6,6,6,6,6,6,6,6,6
11,11,11,11,11,11,11,11,11,11,11,11,11,11
11,11,11,11,11,11,11,11,11,11,11,11,11,11,11,11,11,11,11,11,11,11,11,11,11,11,11,11,11,11,11,11,11
15,15,15,15,15,15,15
15,15,15,15,15,15,15,15,15,15,15,15,15,15,15,15,15
20,20,20,20,20,20,20,20,20,20,20,20,20,20,20,20,20,20,20
11,11,11,11,11,11,11,11,11,11,11,11,11,11,11
16,16,16,16,16,16,16,16,16,16,16,16,16,16,16,16,16,16,16,16,16,16,16,16,16,16,16,16,16,16,16,16,16,16,16,16,16,16,16,16,16,16,16,16,16,16,16,16,16,16,16
4,4,4,4,4,4,4,4,4,4,4,4,4,4,4,4,4,4,4,4,4,4,4,4,4,4,4,4,4,4,4,4,4,4,4,4,4
11,11,11,11,11,11,11,11,11,11,11,11,11,11,11,11,11,11,11,11,11,11,11,11,11,11,11,11,11,11,11,11,11,11,11,11,11,11,11,11,11,11,11,11,11,11,11,11,11,11,11,11,11,11,11,11,11,11,11,11,11,11,11,11
16,16,16,16,16,16,16,16,16,16,16,16,16,16,16,16,16,16,16,16,16,16,16,16,16,16,16,16,16,16,16
11,11
11,11
16,16,16,16,16,16,16,16,16,16,16,16,16,16,16,16,16,16,16,16,16,16,16,16,16,16,16,16,16,16,16,16,16,16,16
16,16,16,16,16,16,16,16,16,16
16
16,16,16,16,16,16,16,16,16,16,16,16,16,16,16,16,16,16,16,16,16,16,16,16,16,16,16,16,16,16,16,16,16,16,16,16,16,16,16,16,16,16,16,16,16,16,16,16,16,16,16,16,16,16,16,16,16,16,16,16,16,16,16,16,16,16,16,16,16,16,16,16,16,16,16,16,16,16,16,16,16,16,16,16,16,16,16,16,16,16,16,16,16,16,16,16,16,16,16,16,16,16,16,16,16,16,16,16,16,16,16,16,16,16,16,16,16,16,16,16,16,16,16,16,16,16,16,16,16,16,16,16,16,16,16,16,16,16,16,16,16,16,16,16,16,16,16,16,16,16,16,16,16,16,16,16,16,16,16,16,16,16,16,16,16,16,16,16,16,16,16,16,16,16,16,16,16
4,4,4,4,4,4,4,4,4,4,4,4,4,4,4,4,4,4,4,4,4,4,4,4,4,4,4,4,4,4,4,4,4,4,4,4,4,4,4,4,4,4,4,4,4,4,4,4,4,4,4,4,4,4,4,4,4,4,4,4,4,4,4,4,4
21,21,21,21,21,21,21,21,21,21,21,21,21,21,21,21,21,21,21
10,10
16,16,16,16,16,16,16,16,27,27,27,27,27,27,27,27,27,27,27,6,6,6,6,6,6
16,16,16
16,16,16,16,16,16,16
11,11,11,11,11,11,11,11,11,11,11,11,11,11,11,11,11,11,11,11
11,11,11,11,11,11,11,11,11,11,11,11,11,11,11,11,16,16,16,16,16,16,16,16,16,16,16,16,16
11,11,11,11,11,11,11,11,11,11,11,11,11,11,11,11,11,11,11,11,11,11,11,11,11,11,11,11,11,11
18,18,18,18,18,18,18,18,18,18,18,18,18,18,18,18,18,18,18,18,18,18,18,18,18,18,18,18,18,18,18,18,18,18,18,18,18,18,18,18,18,18,18,18,18,18,18,18,18,18,18,18,18,18,18,18,18,18,18,18,18,18,18,18,18,18,18,18,11,11,11,11,11,11,11,11,11,11,11,11,18,18,18,18,18,18,18,18,18,18,18,18,18,18,18,18,18,18,18,18,18,18,18,18,18,18,18,18,18,18
18,18
16,16
11,11,11,11,11,11,11,11,11,11,11,11,11,11,11,11,11,11,11,11,11,11,11,11,11,11,11,11,11
16
21,21,21,21,21,21,21,21,21,21,21,21,21,21,21,21,21,21,21,21,21,21,21,21,21,21,21
21,21
16,16,16,16
27,27,27,27,27,27,27,27,27,27,27,27,27,27,27,27,27,27,27,27,27,27,27,27,27,27
11,11,11,11,11,11,11,11,11,11,11,11,11,11,11,11,11,11,11,11,11,11,11,11,11,11,11,11,11,11,11,11,11,11,11,11,11,11,11,11,11,11,11,11,11,11,11,11,11,11,11,11,11,11,11,11,11,11,11,11,11,11,11,11,11,11,11,11,11,11,11,11,11,11,11,11,11,11,11,11,11,11,11,11,11,11,11
16
11,11,11,11,11,11,11,11,11,11,11,11,11,11,11,11,11,11,11,11
11,11,11,11,11,11
6
9
16
16,16,16,16,16,16,16,16,16,16,16,16,16,16,16,16,16,16,16,16,16,16,16,16,16,16,16,16,16,16,16,16,16,27,27,27,27,27,27,27,27,27,27,27,27
16,16,16,16,16,16,16,16,16,16,16,16,16,16,16,16,16,16,16,16,16,16,16,16,16,16,16,16,16,16,16,16,16,16,16,16,16,16,16,16,16,16,16,16,16,16,16,16,16,16,16
18,18
4,4,4,4,4,4,4,4,4,4,4,4,4,4,4,4,4,4,4,4,4,4,4,4,4,4,4,4,4,4,4,4,4,4,4,4,4,4,4,4,4,4,4,4,4,4,4,4,4,4,4,4,4,4,4,4,4,4,4,4,4,4,4,4,4,4
16,16,16,16,16,16,16,16,16,16,16,16,16,16,16,16,16,16,16,16,16,16,16,16,16,16,16,16,16,16,16,16,16,16,16,16,16,16,16,16,16,16,16,16,16,16,16,16,16,16,16,16,16,16,16,16,16,16,16,16,16,16,16,16,16,16,16,16,16,16,16,16,16,16,16,16,16,16,16,16,16,16,16,16,16,16,16,16,16,16,16,16,16,16,16
4
21,21,21,21,21,21,21,21,21,21,21,21,21,21,21,21,21,21,21,21,21,21,21,21,21,21,21,21,27,27,27,27,27,27,27,27,27,27,27,27,27,27,27,27
11,11,11,11,11,11,11,11,11,11,11,11,11,11,11,11,11,11,11,11,11,11,11,11,11,11,11,11,11,11,11,11,11,11,11,11,11,11,11,11,11,11,11,11,11,11,11,11,11,11,11,11,11,11,11,11,11,11,11,11,11,11,11,11,11,11,11,11,11,11,11,11,11,11,11,11,11,11,11,11,11,11,11
10
17,17,17,17,17,17,17,17,17,17,17
17,17,17,17,17,17,17,17,17,17,17,17,17,17
4,9
9,9,9
23,23,23,23,23
23,23,23,23,26
15,23,23,23,23
17,17,17
24,24,24,24,24,24
11
20
1,1,1,1
24
3,3
23
1,1,1
7,7,8
19
26
7
11,11,11
17
5
23
3
1
20
17,17
17,17,17,17
9,5,5,14,5,26,26,26,26,26,26,26
1,15,15,5,5,5,5,25,4,4,23,23
17
15,15,15,15,15,15,6,9
5,5
20,15,15,5,9,6
15
18
3
17
15,15,15,15,15,15,15,15
23,15
22,22,22,22,22,22,22,22,22,22,22
9,6,6,6,6,6,6,6,6,6,6,6,6,6,6,6,6,6,6,6,6,6,6,9,14,15,15,25,25,25,25,25,25,25,25,25,25,25,25,15
3,3,3,3,3,3,3,3,3,3,3,3,3,22,16,16,11,11,11,16,11,11,11,11
17,17,17,17,15
23
17,17,17
17
15
15,15,15,23,17,17,17,15
21
17
23
17,17,17,17,17,17,17,17,18,23,15,15,15,15,15,15,15,15,15,25,15,25,4,4,18,18,23
20,19
1,1,24,24,24,24,1,1,1,1
27
17,27,27
15,15,17,17,17,17,17,17,17,17,17,28,28,28,28,28,28,28,28,28,28
5
7
15
17,17,17
17
23,23,23,23,18,18,18,18,18,17,17,17,17,17,17,17,17,17,17,17,17,15,15,15,15,15,15,15,15,14,5,5,5,5,5,5,5,5,5,5,5,26,26,26,26,26,26,26,26,26,26,26,26,26,26,26,26,26,26,26,26,26,26,26,26,26,26,26,26,26,26,26,9,9,9,9,9,9,9,9,9,9,9,6,6,6,6,6,6,6,6,6,6,6,6,6,6,25,25,25,25,25,25,25,25,25,25,4,19,19,4,4,4,4,4,4,23,23,23,7,7,7,7,7,7,7,7,7,7,7,7,7,7,7,7,7,7,7,7,7
22,22,22,10,9,5
26,26,26,26,5,5,5,5,5,5,5,5,5,20,20,6,6,6,6,6,6,6,6,6,6,6,6,6,6,6,6,6,6
2,2,2,2
17,5,5
15
17
23,23
4
17
1
17
17
17,17,17
20,20,20,20
21
4
25
17
15
17,17,17,17,17,17,17,17,17,17,17,17,17,17,18,18,18,18,4,4,4,4,4,4,23,23,23,23,23,23,23,23,23,23,23,23,23,23,23,23,23,23,23,23,23,23,23,23,23,23,23,23,23,23,23,23,4,4,4,4,25,4,25,25,25,25,4,4,25,9,9,9,9,9,9,9,6,6,9,6,6,6,6,6,9,6,6,6,9,9,9,9,9,5,5,5,5,5,5,5,5,26,26,26,26,26,26,26,26,26,26,17,17
17
17,17,17,17,17,17,17,17,17,17,17,17,17,17,17,17,17,17,17,17,17,17,17,17,15,25,25,25,25,25,25,25,15,15,15,15,15,15,15,15,15,15,15,15,15,15,15,15,15,15,15,15,15,15,15,15,15,15,15,15,15,15,15,15,15,14,14,14,14,14,14,14,1,1,1,1,1,1,1,1,1,1,1,1,1,1,1,1,1,1,1,1,1,1,1,1,1,1,1
17,17,17,17,17
3
10
26,4,4
1,1
9
11,16,9
15
18
18,18
18,18,23,18
18,18,18,18,18,18,18,18,18,18,18,18,18,18,18,18,18
19
16
17,17
18,18
2
17
18,18
19
26,26,26,9,15,15,17,17,17,17,17
17,17,18,18,18,18,18,23,23,23,23,23,4,23,4,4,4,4,4,4,5,14,15,15,15
3
9,9
26,9,26,23,18,18,23,23,23,6,23,23,23,23,23,23,23,23,6,6,9
17
23
5,5
17,17,17,17,17,17,17,17,17,17
5
26,9,18,18
27
20
23
1
10
5,5,5,5,5,5,5,5,5,5,5,5,5,5,5,5,5,5,5,5,5,5,5,5,5,5,5,5,5,5,5,5,5,5,5,5,5,5,5,5,5,5,5,5,5,5,5,5,5,5,5,5,5,5,5,5,5,5,5,5,5,5,5,5,5,5,5,5,5,5,5,5,5,5,5,5,5,5,5,5,5,5,5
5,5,5,5,5,5,5,5,5,5,5,5,5,5,5,5,5,5,5,5,5,5,5,5,5,5,5,5,5,5,5,5,5,5,5,5,5,5,5,5,5,5,5,5,5,5,5,5,5,5,5,5,5,5,5,5,5,5,5,5,5,5,5,5,5,5,5,5,5,5,5,5,5,5,5,5,5,5,5
6
5,17
21
6
17,16
5
20,20,23,23,23,4,4,4,25,25,25,25,25,5,23
25,25,25
17
17
4,15
21
11
11
11
11
11
11,11
11
21
11
11
17
15
17,15,15,15,15,5
9
21,21,21,17,17,17,17,17,17
11,11,5
1,1,3,3,4,17,18,18,23,23,23,26
2,2,2
16,9
17,17,17,17
27
16,16,17,3,3,3
8
1,1,1
24,24,24,24,24
2
2,2
2
2,2
27,26,3,3
6,11,16,4,23,23,23,1,16,3
9
21,23
6,6,6,9,9
16
20
4,4,4,4,4,4,4,18,17,17,17,17,17,18,17,17,17,17,23,23
20,20,20,20,20,20,20,20,20,20,20,20,20,20,20,20,20,20,20,20,20,20
22,6,9,5,15,5,17,17,15,17,5,6,9
18,18,18,17,18
15
20
27
4
4
17,17,17,15,15,15,15,15,15,15,15,5,5,5,5,5,5,5,5,9,9,9,9,9,9,16,26,26,26,26,26,26,26,26,15,17,18,18,18,19,19,17
18,1,1,1,1,1,1,1,1,1,3,3,3,3,3,3,17
7,7,7,19
17,17
20,20,14
6,6,6,6,6
6,17,17,17,17,17,17,17,17
5,5,5,3,3,3,3,3,3,3,3,3,3,3,3,3
9,9,6,6,6,6,6,6,6,6,6
17,17,17,17,17,17,17,17,17,17,15,15,15,18
6,6,6,6,6,6,17,17,17,17,17,17,17,17,17,17
5,5,5,5,5,5,15,15,15,15,15,15,15,15,15,15,26,26,26,26
16
1
3,3,3,3
3,3
6
1
17,4,3,3
1,1,1,1,1,1,1,1,1,1,1,1,1,1,1,1,1,1,1,1,1,1,1,1,1,1,1,1,1,24,24,24,24,24,24,24,24,24,24,24,24,24,24,24,24,24,24,24,24,24,24,24,24,24,24,24,24,24,24,24,24,24,24,24,24,24,24,24,24,24,24,24,24,24,29,1,1,1,1,1,1,1,1,1,1,1,1,1,1,1,1,1,1,10,10,10,10,10,20,20,20,20,20,20,20,20,20,20,20,20,20,20,20,20,20,20,20,20,20,20,20,20,20,20,20,20,20,20,20,20,20,20,20,20,20,20,20,20,20,20,23,23,23,23,23,23,23,23,23,23,23,23,23,23,23,23,23,23,23,4,4,4,23,23,23,23,23,23,23,23,23,23,23,23,23,17,17,17,17,17,17,17,17,17,15,15,15,15,15,15,15,15,15,15,15,15,15,15,15,15,15,15,15,15,15,17,17,17,17,17,17,17,21,21,21,21,21,21,21,21,21,21,21,21,21,21,21,21,21,21
17
3
17
26
17
17,17,17
26,26,26,26,26,26,26,20,20,23
5,15,15,15
17,17,17
17
15
11,11
18,11
18,17,15
17
17
25
17,18,18,1
26
20
17
27,17
4
15
26
15,4,18,18,18,18
21,21
9,9,9,9,6,16,16,16,16,16,16,16,16,16,16,16,16,4,4,4,4,4,4,4,18,4,18,15
21,21,21,21,21,21,21,21,21,21,21,21,21,21,21,21,27,17,17,17,17,17,17,17,17,17,17,17,17,17
26,26
22,22,22,22,22,22,22,17,17,17
4,4,18
1,1,17,17,17,15,26
23
11
15
10
16
5
7
18,17
10,10,10,10
26
11
3
9,16
23
17,17,17,17,17,17
17
15
3
17
5,5,5
10
23,23
19,19
15
26,26
18
11
17,17,17,17,17,17,17,17,17,17,17,17,17,17,17,17,17,17,17,17,17,17,17,17,17,17,17,17,17,17,17,17,17,17,17,17,17,17,17,17,17,17,17,17,17,17,17,17,17,17,17,17,17,17,17,17,17,17,17,17,17,17,17,17,17,17,17
17,17,17,17,17,17,17,17,17,17,17,17,17,17,17,17,17,17,17,17,17,17,17,17,17,17,17,17,17,17,17,17,17,17,17,17,17,17,17,17,17,17,17,17,17,17,17,17,17,17,17,17,17,17,17,17,17,17,17,17,17,17,17,17,17,17,17,17,17,17,17,17,17,17,17,17,17,17,17,17,17,17,17,17,17,17,17,17,17,17,17,17,17,17,17,17,17,17,17,17,17,17,17,17,17,17,17,17,17,17,17,17,17,17,17,17,17,17,17,17,17,17,17,17,17,17,17,17,17,17,17,17,17,17,17,17,17,17,17,17,17,17,17,17
17,17,17,17,17,17,17,17,17,17,17,17,17,17,17,17,17,17,17,17,17,17,17,17,17,17,17,17,17,17,17,17,17,17,17,17,17,17,17,17,17,17,17,17,17
6
6
4,4,4,4,4,4,4,4,4,23
6,6,6,6,6,6,6,6,6,6,6,6,6,6,6,6,6,6,6,6,6,6,6,6,6,6,6,6,6,6,6,6,6,6,6,6,6,6,6,6,6,6,6,6,6
6,16,16,16,16,16,16,16,16,16,16,6,6,23,23,4,4,4
26,9,9,9,6,6,6,6,6,6,6
6,6,6,6,6,6,6,6,6,6,6,6,6,6,6,6,6,6,6,6,6,6,6,6,6,6,6,6,6,6,6,6,6,6,6,6,6,6,6,6,6,6,6,6,6,6,6,6,6,6,6,6,6,6,6,6,6
4
17,3,3
17,17,17
17,17,15,15,15,25,25,9,9,18
7,7,5,6,11,11,11,11,11,11,11,11,11,11,11,11,11,11,11,11,11
2,2,2,2,2,2,2,2,2,2,2,2,2,2,2,2,2
17
3,17,27,17,17,5,5,26,16,26,26,16,16,16,11,11,11
1,1,1,1,1,1
23
17
20
7
10,10,6,15,15,3
7
18
23,1,1,1
18
17
3
10,10,10,10,10,10,10,10,10,10,10,10
18,18,18
13,24,24
11
10,10,10,10
11
23,23
23
29,2,2,2
20,20,20,20,20,20,20,20,20,20
16,16,16,26,26,26
26,26,16,26,26,26
26
15,15,15,15,15,15,15,15,15,15,15,15,15,15,15,15,15,15
1
28,28,28,28,28,28,28,28,28,28,28,28,28,28,28,28,28,28,28,28,28,28,28,28,28,28
2
23
23
7
19
16,9
9
16
15
23
6
23
17,9
23,23,23,23,23,23
5
19
19
5,5,5,5,5
23
27
23
17,17,15
17,17,17,15
15
1,1,1,1,1,1,3,3
27,17,17,17,17,27,27,18,25,25,25,15,5,5,6,6,4,18,18,18,18,18,18,1,1
27,27,17,15,15,25,25,25,25,25,25,25,4,25,25,15,15,26,26,26,26,26,26,26,26,26,26,11,1
15,15,15,15,15,15,15,15,7,7,7,7,7,7,20,20,20,20
17,17,17,17,17,17,17,17,17,17,17,17,17
17,20
15,15,5,5,5,5,5,5,5,5
5
16
7,5,5,16,16,16
6
28,28,28
14,14,14,14
6,6,6,6,6,6,6,6,6,6,6,6,6,6,6,6,6,6
6,15,15,16,3,3,3,3
1,1,6,6,4,20,20,6,26,6
7,7,7,7,7,17,17,17,17,17,17,17,17,17,17,17,17,17,17,17,17,17,17,17,17,15,15,15,15,15,15,15,15,15,15,15,15,15,15,15,15,15,15,15,15,15,15,14,5,5,5,15,15,15,17,17,17,17,17,17,17,17
15,15,23,23,4,23,23,23,23,23,23,23,23,23,23,23,23,23,23,23,23,23,23,23,23,23,23,23,23,23,23,23,23,23,23,23,23,23,23,23,23,23,23,23,23,1,1,1,1,1,1,1,1,1,1,1,1,1,1,1,1,1,1,1,1,1,1,19,19,19,19,19,19,19,19,19,19
24,24,24,24,24,24,24,24,24,24,24,24,24,24,24,24,24,24,24,24,24,24,24,24,24,24,24,24,24,24,24,24,24,24,24
24,24,24,24,24,24,24,24,24,24,24,24,24,24,24,24,24,24,24,24,24,24,24,24,24,24,24,24,24,24,24
4
23,23,4,23,20,20
15
23
9,9,9,9,9,9,9,9,9,9,9,9,9,9,9,9,9,9,9,9
26,26,26,26,26,26,9,9,9,11,16
6
17
17,17,17,17,17,17,17,17,17,17,17,17,17,17,17,17,17,17,17,17,17,17,17,17,17,17,17,17,17,17,17,17,17,17,17,17,17,17,17,17,17,17,17,17,17,17,17,17,17,17,17,17
17,17,17,17,17,17,17,17,17,17,17,17,17,17,17,17,17,17,17,17,17,17,17
1,1,1,1,1,1,1,1,1,1,1,1,1
8,8,8,8,8,8,8,8,8,8,8,8,8,8,8,8,8,8,8,8,8,8,8
9,17
2,2
25,25
17,16
17
23
4,23
2
25,17
1,1
23,17
17,17,17,17,17,17,17,15,15,15,4,4,4,4,23,23,23,23
22,22,22,22,22,22,22,22,22
23,23,24,24,24,24,2,2,2,2,2,2,2,2,2,2,2,2,2,2,2,2,2,2,2,2,2,2,2,2,2,2,2,2,2,2,2,2,2,2,2,2,2,2,2,2,2,2,2,2,2
23,23,23,18,23,23
9
17,17,17,17,17,17,23,3,3,3,3,3,3,3,3,3
3,3,17
9,26,26
17,17,17,17,17,17,17,3,3,3,3,3,3,3,3,3,3,3,3,3,3,3,3
17,8,8,8,8,8,8,8,8,8,8,8,8,8,8,8,8,8,8,8,8,8,8,8,8,8,8,8,8,8,8,8,8,8,3,3,3,3,3,3,3,3,3,3,3,3,3,3,3,3,3,3,3,3,3,3,3,3,3,3,3,3,3,3,3,3,3,3,3,3,3,3,3,3,3,3,3,3,8
3,3,3,22,22,22,22,22,22,22,22,22,22,22,22,22,22,22,22,22,22,22
11,6,17,17,17,17,17,17,17,17,17,17,17,17,17,17,17,17,17,17,17,17,17,17,17,17,17,17,17,17,17,17,17,17,17,17,17,17,17,17,17,17,17,17,17,17,17,17,17,17,17,17,17,17,17,17,17,17,17,15,25,18,18,18,18,18,18,18,18,18,18,18,18,18,18,18,18,18,18,18,18,18,18,18,18,18,18,18,18,18,18,18,18,18,18,18,18,18,18,18,17,18,18,25,25,25,25,25,25,6,6,11
22
22,22,22,22,22,22,22,22,22,22,22,22,22,22,22,22,22,22,22,22,21,21,27,27,27,27,27,27,27,27,17,17,17,17,17,17,17,17,17
25,25,25,25,25,25,25,25,25,25,15,15,15,15,15,15,15,15,15,15,15,15,15,15,15,15,15,15,15,15,15,15,15,15,17,17,17,17,17,17,17,17,17,17,17,17,17,17,17,17,17,17,17,17,17,17,17,17,17,17,17,17,17,17,17,17,17,21,21,21,21,21
25,23,6,6,6,6,6,6,6,6,6,6,26
16,16,16,16,16,16
20,20,20,20,20,20,20,16,16,11,11,11,11,11,11,11,11,11,11,11,11,11,11,11,11,11,11,11,11,11,11,11,11,11,11,11,11,11,16,16,16,16,16,16,16,16,16,16,16,16,16,16,16,16,16,16,16,16,16,16,16,16,16,16,16,16,16,16,16,16,16,16,16,16,16,16,11,11,11,11,11,11,11,11,11,11,11,11,11,11,11,11,11,11,11,11,11,11,11,11,11,11,11,11,11,11,11,11,11,11,11,11,11,11,11,11,11,11,11,11,11,11,11,11,11,11,11,11,11,11,11,11,11,11,11,11,11,11,11,11,11,11,11,11,11,11,11,11,11,11,11,11,11,11,11,11,11,11,11,11,11,23,21,21
17,18
15
4,4,4,4,4,17,17
1,1,1,1,17,17,17,17,17,17
9,9,9,9,9,9,5,5,5,5,5,5,5,5,5,5,5,5,5,5,5,5
1,1,1,15
20
16
17,17,15,25,25,15,15
17,17,17,17,17,17,17,18,18,18,18,18,18,18,18,18,18,18,18,18,18,18,23,23,23,23,23,23,23,23,23,17,17
9,23,23,4,4,4,4,4,4,4,4,4,4,4,4,4,4,4,4,4,4,4,4,4,4,18,25,25,25,25,15,15,15,15,15,15,15,15,15,15,15,17,17,17,17,17,17,1,1,27
6,23,17,17,17,17,17,17,5,5,5,14,5
1,1,1,1,1,1,1,1,1,1,23,23,23,23,23,23,23,23,23,23,23,23,26,3,3
15
3
26,7,7,7,7,6,6,6,5,5,5,26
1,1,1,6,5,15,15,17,17,17,23,23,23,23,23,23,23,23,23,20,20,20,15
18,19,19,23,23
16,16,16,5,5,5,5,15,15,15,17,17,17,9,9,9,9,9,9
4,15,15,15,15,15,17,17,17,18,21,21
9
11,11,11,11,11,11,11,11,11,11,11
11,11,16,16,16
5,5
19
3,3,3,3,5
7,20,6,19,19
17,17,17
17
5,5,15,15
17,17,23,17
6,16
25
17
15
17,18
18,17,17,17,17,17,17,17,17,18,18,17,4,15
15,15
4,4
3,3,3,3,3,3,3,3,3,3,3,3,3
26,26,26
3
1
20,20
3
26
26
26
6,26,26
9
1
1,1
6,26
26
26
6
26
1,1
17,17
17
15
3
17
2
2,2
2,2,2,2
20,20,20,20,20,20,20,20,20,20
1,1,1,1,1,1,1,1,1,1,1,1,1,1,1,1,1,1,1,1,1,1,1,1,1,1,1,1,1,17,17,17,17,17,17,17,17,17,17,17,17,17,17,17,17,17,17,17,17,17,17,17,17,17,17,17,17,17,17,17,17,15,15,15,15,15,15,15,15,15,15,15,15,15,15,15,15,15,15,15,15,14,14,14,14,14,5,5,5,5,5,5,5,5,5,9,9,9,9,9,9,6,6,6,16,16,16,16,16,16,16,16,16
24
9,9
20
7
8
27
17
2
21,21,21,21
22
27
17,17,17
15,15,17,17,20,20,20,22,22,22
15
23
11
25
10
20
23,17,15,26
17,17,17
3,3
15,15
17,23,17,5,6,23,23
3
9,9,20
23,23
23,23,23,23,4,23,4
4,23,4,4
23,23,19,23,25,23,4,23
23,19
20
17,17,17,17,17,17,15,15
17
17,17
9,9,9,9,9
9,26,9,5,17,17
17,26,17,15,7,15,20,9,7,15,7,9,23,9,17,15,7,9,9,15,9,9,15,23,9,3,15,21,26,23,21,15,6,15,4,27,15,4,5,15,15,15,18,5,17,6,5,17,18,17,26,18,17,9,17,26,17,15,26,7,9
20
14,5
7
17,17,17,17,17,17,17,17,17,17,17,17,17,17,17,17,17,17,17,17
17
21,21
2,2,2,2,2,2,2,2,2,2,2,2,2,2,2,2,2,2,2,2,2,2,2
17,17
5
21,21
17,17,17,17,17,17,17,17,17,17,18,4,4,4,25,25,25,25,25,25,25,25,25,23
9
1,1
17
26,26,26,26,9,6,6,6,6,6,23,23,17,17,17,17,17,4,4,4,23,4,23,23,23,23,23
17,17,17,17,17,17,17,17,17,15,15,15,15,15,15,15,15,15,15,15,15,15,15,15,15,14,14,14,14,14,5,5,5,5,5,5,5,5,5,9,9,9,4,4,4,4
20,20,20,20,20
17,23,23,23,23,23,23,23,23,27
1,1,23,23
15
23,18,17,17,17,17
14,14,14,15,15,15,15,15,15,25,8,8,23
1,1,1,1,1,2,2,2,2,24,2,2,2
17,17,17,17,15,15
17,25,25,25
3
26
26
6,9
21,21,21,23,23,23,23,6,9,26,26,9,9,25,25,25,25,25,25,15,15,15,15,15,15,15,15,15,15,15,15,15,15,17,17,17,17,18,18,18,4,23,23
26
1
2
2,2
2,2,2,2,2,2,2,2,2
18
4
25,15,25,15
17,17,17,17,17,17,17,17,17,17,17,17,17,17,17,17,17,17,17,17,17,17,17,17,17,17,17,17,17,17,17
17,17,17
17,17,17,17,17,17,17,17,17,17,17,17,17,17,17
17,17,17,17,17,17,17,17,17,17,17,17,17,17,17,17,17,17,17,17,17,17,17,17,17,17,17,17,17,17,17,17,17,17,17,17,17,17,17,17,17,17
2
6,5,15
15,15,15
25,23,23
20,20
13,13,13,13,13,13,13,13,13,13,13,13,13,13,13,13,13,13,13,13,13,13,13,13,13,13,13,13,13,13
5,5,5,5,5,5,5,5,5,5,5,5,5,5,5,5,5,5,5,5,5,15,15,15,15,15,15,15,5,5,5,5,5,5,5,5,5,5,5,5,5,5,5,5,5,5,5,5,5,5
15,15
9,9
26,26,26
27,27,27
27,27
4,4,4,4,4,4,4,4
8
24
4,17,27
23,6,26,5,5,6,6
4,4,4,4,4,4,4
4,4,4,4,4,4,4
4
1
26,26
3
17,17,17,17,17
23
23,23
20
23
9,9,9,9,9,9,9,9,9,9,9,9,9,9
20
23
7
17,17,17,17,17,17,17,17,17,17,20,20,20,20,20,20,20,20,20,20,20,20,20
23,15,17
15,15,4
13,13,13,13,13,13,13,13,13,13,13,13,13,13,13,13,13,13,13
17
26,26
3,3,3,3,17,17,17,17,17,17,15,15,15,15,15,15,5,5,5,5,5,26,22
26,26,5,6,11
9
26
4
27
23
2
18,18
1
2,2,2
16
5,6
20,7,17
24,24
3,17,16,11
3,3,3,3,27
2,2
2
2
2
2
20
5
9
28
3,3,3,3,3,3,3,3
3,3
11,11
27,27,27,27,27
11
17,6
5,5
11,11,11,9,6,26,26,26,26
20,17,4
20
23
26,26,26,26
4
10
10
10
20,20,20,20,20
15,15,15
20,20,20
11,11,11,11,11,11,11,11,11,11
8
25
3,3,3,3,3,3
20,20,20,20
23,4,15,15,5,5,5,20,3,3
3
23,23
23
23
16,17,17,11,16,18,11,16,16,23,11,11,11,16,5,6,11,9,15,15,17,15
10,10
27
5
1
16,16,16,16,16,16,16,16,16,16,16,16,16
17
17,17,17,17,17,17,17,17,17,17,17,17,17,17,17,17,17,17
17,17,17,17,17,17,17,17,17,17,17,17,17,17,17,17,17,17,17,17,17
20,20,20,20,20,20,20,20,20,20,20
16,16,16
16,16,16
16,16,16,16,16,16,16,16,16,16,16,16,16,16,16,16,16,16
1
11
11
17
26,5,5,17
17
26
1,1,1
17,17,17,17,17,17,17,17,17
16
11
6,26,11,11
23,25
6,23
18
4
18
4,4,4
4
4
17,17,17,17,21,15,15,9,9
10,10,11,11,11,6,6,6,6,11,11,11,11,16,16,16,16
17,17,17,17
26,26,26,26,26,26,26,26,26,26,26,26,26,26,26,26,26,26,26,26,26,26,26,26,26,26,26,26,26,26,26,26,26,26,26,26,26,26,26,26,26,26,26,26,26,26,26,26,26,26,26,26,26,26,26,26,26,26,26,26
3
27,17,18,18,18,23,23,23,18,18,18,18,23,23,23,23,23,23,23,23,23
23,18,17,23,23,23,23
17,3,3,3,17,17
26,26,26,26,9,9,6,6,6,6,23,23,23,23,23,23,19,19,17,17
1,1
9,17,17,1,9,17,17,3
15,15,15,15
20
7,7,7,7,7,7,7,7,7
21,21,21,21,21,21,21,21,21,21,21,21,21,21,21,21
11,11,11,11,16,16,16,16,5,14,15,15,15,15,15,15,17
17,17,17,17,17,17,17,17,17,20,20,20,20,20,20,20,20,20,20,20,27,27,27,27
17,17,17,17,17
15,15,15,15,15
7
18
23
10,10,10,10,10,10,10
10,10,10,10,10,10,10,10,10,10
10,10,10
10
6,15,15,15,4,4,4,17,17,17,17,17,17,17,17,17,17,17,17,17,17,17,17,17,21,21,21,21,21,21,21,21,27,27,17,17,4,4,4,4,18,18,15
1,1,1,1,1,1,1,1,1,1,1,1,2,2,2,2,2,2,2,2,2,2,23,23,23,23,25,25,25,25,25,25,25,25,14,14,15,15,15,15,15,15,15,15,15,15,15,15,15,15,15,15,15,15,15,15,15,15,15,15,15,15,15,15,23,23,23,23,23,23,23,23,23,23,23,23,23,23,23,23,23,23,23,23,23,23,23,23,23,23,23,23,23,23,23,23,23,23,23,23,23,23,23,23,23,23,23,23,23,23,23,23,23,23,23,23,23,23,23,23,23,23,23,9,9,9,9,9,6,6,16,16,16,16,16
20,20,20,20,20,20,20,20,20,20,20,20,20,20,20,20,20,20,20,20,20,20,20,20,20,20,20,20,20,20,20,20,20,20,7,7,7,7,22,22,22,22,22,22,22,22,3,17,17,15,18,23,23,6,6,6,6,6,6,6,6,6,6,6,6,6,6,6,6,6,6,6,6,6
18,18,18,18,18,18,18,18,18,18,18,18,18,18,18,18,18,18,18
26
1,1,23,23,18,23,23,4,23
4,15,15
4,18,6,23
18,18
23
3
17,17
17,17,17,17,17,17,17,17,17,17,17,17,17,17,17
17
16,15,15
16,1,3,15
7,7,7
26,26,26,26,16,16
23,23
11,6
16
16,16,18
16
26
20,20,20,7,7,7,7,7,7,7,7,7,7,7,7,7,23,4,4,4,17,17,17,17,17,17,21,17,17,17,17,17,17,17,17,17,17,20,20,20,20,20,20,20,20,20,20,20,20,20,4,4
1,1,1,1,1,1,1,1,1,2,24,24,24,24,24,24,24,24,24,24,24,24,24,24,29,29,24
10,26,16,21
6,6,5,5,14,15,15,15,15,15,15,15,17,17
5,5,5,5,5,5,5,5,25,5,5,5,5,5,6,6
9
27,27,23
18,17,17,17,17,17,17,17,16
6
11,16,5,5,11
11,11,11,11,11,11,11,11,11,11,11,11
21,21,21,21,21,21,21,21
21,21
18,17,17,17,17,17,17,17,17,17,17,17,17,17,18,4,4,4,17,17,17,23,23,23,23,20,20,20
1,1,1,1,1,1,3,3,3,3,3,3,23,6,9,9,9,9,26
15,15,15,15
7,7,7,7
3,3
17,17,17
17,17,17,17,17,17,17,17,17,17,17,17,17,17,17,17,17
1,1,1,1,1,1,1,1,1,1,1,1,1,1,1,5,4,4,4,4,25,4,5,5,5,5,5,15,5,27
4,4,4,4,4,4,4,4,25,25,25,25,25,25,25,25,25,25,25,25,25,25,5,5,15,15,15,15,15,15,15,15,15,15,15,17,17,17,18,18,18,18
20,20
21,21,23,23,23,4,4,18,17,17,17,17,17,17,17,17,17,17,15,15,9,9,6,9,9,26,26,26,26,26,17,17,17,17,17,17,17,17,17,18,18,21,21,21,21,21,21,21,21,21
17,17,17,17,18,18,23,23,4
6,6,6,9,9,9,9,16,16,16,16,16,16,16,16,16,16,16,16
18,18,18,18,18,18,18,18,18,18,18,18,18,18,18,18,18,18,18,18,18,15,15,15,15,15,15,15,17,27,27
4,25,25,6,6,9,6,5,23,18,17,17,17,17,17,17,17
23,23,5,5,5,5,5,5,5,5,15,25,17,17,15,15,15,15,15,15,15,26,26
27,27,27,27,27,27,27,27,27
17
7,7,7,7,7,7,7,7
26,26,26,26
17,17,15,15,5,5,5,5,9,20
3
2,2,2,2,2,2,2,2,2,2,2,2,2,2,2,2,2,2,2,2,2,2,2,2,2,2,2,2,2,2,2,2,2,2,2,2,2,2,2,2,2,2,2,2,2,2,2,2,2,2,2,2,2,2,2,2,2,2,2,2,2,2,2
16,17
15,15,15
17,15
3
17
16
5,25,26
6,6,9,9,9,6,9,6,6,6,6,5,15,15,15,15,15,15,15,23
23,17,17
17,18,4,4,4,4,4
25,25,25,25,25,4,4,25,25,25,5,5,5
17,17,17,17,17,17,17,3,3,3,3,3
20,20
15
21,21,21,21,21,21,21,21,21,15,16,16,16,11,11,11
15,15,15,15,15,15,15,15,15,15,15,21,21,21,21,21
16,16,4,16,16,16
21,21,21,21,21,21,21,21,27,27,27
4
4
1,1,1
26
17,17,17,17
17,17,17,5,5,5
3,3,3,3
17,17,17,17
23
25
17,17,17,17,17,17,17,17,17,17,17,17,17,17,17,17,17,17,17,17,17,17,17,17,17,17
17,17,17,17,17,17,17
27,4
26
6,6,9,9,9,6,6,9,15,5,15,17,17,17,17,17,17,17,17,17,17,17,17,17,17,17,17,17,17
1,1
4,4,4
8,8,8,8,8,8
3,3,3,3,3,3,3,3,3,3,3,3,3,3,3,3,3
10,10,10,10,10,10,10,10,10,10,10,10,10,10,10,10,10,10,10,10,10,10,10,10,10,10,10,10
17,17
1,1,1,1,1,1,1,1,1,1,1,1,1,1,1
17,17,17,17
17,17,17,17,17,17,17,17,17,17,17
7,7,7,7
1,1,1,1,1,1,1,1,1,1
17,17,15,4,4,11,16
23
17,17,17,17,17,17,17,17
5,15
25,25,25,25,25,25,25,25,25,25,25,25,25,25,25,25,25
25,25,25,25,25,25
25
3,23,23,4,4,4,4
1
23,18,18,17,17
20,23
26,26,6,5,15,5,5,5,17
9,9,9,9,9,14,14,14
17
9,17
17,17
17
27
17
3
26
20
23
20
20
1
17,17,17,17,17,17,17,17,17,17,17,17,15,15,15,15,15,15,25,4,25,4,4,4,4,18,17,17,17,17,17,17,27
1,1,1,1,1,1,1
17,17,17,17
26
3,3,3,3
24
5,6
17,17
17
18,4,4,4,4,11,11,11,11,11
1,1,1,1,1,1,1,1,1,2,2,2,2,2,2,2,2,2,2,2,2,2,2,2,2,2,2,2,2,2,2,2,2,2,2,2,2,2,2,2,2,2,2
4,18,7,7,7,7
17
17,17,17,17,26
20,20,4,4,18,4,5,5,5,5,5
23,18
10,10,10,10,10,10,10,10,10,10,10,10
11
25
15,8,8
27
23,18,17,18,23
26,26,26,26,22,22,22,22
26
9,17,17
20,17,17,17,17
15,15,15,24,24
7,7
15,15,4,18,3,3,3,3,3,3
5
17,17,17
23
10
11,11,11
7,7
7,7,7,7,7
27,27,27
8,8,8,8
23,17,19,7,21,3
20
23
27
11
17
11
11
11,17,17
7,7,7,20
15
4,10,10
16,16,16,16,16,16
10,10
16,16,16,16
3
13
3
16,16,16
11,11,11,11,11,11,11,11,11,11,11
11,11
3
15
16
21
3
3,18,4,4
24
10,17,17
11,11,11,11,11
14,17
20,20,20,20,22,17,4,4
3,3
6
5,15
17,23
9
16
26
17,17,17
15,4
3,3,3
20,20,20,20
18,18
23
17,15
15
27,3
9,9
5,25,4,20,20
26
2,2,2,2,2,2,2,2,2,2,2,2,2
24,24,24,3,3,3,3,3,3,3,3
3,3,3,3,3,3,3,3,3,3,3,3,3,3,3,3,3,3,3,3,3,3
27,27
17,17,17,17,17,17,17,17,17,17,17,17,17,17,17,17,17,17,17,17,17,17,17,17,17,17,17
1,1,1,1,1,1,2,24,24,24,24,24,24,24,24,24,24
17,17
23,23,23
6,6,6,6,6,11,11
15
7
6,6,6,6,9
5,5,5,26
6,6,6
14
17
3,3,3
26,5,17
17
17,17
17,17,17,17
2,2,2,2,2,2,2,2,2,2,2,2,2,2,2,2,2,2,2,2,2,2,2,2,2,2,2,2,2,2,2,2,2,2,2,2,2,2,2,2,2,2,2,2,2,2,2,2,2,2,2,2,2,2,2,2,2,2,2,2,2,2,2,2,2,2,2,2,2,2,2,2,2,2,2,2,2,2,2,2,2,2,2,2,2,2,2,2,2,2,2,2,2,2,2,2,2,2,2,2,2,2,2,2,2,2,2,2,2,2,2,2,2,2,2,2,2,2,2,2,2,2,2,2,2,2,2,2,2,2,2,2,2,2,2,2,2,2,2,2,2,2,2,2,2,2,2,2,2,2,2,2,2,2,2,2,2,2,2,2,2,2,2,2,2,2,2,2,2,2,2,2,2,2,2,2,2,2,2,2,2,2,2,2,2,2,2,2,2,2,2,2,2,2,2,2,2,2,2,2,2,2,2,2,2,2,2,2,2,2,2,2,2,2,2,2,2
2,2,2
2,2
20
20,20
17,17,17,17,17,17,15,15,15,15,25,25,25,25,25,25,5,5,5,5,5,21,21,21,21,21,21
8
1,1,1,2,2,2,2,2,2,2,2,2,2,2,2,2,2,2,2,2,2,2,2,2,2,2,2,2
3,3,3,3,3,3,3,3,3,3,3,3,3,3,3,3,3,3,3,3,3,3
20
23
1,1,17,17,17,17,17,18,23,24,24,25,26,26,27
17
19
15,17,25,25,15,15
23,7
15
7
18
15
1
17
11
4
1,6,15,25
26,26,5,5,6,5,5,5,9,9,9,9,9,9,9
26,26,6,6
4
15,15,15,15,15
15
15,15,15,15,15,15
15
16,16,11,6,15,15,15
16,11,11,11,11,11,11
16,16,16,16
4
17,17,17,17,17,5,5,5,5,5,5,5,5,5,5,5,5,5,5,5,5,5,5,5,5,5,26,26,26,26
17,17,17,17,17,17,17,17,17,17,17,17,17,17,17,17,17,17,17,17,17,17,17,17,17,17,17,17,17,17,17,17,17,17,17,17,17,8,8,8,8,8,8,8,8,8,8,8,8,8,8,8,8,8,8,8,8,8,8,8,8,8,8,8,8,8,8,8,8,8,8,8,8,8,8,8,8,8,8,8,3,3,3,3,3,3,3,3,3,3,3,3,3,3,3,3,3,3,3,3,3,3,3,3,3,3,3,3,3,3,3,3,3,3,7,7,7,7,7,7
7,7,7,7,7,7,7,7,7,7,7,7,7,7,7,7,7,7,7,7,20,20,20,20,20,20,20,20,20,20,20,20,20,20,20,20,20,20,20,20,20,20,20,20
1,1,1,1,1,1,1,1,1,1,1,1,1,1,1,1,1,1,1,1,1,1,1,1,1,1,1,1,1,1,1,1,1,1,1,1,1,1,1,1,1,1,1,1,1,1,1,1,1,1,1,1,1,1,1,1,1,1,1,1,1,1,1,1,1,1,1,1,1,1,1,1,1,1,1,1,1,1,1,1,1,1,1,1,1,1,1,1,1,1,1,1,1,1,1,1,1,1,1,1,1,1,1,1,1,1,1,1,1,1,1,1,1,1,1,1,1,1,1,1,1,1,1,1,1,1,1,1,1,1,1,1,1,1,1,1,1,1,1,1,1,1,1,1,1,1,1,1,1,1,1,1,5,5,5,5,5,5,5,5,5,5,5,5,5,5,5,5,5
5,5,5,5,5,5,5,5,5,5
15,15,5
1,1,1,1
5,5,5,5,5,5,5
6,6,6
2,2,2,2,2,2,2,2,2,2
8
24
17
17,17,17,17
17,17
17,17,17,17,17
17
17,17,17
17
15,17,17,17
11
23
16,1,1,1,1
1,1
22,22,22
17,26
2,2,2,2,2,2
13,13
10
10,10
10,10,10
23,23
2
2
1
29
24
21,21,21,21,21,21,21,21,21,21,21,11,11
6,6
6
25
7
10,10,10,10,10,10,10,10,10,10,10,10,10,10,10,10
25,25,25,25,5,5,26,26
3,3,3,3,3,3,3,3,3,3,3,3,3,3,3,3,3,3,3,3,3,3,3,3,3,3,3,3,3,3,3,3,3,3
17,21,21,19,21,21,21,21,21
3
4
23
18
4
16
17
23
25
25
25,5,5
5,5,5
17,27,27,27,17,27
3,3,3
17
4
3
4,20,17,17
13,23,23,23
9,26,26,7,20,9
1,4,6,6,17,17,17,17,17,24,24,24,24,24,24,29,29,29,29
23,25,6,5,5,17,17,23,23
23,17,21,21,23
9,26,15,15,15,5,23,23
17,17,17,17,17,17,17,17,17,17,17,17,17,17,17,17,17,17,17,17,17,17,27,27,27,4,4,4,4,4,4
3,3,22,22
7,7,7,3
17,17,15
4
4,15
11,11
16,16
11,3
15,15,15,15,15,15,15,15,15
15
21,21,21,21,21,21,21,21,21,17,17,17,17,17,17,17,17,17,25,25,25,25,25,25,25,25,25,25,25,25,25,25,25,15
19,19,19,17,17,17,17
9,9,9,9,9,9,9,9,9,9,9,9,9,6,6,6,6,6,6,6,6,6,6,6,6,6,6,6,6,6,6,6,6,6,6,6,6,6,6,6,6,6,6,6,6,6,6,6,6,6,6,6,6,6,6,6,6,6,6,6,6,6,6,6,6,6,6,6,6,6,6,9,6,9,9,9,9
7,7,7,7,7,7,7,7,7,7,7,7,7,7,7,7,7,7,7,7,7,7,7,7,7,7,7,7,7,7,7,7,7,7,7,7,7,7,7,7,7,7,7,7,7,7,7,7,7,7,7,7,7,7,7,7,7,7,7,7,7,7
26,9,26,26,26,26,26,26,26,26,26,26,26,26,26,26,26,26,26,26,26,26,26,26,26,26,26,26,26,26,26,26,26,26,9,9
17,17,17,17
26,26
25,25,25
9,9,9,9,9,9,9,9,9,9
17,17
20,20,20,20,20,20,20,20,20,20,20,20,20,20,20,20,20,20,20,20,20,20,20,20,20,20,20,20,20,20,20,20,20,20,20,20,20,20,20,20,20,20,20,20,20,20,20,20,20,20,20,20,20,20,20,20,20,20,20,20,20,20,20,20,20,20,20,20,20,20,20,20,20,20,20,20,20,20,20,20,20,20,20,20,20,20,20,20,20,20,20,20,20,20,20,20,20,20,20,20,20,20,20,20,20,20,20,20,20,20,20,20,20,20,20,20,20,20,20,20,20,20,20,20,20,20,20,20,20,20,20,20,20,20,20,20,20,20,20,20,20,20,20,20,20,20,20,20,20,20,20,20,20,20,20,20,20,20,20,20,20,20,20,20,20,20,20,20,20,20,20,20,20,20,20,20,20,20,20,20,20,20,20,20,20
9,9,9,9,9,9,9
5,5,5,5,5,5,5,5,5,5,5,5,5,5,5,5,5,15,15,15,15,15,15,15,15,15,15,15,15,15,15,15,15,15,15,15,15,15,15,15,15,15,15,15,15,15,15,15,15,15,15,15,15,15,15,15,15,15,15,15,15,15,15,15,5,5,5,5,5,5,5,5,5,5,5,5,5,5,5,5,5,5,5,5,5,5,5,5,5,5,5,5,5,5,5,5,5,5,5,5,5,5,5,5,5,5,5,5,5,5,5,5,5,5,5,5,5,5,5,5,5,5,5,5,5,5,5,5,5,5,5,5,5,5,5,5,5,5,5,5,5,5,5,5,5,5,5,5,5,5,5,5,5,5,5,5,5,15,15,15,15,15,15,15,17,17,17,17,17,17,17,17,17,17,17,17,17,17,17,17,17,17,17,17,17,17,17,17,17,17,17,17,17,17,17,17,17,17,17,17,17,17,17,17,17,17,17,17,17,17,17,17,17,17,17,17,17,17,17,17,17,17,17,17,17,17,17,17,17,17,17,17,17,17,17,17,17,17,17,17,17,17,17,17,17,17,17,17,17,17,17,17,17,17,17,17,17,17,17,17,17,17,17,17,17,15,5,5,5,5,5,5,5,5
21,21,21,21,21,21,21,21
27,27,27,27,27,27,27,27,27,27,27,27,27,27,27,27,27,27,27,27,27,27,27,27,27,27,27,27,27,27,27,27,27,27,27,27,27,27,17,17,17,17,17,17,17,17,17,17,17,17,17,17,17,17,17,17,17,17,17,17,17,17,17,17,17,17,17,17,17,17,17,17,17
17,17,17,17,17,17,17,17,17,17,17,17,17,17,17,17,17,17,17,17,17,17,17,17,17,17,17,17,17,17,17,17,17,17,17,27,27,27,27,27,27,27,27,27,27,27,27,27,27,27,27,27,27,27,27,27,27,27,27,27,27,27,27,27,27,27,27,27,27,27,27,27,27,27,27,27,27,27,27,27,27,27,27,27,19,19,19,19,19,19,19,19,19,19,19,19,19,19,19,19,19,19,19,19,19,19,19,19,19,19,19,19,19,19,19,19,19,19,19,19,19,19,19,19,19,19,19,19,19,19,19,19,19,19,19,19,19,19,19,18,18,18,18,18,18,18,18,18,18,18,18,18,18,18,18,18,18,18,18,18,18,18,18,18,18,18,18,18,18,18,18,18,18,18,18,18,18,18,18,18,18,18,18,18,18,18,18,18,18,18,18,18,18,18,18,18,18,18,18,18,18,18,18,18
20,20,20,20,20,20,20,20,20,20
16,16,16,16,16,16,16,16,16
17,17
16,16,16,16,16
7,7,7,7,7,7,7,7,7,7,7,7,7,7,7,7,7,7,7,7,7
18
10,10,10,10,10,10,10,10,10,10,10,10,10,10,10,10,10,10,10,10,10,10,10,10,10,10,10,10,10,10,10,10,10,10,10,10,10,10,10,10,10,10,10,10,10,10,10
15,15,15,15,15,15,15,15,15,5,15,5,5,5,5,15,15,15,15,15,15,15,15,15,15,15,15,15,15,15,15,15,15,15,15,15,15,15,15,15,15,15,15,15,15,15,15,15,15,15,15,15,15,15,15,15,15,15,15,15,15,15,15,15,15,15
5,5,5,5,5,5,5,5,5,5,5,5,5,5,5,5,5,5,5,5,5,5,5,5,5,5,5,5,5,5,5,5,5,5,5,5,5,5,5,5,5,5,5,5,5,5,5,5,5,5,5,5,5,5,5,5,5,5,5,5,5,5,5,5,5,5,5,5,5,5,5,5,5,5,5,5,5,5,5,5,5,5,5,5,5,5,5,5,5,5,5,5,5,5,5,5,5,5,5,5,5,5,5,5,5,5,5,5,5,5,5,5,5,5,5,5,5,15,5,15,15,15,15,15,15,15,15,5,5,15,15,15,15,5,5,5,5,5,5,5,5,5,5,5,5,5,15,5,5,5,5,5,5,5,5,5,5,5,5,5,5,5,5,5,5,15,5,15,15,15,15,15,15,15,15,15,15,15,15,15,15,15,15,15,15,15
16,16,16,16,16,16,16,16,16,16,16,16,16,16,16,16,16,16,16,16,16,16,16,16,16,16,16,16,16,16,16,16,16,16,16,16,16,16,16,16,16,16,16,16,16,16,16,16,16,16,16,16,16,16,16,16,16,16,16,16,16,16,16,16,16,16,16,16,16,16,16,16,16,16,16,16,16,16,16,16,16,16,16,16,16,16,16,16,16,16,16,16,16,16,16,16,16,16,16,16,16
5,5,5,5,5,5,5,5,5,5,5,5,5,5,5,5,5,5,5,5,5,5,5,5,5,5,5,5,5,5,5,5,5,5,5,5,5,5,5,5,5,5,5,5,5,5,5,5,5,5,5,5,5,5,5,5,5,5,5,5,5,5,5,5,5,5,5,5,5,5,5,5,5,5,5,5,5,5,5,5,5,5,5,5,5,5,5,5,5,5,5,5,5,5,5,5,5,5,5,5,5,5,5,5,5,5,5,5,5,5,5,5,5,5,5,5,5,5,5,5,5,5,5,5,5,5,5,5,5,5,5,5,5,5,5,5,5,5,5,5,5,5,5,5,5,5,5,5,5,5,5,5,5,5,5,5,5,5,5,5,5,5,5,5,5,5,5,5,5,5,5,5,5,5,5,5,5,5,5,5,5,5,5,5,5,5,5,5,5,5,5,5,5,5,5,5,5,5,5,5,5,5,5,5,5,5,5,5,5,5,5,5,5,5,5,5,5,5,5,5,5,5,5,5,5,5,5,5,5,5,5,5,5,5,5,5,5,5,5,5,5,5,5,5,5,5,5,5,5,5,5,5,5,5,5,5,5,5,5
17,17,17,17,17,17
5,5,5,5,5,5,5,5,5,5,5,5,5,5,5,5,5,5,5,5,5,5,5,5,5,5,5,5,5,17,17,17,17,17,17,17,17,17,17
20,20,20,20,20,20,20,20,20,20,20,20,20,20,20,20,20,20,20,20,20,20,20,20,20,20,20,20,20,20,20,20,20,20
15,15,15,15,15,18,15,4,17,17,17,17,17,17,17,17,17,5,5,15,15,15,5,26,26,23,4,23,23,20,20
3
1
9
11,11,11,11,11,10
17,17,17
10
19,19
9,6
17
23
23,23,23
10
8
17
17,22,22
1,1,1,1,1,1,1,5,5,15,15,15,15,15,15,15,15,26,26,9
23,18,18,17,17,17,17,17,17,17
14,5,6,11,11,16,26,26,15,15,5,4,4,25,4,4,23,23,7,7,7,7,7,7
22,22,22
20,20,20,20,20
19
17
1,1,23,23,23,23,23,25,25,17,17,17,17,17,17,17,17,17,17,17
7,7,7,7,7
17,17
17,17,17
17,17,17
17,17
20,7,7
15,15,15,15
23
17
15
27
7
23,23,23,23,23,20,20
1,1
16,16,16
15
7,7
15,17
20
5,26,26,5,26,26
2,2,2,2,2,2,2,2,29,2,29,24,1,1,2,2,2,1
7
17,17,17,17,17,17,17,17,17,17,17,17,17,17,17,17,17,17,17,17,17,17,17,17,17,17,17,17,17,17,15,15,15,15,15,15
9,9,9,9,9,9,9,9,9,9,9,9,9,9,6,11,16,16,16,16,16,16,16,16,16,16,5,5,5,5,15,15,15,15,15,15,15,15,15,15,15,15,17,17,17,17,17,17,17,17,17,17,17,17,17,17
23,23,23,23,23,23,23,23,23,23,23,23,23,23,23,23,23,23,23,23,23,23,23,23,23,23,23,23,23,23,19,23
23,23,23,23,23,23,23,23,23,23,23,23,23,23,23,23,23,23,23,23,23,23,23,23,23,4,17,17,17,21,21,21,21,21,21
17,17,17
9
1,1
7
6
23,23,23,23,23,23,23,23,23,23,23,23,23,23,23,23,23,23,23,23,23,23,23,23,23,23,23,23,23
20
27,27
17,17,17,17,17,17,17,17,17,17,17,17,9,9,9,5,5,5,9,9,9,9,6,6,9,9,6,6,6,6,6,6,6,6,6,6,6,6,6,6,6,6,6,6,6,6,6,6,6,6,6,6,6,6,6,6,6,6,6,6,6,6,6,6,6,6,6,6,6,6,6,6,6,6,6,6,6,6,6,6,6,6,6,6,6,6,6,6,6,6,6,6,6,6,6,6,6,6,6,6,6,6,6,6,6,6,6,6,6,6,6,6,6,6,6,6,6,6,6,6,6,6,6,6,6,6,6,6,6,6,6,6,6,6,6,6,6,6,6,6,6,6,6,6,6,6,6,6,6,6,6,6,6,6,6,6,6,6,6,6,6,6,6,6,6,6,6,6,6,6,6,6,6,6,6,6,6,6,6,6,6,6,6,6,6,6,6,6,6,6,6,6,6,6,6,6,6,6,6,6,6,6,6,9,6,6,6,6,6,6,6,6,6,6,6,6,6,6,6,6,6,17
17,17,17,23,23,23,23,20,20,20,20,20,20,20,20,20,20,20,20,20,20,20,20,20,20,20,20,20,20,20,20,20,20,20,20,20,20,20,20,20,20,6,5,5,5,5,5,5,5,5,5,5,5,5,15,15,15,15,15,15,15,15,15,15,15,15,15,15,25,25,25,25,25,25,25,25,25,25,25,25,25,25,25,25,25,25,25,25,25,25,25,25,25,25,25,25,25,25,25,25,25,25,25,25,25,25,25,25,25,25,25,25,25,25,25,4,4,4,4,4,4,4,4,4,4,4,4,4,4,4,4,4,4,4,4,4,4,4,4,4,4,4,4,4,4,4,4,4,4,4,4,4,25,4,4,4,4,4,4,4,4,4,4,4,4,4,4,4,4,4,4,4,4,4,4,4,4,4,4,4,4,4,4,4,4,4,4,4,4,4,4,4,4,4,4,4,4,4,4,4,4,4,4,4,4,4,4,4,4
1,1,1,1,1,1,1,1,1,1,1,1,1,1,1,1,1,1,1,1,1,1,1,1,1,2,2,2,2,2,2,2,2,2,2,2,2,2,2,2,2,2,2,2,2,2,2,2,2,2,2,2,2,2,2,2,2,2,2,2,2,2,2,2,2,2,2,2,2,2,2,2,2,2,2,2,2,24,24,24,24,24,24,24,24,24,24,24,24,24,24,24,24,24,24,24,24,24,24,24,24,24,24,24,24,24,24,24,24,24,24,24,24,24,24,24,24,24,24,24,24,24,24,24,24,24,24,24,24,24,24,24,24,24,24,24,24,24,24,24,24,24,24,24,24,24,24,24,24,24,24,24,24,24,24,24,24,24,24,24
1,1,1
4
1
26,26
20,20,20,20,20,20,20,20,20,20,20,20,20,20,20,20,20,20,20,20,20,20,20,20,20,20,20,20,20,20,20
15
4,4
16
26,26,16,16,23,7,7,4
23,23,23,23,23,23,23,23,8,8,3,3,3,3
5,5,5,18,25,20,20,20,20,20,17,17,17,17
20
11
17
25,25,25,25,25,25,25,25,25,25,25,25,25,25,25,25,25,25
6,25
17
21,21,21
3
18,18
9,9,9,9
24
24
4,4,4,4,4,4,4,4,4,4,26,26,26,6,9,9,9,9
18
1
5
17
17,17,17,17,17,17,5,17,17,17,17,17,17,17
17,17,17,17,17,1
9,23
15,15
15
15,15,15,15,15,15,15,15,15,15,15,15,15,15
15,15,15,15,15,15,15,15,15,15,15,15,15,15,15,15,15,15,15,15,15,15,15,15,15,15,15,15,15,15,15,15,15,15,15,15,15,15,15,15,15,15,15,15,15
4,25,4,26
9,5,15,15,25,15,15,15,15,15,15,25,25,25,25,25,4,23,4,4,4,4,4
27
18
4
16
18
17,17,17,17,17,17,17,17,17
16
16,11,11,6,9,9,15,17,17,27,17,17
15,17
4,27
17
17
27
21,17
17
15,18
15,15
15
21
4,4,4
21
7
17,17,21
21
15
15,15,9,7
21
17
18,18,18
9
6,6,5,5,5,5,5,5,5,5,6,6,6,6,9,9,9,9,9,26,23,18,4,4,18,18,18,18,18,23,18,4,4,4,4,4,4,4,4,4,4,4,4,4,4,23,23,23,18,18,18,17,17,17,17,17,17,17,17,17,17,17,17,17,17,17,17,17,17,17,17,17,17,17,17,18
3,15,15,16,17,17,21,21,21,21,21,21
3,3,3,3,3,3,3,3,3,3,3,3,3,3,3,3,3,3,3,3
17
1,1,1,1,1,1,1
20,20,4,4,4,4,4,4,4,15,15,15,15,5,5,5,5,5,16,16,6,20,20,20,20
17,5,5,5,5
5,5,5,5,5,14,14,14,14,15,15,15,15,15,15,15,17,17,17,17,27,5,5,17
26,9,5
23
17
3,3,3,3,3,3,3,3,3,3,3,3,3,3
1,1,1,1,1,1
10
18
25,25,25,26
2,2,2,2,2,2,2,2,24
1,1,1,1,17,17,17,20,20
15,15,15,15,15,14,14,14,14,14,14,15,15,15,15,15,25,25,18
15,15,18,18,18,18,18,18,18,26,9,9,6,6,6,6,6,6,6,6,6,6,6,6,6,6,6,26
7,7,7,17
16
17,17
16,16
15
4
6
15
16,16,16,16,16,16
20,20,20,20,20,20,20
17,17,17,17,17,17,18,17,23,6,6,15,15,15,15
5
17,15
3,1
6
6
16
8,8
8
1,1,1,1,1,1,1,1,1,1,1,1,1,1,1,1,1,1,1,1,1,1,1,1,24,24,24,24,29,29,29,29,24,24,24,24,24
1
16,3
29,29,29,29,29,29,29,29,29,29,29,29,29,29,29,29,29,29,29,29,29,29,29,29,29
24,1,9
4
23,23,18,18,18,18,18,18,18,18,18,15,9,9,9,9,9,9,9,9,9,17,17,17
17,17,17,17,17,17,17
17,17,17,17,17,17,17,15,15
5,5,5,5,5,5,15,15,15
4,4,4
15,15,15
17,17,17,17,17,17,17,17,17,17,17,17,17,17,17,17,17,17,17,17,17,17,17,17,17,17,5
17,17,17,17,17,17,17,17,15,15,15,15,5,5,5,5,5,5,5,5,5,5,5,5,5,15,15,15,15,15,15
25,4,25,23,18,4,4
16,16,16,16,16
16
16,16,16
16,16,16,16,16
17,17,17,17,17,17,17,17,17,17,17,17,17,17,17,17,17,17,17,17,17,17,17,17,17,17,17,17,17,17,17
23
17,17,17,17,17,17,17,17,17,17,17,17,17,17,17,17,17,17,17,17,17,17,17,17,17,17,17,17,17,17,17,17,17,17,17,17,17,17,17,17,17
10
17
11
17,27
16
4
14
5,26
16,16
21
23,9
10
16
9
17,17,3,20
17
17,17,17,17,17,17,17,17,17,17,17,17,17,17,17,17,17,17,17,17,17,17,17,17,17,17,17,17,17,17,17,17,17,17,17,17,17,17,17,17,17,17,17,17,17,17,17,17,17,17,17,17,17,17,17,17,17,17,17,17,17,17,17,17,17,17,17,17,17
20,20,20,20
20,20,20,20,20,20,17,17,17,17,17,17,17,17,17,17,17,17,17,17,17,17,17,17,17,17,17,17,17,17,17,17,17,17,17,17,17,17,17,17,17,17,17,17,17
20,20,20
17,20
25
15,5,5,5,6,6,6
1,1,1
23
8,8
17
25,25
6,6,7,7
10,10,10,9,10,15,15
2,2
9,21,21,21,21
4
20,20,20
10
6
24
10
16,16
10
4,4,4,4,4,4,4,4,4,4,4
21,21,21,21
3,3,3,3,20,20,20,20
5,5,5,5,5,5
15,15,15
15
16
23
16,5,5,14,15,15,25,25,15,15
16
27
3
17,27,27,17,3
1,2
15
11
20
23
20,15,9,9,9,9,9,9,9,9,9
3,3,16
16
27,20,14,17
7
7
25
15
17,17,17,27
8
27,27,17
20,7
6,17,17,6,6,9
6,9
26
20
6,6,26,26,26,26,4,17,17,17,17,17,23
16,16,16,16
16
19,19,23,23
17
26,9
7,16
20,20,20,20,20,20,20,20,20,20,20,20,20,20,20
5,5,5,5,15,15
17,17,6,26
18
18
18
18,18
18,18,18,18,18,18
18,18
18
18,18,18,18
6
7,7,1,1,1,24,24
20,20,6,6,6,6,6,6,6
26,1,1,15,9,15,6
17
20
18,3,3,3,3,3,3
18
23
17,17,18,15,17,17,15,6,6,6,6,6,9,9,6,6,6,6,6,6,17,17,17
17
17,3
20,20,20,20,20,20,20,20,23
17,17,17,6,6,9,9,9,9,9,9,9,5,5,5,9,9,9,9,9,9,9,9,9,9,9,9,16,16,16,16,16,16,16,11,11,11,11,11,11,9,9,6,6,6,6,6,6,6,6,6,6,6,6,6,6,6,6,6,6,6,6,6,6,6,6,6,6,6,6,6,6,6,6,6,6,6,6,6,6,6,6,6,6,6,6,6,6,6,6,6,6,6,6,6,6,6,6,6,6,6,6,6,6,6,6,6,6,6,6,6,6,6,6,6,6,6,6,6,6,6,6,6,6,6,6,6,6,6,6,6,6,6,6,6,6,6,6,6,6,6,6,6,6,6,6,6,6,6,6,6,6,6,6,6,6,6,6,6,6,6,6,6,6,6,6,6,6,6,6,6,6,6,6,6,6,6,6,6,6,6,6,6,6,6,6,6,6,6,6,6,6,6,6,6,6,6,6,6,6,6,6,6,6,6,6,6,6,6,6,6,6,6,6,6,6,6,6,6,6,6,6,6,6,6,6,6,6,6,6,6,6,6,6,6,6,6,6,6,6,6,6,6,6,6,6,6,6,6,6,6,6,6,6,6,6,6,6,6,6,6,6,6,6,6,6,6,17,17,17,17,17
9,15,15,15,15,15,15,15,15,15,15,15,15,15,15,15,15,15,15,15,15,15,15,15,15,15,15,15,15,15,15,15,15,15,15,15,15,15,15,15,15,15,15,15,15,15,15,15,15,15,15,15,15,15,15,15,15,15,15,15,15,15,15,15,15,15,15,15,15,15,15,15,15,15,15,15,15,15,15,15,15,15,15,15,15,15,15,15,15,15,15,15,15,15,15,15,15,15,15,15,15,15,15,15,15,15,15,15,15,15,15,15,15,15,15,15,15,15,15,15,15,15,15,15,15,15,15,15,15,15,15,15,15,15,15,15,15,15,15,15,15,15,15,15,15,15,15,15,15,15,15,15,15,15,15,15,15,15,15,15,15,15,15,15,15,15,15,15,15,15,15,15,15,5,5,5,5,5,5,5
1,1,1,1,1,1,1,1,1,1,1,1,1,1,1,1,1,1,1,1,1,1,1,1,1,1,1,1,1,1,1,1,1,1,1,1,1,1,1,1,1,1,1,1,1,1,1,1,1,1,1,1,1,1,1,1,1,1,1,1,1,1,1,1,1,24,24,24,24,24,24,24,24,24,24,24,24,24,24,24,24,24,24,24,24,24,24,24,24,24,24,24,24,24,24,24,24,24,24,24,24,24,24,24,24,24,24,24,24,24,24,24,24,24,24,24,24,24,24,24,24,24,24,24,24,24,24,24,24,24,24,24,24,24,24,29,29,29,29,29,29,29,29,29,29,29,29,29,29,29,29,29,29,29,29,29,29,29,29,29,29,29,29,29,29,29,29,29,29,29,29,29,29,29,29,29,29,29,29,29,29,29,29,29,29,29,29,29,24,24,24,24,24,24,24,24,1,1,1,1,1,1,1,1,1
15,15,15,15,15,15,15,15,15,15,15,15,15,15,5,5,5,5,5,5,5,5,5,5,5,5,5,5,9,9,6,9,9,6,6,6,9,9,9,9,9,9
26
5
20
3
20
27
7,26,15,15,15,3,3,3
1,1
15
18,17
23,23,23,17,17,17,17,17,17,17,17,23,4,23,23,23,23
26,26,26,26,26,26,26,9,9,9,9,9,9,9,9,9,9,9,9,9
10
2
17,17,5
17
4
23
4,23
23,17
1
26,26
6
17
17
17
18
17
17
5
23
4
17
10
18,18,23
23
11
8
26,20,1
1
20
2,2,7,20
4,26,15,17,17,9,4,15,4
14
3,3,3,14,27
17,17,20,20,17,17,17,17,17,17,17,17,17,17,17,17,17,17,17,17,17,17,17,17,17,17,17,17,17,17,17,17,17,17,17,17,17,17,17,17,17,27
17,17,27
3,3,3
17,17,17
20,18
15,15,5
15,15
11,11,11,9,6,9,6,9,6,6,9,5,5,5,14,15,15,15,15,15,15
7,7,7
9
21,21,21,21,21,21,21,21,21,21,21,21,21,21,21,21,21,21
8,8
17,17,17,17,17,17,17,17,17,17,17,17,18,15,15,15,15,15,15,25,17
6
5
17
9
16
11
23,23
29
24,24
11
17,11
11
11
16
16,16,16,16,16
16,16
20,20,20,20,20
16,16,16
17,17
16,16
16
6,6,26,26,17,18,18,23
7,15,5,23
23,3,3
15,17,15,15,15,15
21
20,20
17,21,21,21,21,21,21,21
3,26
8
1,1,1,1,1
9,9,9
17,17,17,17,15
3,3
11,11,16,11
16,16,16,16
17
9,16,9,16
16
17,15
17
4,15,4,23,26,26,17
5,4,11,11,11
9,6
3
9
10
17,17,27,4,15
6
26
23,16,11
23,23,23,23
23,23,23,23,23,23,23,23,17,9
27,27,23
26,11,11,16,9,9,26,26,26,26,26,26,26,26,26
23,23
20,16
7
5,5
16,16,16,16,16,16,16,16,11,16,16,11,11,11,11,11,16,6,5,5,5,15,15,15,15,14,15,15,17,17,17,17,17,17,17,17,17,17,17,17,17,27,27,15,14,16,11
7,7,7,7,7,7,7,9,9,6,6,16,16
17,17,17,17,17
7
7,7,7
17,24,1
5,9,9,17
7
17
27
23
3,3,3
4,4,4,4,9,5,26,26
17,17,17,17,17,17,17,17,17,17,17,17,17,17,17,17,15,15,15,15,15,15,25,25,25,25,25,16,16
4,23,4,4,4,4,15,15,15,15,15,15,15,15,15,15,15,17
15
15
15,15,15,15
15,15,15,15
15
17
4
3,3,3,3,3,3,3
27,27,17,17
20
20
17
20,20,20,20,20,20,20,20,17,17,17,17
17,17
15,25,17
15
6,6,5,5,5,1,1,1,1,1,1,1,1
15,15,6,23
27
17,17,15,15,5,9,9,9
17,10
4,4,4,4,15,15,15,14,14,4,17,17,17,17
17,17,17,15,15,11
17,20,9
26,26,5
17
17
23,17,17
17
23
23
16,16,16
4
3,3
27
26,26,26,26,26,26,26,26,26,15,15,15,15,15,15,15,15,15,15,15,15,15,15,15,15,15,15,5,5,5,5,5,14,15,15,15,15,15,15,15,15,15,15,15,17,17,17,17,17,17,17,17,17,17,17,17,17,17,23,23,23,18,18,18,18,17,17,18,18,18,18,18,18,18,18,18,18,17,18,18,18,18
1,1,1,1,1,1,1,1,1,1,1,1,1,1,1,1,1,1,1,1,1,1,1,1,1,1,1,1,1,1,1,1,1,1,1,1,1,1,1,1,1,1,1,1,1,1,1
15,15,15,15,15,15,15,15,25,25,25,25,25,14,14,14,14,14,14,14
17
6
17,18,18,18,18,18,18,23,26,26,26,26,26,26,26,26,26,26,26
6,9,6,6,6,11,11,6,6,6,9,9,6,6,6,6,6,6,6,6,6,6,6,6,6,6,6,6,6,6,6,6,6,6,6,6,6,6,6,6,6,6,6,6,6,6,6,6
11
17
7
17,5
1
5
24,24,24,24,24
1
20
23
23
26
19
10
5,5
19
11
4
3
2
17
4
14
26,6,17,23,4,23,10,16,16,11,11,16,17
25
17,17
6,20,20
7
7
16,10
23,23
17,17,17
23,23,23,23,23,23,16,16,23,23
22
20,20
18,17,17,23,20,20
17
17,17
6,9
26
26,5,5,15,17
16,16,16,16,9,9,16,16,16,23,23,23,23,23
17,17,15,15,15,18,23
6,6,6,6,6,6,6,17,17,17,17
5
10,10,10,10
10
26,26,26
20,20
20,20,7
23,23,23,23,23,23,23
17,17
25,25,25,25,25,25,25,25,25,25,25,25,25,25,25,25,25,25,25,25,25,25,25,25,25,25,25,25
17,26
1
17
11
26
25,25,25,25,25,25
25
10,10,10,10,10,10
9
26,26,26
16
5,17,17,17,17,27,27,27
15
6
16,16,16,16,11,11,11,11,2,2,2,2
2,2,2,2,2,2,2,2,2
20,6,11,11,11,11,11,11,11,16
2
16,16
21,21,21,21
26,16,16,16,16,16,16,16,16,16,16,16,16,16,16,16,16,16,16,16,16,16,16,16,16,16,16,16
16,16,16,16,16,16,16,11
9,9
16,16,16,16
16,16
26
21,21,21,21,21,21
27,27,27,27,27,27,27,27,27,27,27,27,27,27,27,27,27
1
1
17,23,23
3,3
17,17,1,1,26,26,26,5,5,9,9,23
10,16,11
18
17,17,17,5,15,5,5,5,9,9,9,9,6,9,16,16,4,15
17,17,17,17,4,4
17,17,17,17,23,23
17
5
2
2,2,2,2,2,2,2,2,2,2,2,2,2,2,2,2,2,2,2,2,2,2,2,2,2,2,2,2,2,2,2,2,2,2,2,2,2,2,2,2,2,2,2,2,2,2,2,2,2,2,2,2,2,2
23,23,23,23,23,23,23,23,23,23,23,23
24,24,24,24,24,24,24,24,24,24,24,24,24,24,24,24,24,24,24,24,24,24,24,24,24,24,24,24,24,24,24,24,24,24,24,24,24,24,24,24,24,24,24,24,24,24,24,24,24,24,24,24,24,24,24
10
9,11
15,15,15,15,15,15,15,15,15,15,15,15,15,15,15,15,15,15,15,15,15,15,15,15,15,15,15,15,15,15,15,15,15,15,15,15,15,15,15,15,15,15,15,15,15,15,15,15,15,15,15,15,15,15,15,15,15,15,15,15,15,15,15,15,15,15
17
11
11
15,15,15,15
13
13
20
4,13,13,13
4
26
10,10
16
24
16
16,16
6
13
9,11,11,6,9,9,6,6,9,5,5
15,15,15
17
4,17
15,15
16
15,17,17
7,7,20,17,17
23
17,23
7,7,20,20,23,23,23,23,17,17,17,17,17,17,17,15,23,15
20,9,9,26,26,26,26
17,17,17
3
25,25,25,25,25,25,25,25
19,19,19,19
25,25,25,25,25,25,25,25,25,25,25,25,25,25,25,25,25,25,25,25,25,25,25,25,25,25,25,25,25,25,25,25,25,25,25,25,25,25,25,25,25,25,25,25,25,25,25,25,25,25,25,25,25,25,25,25,25,25,25,25,25,25,25,25,25,25,25,25,25,25,25,25,25,25,25,25,25,25,25,25,25,25,25,25,25,25,25,25,25,25,25,25,25,25,25,25,25,25,25,25,25,25,25,25,25,25,25,25,25,25,25,25,25,25,25,25,25,21,21,21,21,21,21,21,21,21,21,21,21,21,21,21,21,21,21,21,25,25,25,25,25,25,25,25,25,25,25,25,25,25,25,25,25,25,25,25,25,25,25
25,25,25,25,25,25,25,25,25,25,25,25,25,25,25,25,25,25,25,25,25,25,25,25,25,25,25,25,25,25,25,25,25,25,25,25,25,25,25,25,25,25,25,25,25,25,25,25,25,25,25,25,25,25,25,25,25,25,25,25,25,25,25,25,25,25,25,25,25,25,25,25,25,25,25,25,25,25,25,25,25,25,25,25,25,25,25,25,25,25,25,25,25,25,25,25,25,25,25,25,25,25,25,25,25,25,25,25,25,25,25,25,25,25,25,25,25,25,25,25,25,25,25,25,25,25,25,25,25,25,25,25,25,25,25,25,25,25,25,25,25,25,25,25,25,25,25,25,25,25,25,25,25,25,25,25,25,25,25,25,25,25,25,25,25,25,25,25,25,25,25,25,25,25,25,25,25,25,25,25,25,25,25
17,17,17,17,15,19
26,26,26,26,9,9,9,9,26,26,15,15
1,1,1,1,1,3,3,3,3,23,4
22,22,22,22,22,21,21,21
11,16
21
16
17,15
17,17,17
1
1
18
16
17,17,17,17,17,17,17,17,17,17,17,15,15,15,15,15,5,9,26,20,20,20
6,6,6
4,4,20
14,14,15,14,14,20
15
22,22,22
16,16,16,11,11,11
7,7
17,5,25,9,9,6,6,9,4
7
14,1,1,1,1,1,1,1
20,23,4,4,4,4,4,15,18,18,18,3,3,3,3,4,17
19
17
23,23,23
23,23,23
27
17,17
17,17,17,17,17,17,17,17,17,17,17,17,17,17,17,17,17,17,17,17,17,17,17,17,17,17,17,17,17,17,17,17,17,17,17,17,17,17,17,17,17,17,17,17,17
17
3
11
17
3
21
20
15,15,15,15,17,17,17,17,27
5
20
23,23,23
20
20,20
23,6,6
17,5,16,16,11
17
17,17,17,17,17,17,15,17,17,23
10,10,10
21,21
23,23,23,23,23
26,6
6
17,5,15,15,15
28
2,2,2,2,2,2,2,2,2,2,2,2,2,2
2,2,2,2,2,2,2,2,2,2,2,2,2
5,5,5,5,5,5,5,5,5,5,5,5,5,5,5,5,5,5,5,5,5,5,5,5,5
3,3,3,3,3,3,3,3,3,3,3,3,3
3
3
26,11,26,26,26,26,26,26,26,26,26
3,3
9,26,9,26,26
9,9,26,26,26,26,9,9
23,23,23,23,23,23
26,9
16,16,16,16,16,16
16,16,16,16,9,26,26,26,26,26,26,26,26,26,26,26,26,26,26,15,15,15,15,17,17,17,17,17,17,17,17,17,17,17,17,17,17,17,6
9
2,2,2,2,2,2,2,2,2,2,2,2,2,2,2,2,2,24
17
17,17
26
4,4,4,15,15,15,15,15,15,15,14,15,5,5,25,25
17,17
5,5
17,17
6,6,18
4
14,14,14
2
4
25
25,25,25,4,4
5
16,17,17
16,11,11,11,11
25,4
20,20
10,23,18
7
1,1
3,3,3
1,1,1,1
5,5
5,1,24
5,5,5,5,5,5,5,5
26,26,9,17,25,27,17,25,27,5
7,7,5,14
15,17,15,3,3,9
3
20,20,20,23,23,23,23,23,23,23,23,4,4,4
20
26,16,11
7,7,7,7,7,7,7,7,7,7,7,7,7,7,7,7,7
20,20,20,20,20,20,20,20,20,20,20,20,20,20,20,20,20,20,20,20,20,20
17,17,17,27,9,3
1,1,1,24,24,24,29,29,29,29,29
9,15,17,18,18,17,17,3
3,17,17,5,23,17,3
3,23,23,23,23,5,26,21,1,1
28,28,28,28,28,28,28
10,10,10,10,10,10,10,10,10,10,10,10,10,10,10,10,10,10,10,10,10,10,10,10,10,10
10,10,10,10,10
13,13,13,13,13,13,13,13,13,13,13,13
28,28,28
5
25
2,2
2,2,2,24
2,2,2
2,2,2,2,2,2,2,2
2,2,2
10,10,10,10,10,10
2,2
1,1
2,2,2,2,2
15
15
20,20,20,20,20
7
26,3,3
1,1
3,3,22,22,3
2,2,2,2,2,2,2,2,2,2,2,2,2,2,2,2,2,2,2,2,2,2,2,2,2,2,2,2,2,2,2,2,2,2,2,2,2,2,2,2,2,2,2,2,2,2,2,2,2,2,2,2,2,2,2,2,2,2,2,2,2,2,2,2,2,2,2,2,2,2,2,2,2,2,2,2,2,2,2,2,2,2,2,2,2,2,2,2,2,2,2,2,2,2,2,2,2,2,2,29,29,29,29,29,29,29,29,29,29,29,29,29,29,29,24,24
2,2,2,2,2,2,2,2,2,2,2,2,2,2,2,2,2,2,2,2,2,2,2,2,2,2,2,2,2,2,2,2,2,2,2,2,2,2,2,2,2,2,2,2,2,2,2,2,2,2,2,2,2,2,2,2,2,2,2,2,2,2,2,2,2,2,2,2,2,2,2,2,2,2,2,2,2,2,2,2,2,2,2,2,2,2,2,2,2,2,2,2,2,2,2,2,2,2,2,2,2,2,2,2,2,2,2,2,2,2,2,2,2,2,2,2,2,2,2,2,2,2,2,2,2,2,2,2,2,2,2,2,2,2,2,2,2,2,2,2,2,2,2,2,2,2,2,2,2,29,29,2,2,2,2,2,2,2,2,2,2,2,2,2,2,2,2,2,2,2,2,2,2,2,2,2,2,2,2,2,2,2,2,2,2,2,2,2,2,2,2,2,2,2,2,2,2,2,2,2,2,2,2,2,2,2,2,2,2,2,2,2,2,2,2,2,2,2,2,2,2,2,2,2,2,2,2,2,2,2,2,2,2,2,2,2,2,2,2,1,1,1,1,1,1,1,1,1,1,1,1,1,1,10,6,6,6,6,6,9,9,9,9,5,5,5,5,15,15,15,15,15,15,14,14,25,18,18,18,17,17,17,17,17,17,17,17,17,18,23,23,23,23,23,23,23,23,23,23,23,6,6,26,26,26,26
9,9,9,6,20,20,20,20,8,8,8,8,8,8,8,8,8,8,8,8,8,8,8,8,8,8,8,8,8,8,8,8,8,8,8,8,8,8,8,8,8,8,8,8,8,8,8,8,8,8,8,8,8,8,8,8,8,8,8,8,8,8,8,8,8,8,8,8,8,8,8,8,8,8,8,8,8,8,8,8,8,8,8,8,8,8,8,8,8,8,8,8,8,27,27,27,27,27,17,17,17,17,17,17,17,17,17,17,17,17,17,17,17,17,17,17,17,17,17,17,17,17,17,17,17,17,17,17,17,17,17,17,17,17,17,17,17,17,17,17,17,17,17,17,17,17,17,17,17,17,17,17,17,17,17,17,17,17,17,17,17,17,17,17,17,17,17,17,17,17,17,17,17,17,17,17,17,17,17,17,17,17,17,17,17,17,17,17,17,17,17,17,17,17,17,17,17,17,17,17,17,17,17,17,17,17,17,17,17
1,1,1,1,1,1,1,1,1,1,1,1,1,1,1,1,1,1,1,1,1,1,1,1,1,1,1,1,1,1,1,1,1,1,1,1,1,1,1,1,1,1,1,1,1,1,1,1,1,1,1,1,1,1,1,1,1,1,1,1,1,1,1,1,1,1,1,1,1,1,1,1,1,1,1,1,1,1,1,1,1,1,1,1,1,1,1,1,6,6,6,6,6,6,9,9,9,6,6,6,6,6,9,9,9,9,9,9,9,26,26,26,26,26,26,26,26,5,5,5,14,14,15,15,15,15,15,15,15,15,15,17,17,17,17,17,17,17,17,17,17,17,17,17,17,17,17,17,17,17,17,17,17,17,17,17,17,17,17,17,17,17,17,17,17,17,17,17,17,17,17,17,17,17,17,17,18,18,18,18,18,18,18,18,23,23,23,23,4,4,4,4,4,4,4,4
1,1,1,1,1,1,1,1,1,1,1,1,1,1,1,1,1,1,1,1,1,1,1,1,1,1,1,1,1,1,1,1,1,1,1,1,1,1,1,1,1,1,1,1,18,18,18,18,17,17,17,18,18,18,18,18,18,18,18,18,23,23,23,4,4,18,18
18,17,17,26,26,26,26,26,26,26,26,26,26,26,26,26,26,26,26,26,26,26,26,26,26,26,26,26,26,26,26,26,26,26,26,9,9,9,9,9,9,9,9,5,9,9,9,9,6,6,6,20,7,7,7,7,7,7,7,7,7,7,7,7,7,7,7,7,7,7,7,7,7,7,7,18,18,18,18,18,15,15,15,15,15,15,15,15,15,15,15,15,15,15,15,15,15,15,15,15,15,15,15,15,15,15,14,14,14,14,15,15,15,15,14,14,27,17,17,17,17
18,18,18,18,18,18,4,4,4,4,4,4,4,4,4,18,25,25,25,25,25,25,25,25,25,25,25,25,25,25,25,25,25,25,15,15,15,15,15,15,15,15,15,15,15,15,15,15,15,15,15,15,15,15,15,15,15,15,15,15,15,15,15,15,17,17,17,17,17,17,17,17,17,17,17,17,17,17,17,17,17,17,27,27,27,27,27,27,27,27,27,27,27,27,27,27,27,27,27,27,27,27,27,27,3,3,3,3,3,3,3,3,3,3,3,3,3,3,3,3,3,3,3,3,3,3,21,27,17
1,16
27,17,17,15,15
15,15,11
25,25
15,17
4,4,4,17,17,17
20
11,11,11,11,11
11
11
21
15
17,17,17,17
19,19,19,19
11
17
4
26,5,5,27,4
27
6
6,6,6,6,6,9,9,9,9,16,16,16,16,16
23
6
16,16,16,16,16,16
11,11,11
11
20,20
16
26,26,26,16
6
16,16
20,20,20
6
9
19,19,19,19,19,19,19,19,19,19,19,19,19,19
27,27,27
16
11
4,4,4,4,4,18,15,17,17,17,17,27,27,27,27,27,27,27,27,27,27,27,27,27,27,21,21,3,3,3,3,3,3
9
11,11,11
15,15,15,15,15
6
6
6,6,6,6,6,6,6,6,6,6,6
5,5
17
17,17,17
6,6
16,16,16
27,27,27,27
15,15,15
15,15
26,26,26
20,20,20,20,20,20,20,20,20
11,11,11
5
9,9
15
15
20
27,27,27,27,27,27,27,27
11,6,6,16
11,11,11,11,16,16
17
28
9,9,9
26
10,10,20,20
15
25,25,25,25,25,25,17,17,17,17,17,17
23
27
24
3,3
20,20
27
5,5,5,5
20,20
17
9,9,9,11,11
11,11
17
17
11
16,16
20
4
20
20
20
20
17,17,17
4
17
8
20
8
8
6,6,6,6,6,6,6,6,6,6,6,6,6,6,6,6,6,6,6,6,6,6,6,6,6,6,6,6,6,6,6,6,6,6,6,6,6,6,6,6,6
16
7
10
9,9,5,5,17,17,27,18,23,4,4,4,16,16
17,17,17,27,18,4,4,23,20,20,20,20
14,14,14,14,14,14,14,14,14,14,14,14,25,25,19,19,19,19,19
22,22,22,22,22,22,22,22
22,22
1,1,5,5,5,15,15,15,25,25,25,25,25,26,26
23
11,11,11,11,11,11,11
3
25
17,17,21
3,3,3,3,3,3,3,3,3,3,3,3,3,3,3,3,3,3,3,3,3,3,3,3,3,3,3,3,3,3,3,3,3,3,3,3,3,3,3,3,3,3,3,3,3,3,3,3,3,3,3,3,3,3,3,3,3,3,3,3,3,3,3,3,3,3,3,3,3,3,3,3,3,3,3,8,8,8,8,8,8,8,8,8,8,8,8,8,8,8,8,8,8,8,8,8,8,8,8,8,8,8,8,8,8,8,8,8,8,8,8,8,8,8,8,8,8,8,8,8,8,8,8,8,8,8,8,8,8,8,8,8,8,8,8,8,8,8,8,8,8,8,8,8,8,8,8,8,8,8,8,8,8,8,8,8,8,8,8,8,8,8,8,8,8,8,8,8,8,8,8,8,8,8,8,8,8,8,8,8,8,8,8,8,8,8,8,8,8,8,8,8,8,8,8,8,8,8,8,8,8,8,8,8,8,8,8,8,8,8,8,8,8,8,8,8,8,8,8,8,8,8,8,8,8,8,8,8,8,8,8,8,8,8,8,8,8,8,8,8,8,8,8,8,8,8,8,8,8,8,8,8,8,8,8,8,8,8,8,8,8,8,8,8,8,8,8,8,8,8,8,8,8,8,8,8,8,8,8,8,8,8,8,8,8,8,8,8,8,8,8,8,8,8,8,8,8,8,8,8,8,8,8,8,8,8,8,8,8,8
17,17,17,17,17,17,17,17,17,17,17,17,17,17,17,17,17,17,17,17,17,17,17,17,17,17,17,17,17,17,17,17,17,17,17,17,17,17,17,17,17,17,17,17,17,17,17,17,17,17,17,17,17,17,17,17,17,17,17,17,17,17,17,17,17,17,17,17,17,17,17,17,17,17,17,17,17,17,17,17,17,17,17,17,17,17,17,17,17,17,17,17,17,17,17,17,17,17,17,17,17,17,17,17,17,17,17,17,17,17,17,17,17,17,17,17,17,17,17,17,17,17,17,17,17,17,17,17,17,17,17,17,17,17,17,17,17,17,17,17,17,17,17,17,17,17,17,17,17,17,17,17,17,17,17,17,17,17,17,17,17,17,17,17,17,17,17,17,17,17,17,17,17,17,17,17
17,17,17,17,17
15,17,17,17,17,17,17,17
16,16,16,16,16,16
27,27,27
1
7
26,26
23
23
23,23,23
17,17,17,25,25,25,25,25,15,15,4,18
26
17,17,18,23,23,23,4,20
3
3
10,10,10,10,10,10,10,10,10,10,10,10,10,10,10,10,10,10,10,10,10,10,10,10,10,10,10
22,22,22
25,25,25,25,3,17
17,17,17,17,17,17,17,17,17,17,4,4,4,25,15,15,15,15,15,15,15,14,14,14
20,20,20,20,20,20,20,20,20,20,20,20,20
20,20
7,7
6
17,9
20,20,20,20,20,20,20,20,20,20,20,20,20
18,18,18,9,9,18,17,17
9,17,18,18,18,18,18
23
15,18
20,20
20,20,20,20
1
15,15
16,16,16,16
16,16,16,16,16,16,16,16
15,15,14,5,5,5,26,26,26,17
1,1,1,1,2,2,2,2,2,2,2,2,2,2,2,2,2,2,2,2,2,2,2,2,2,2,2
23,20,7,7,7,3,3,3,3,3,9,5,15
17,17,17,17,17,17,17,15,15,15,15,14,5,25,25,25,25,25,5,5,5,5,5,5,3,3,3,3,3,3,3
11,11,11,11,11,11,11,11,11,11,11,11,16,15,15,15,15,15,15,15
1,1,1,1,1,1,1,1,1,1,7,7,7,7,7,7,7,23,23,23,23,23,23,23,23
16,16,16,16
10
16,16,16,16
16
10,10,10,10,10
10
16
9,9
17,17,17,17,17,17,17,17,17,17,17,17,17,17
17
26,26,26,26,26,23,20,20,20,20,20,20,20,20,20,20,20,20,20,20,20,20,20,20,23,23,25,25,6,9,9,9,6,9,9,16,26,3,3,3,3,3,3,3,3,3,3,3,3,3,3,3,17,17,17
17,17,17,17,17,17,17,17,17,17,17,17,17,17,17,17,17,17,17,17,17,17,17,17,17,17,17,19,19,19,19,19,19,9,26,26
22,22,22,22
16,16,16,16,16,16,16
9,9
16,16,16,16,16,16,16,16,16,16,16,16,16,16,16,16,16,16,16,16,16,16,16,16,16,16,16,16,27,27,27,27
10,11,11,11,11,11,11,11,11,11,11,11,11,11,11,11
11,11,11,11,11
11,11,11,11
28,28,28,28,28,28,28,28,28,28,28
11,11,11,11,11,11
17,17,17,17
3
26,17,17,17,17,17,17,17
17,17
21,27,17,17,17,17,17,17,17,17,17,17,17,17,17
2
2
15,15,4,5
4,4,4,15,15,15,15,15,15,14,5,5
19,15,15,15,19,3
17,17,17,17,17,3,3,3,27,27,1,26,26,26,20,20,20
10,10,10,10,10,10
7,7,7,7,7
23
16,16,16,16,16,16,16,11,11,15,15,15
27,21,21,21,21,18,18
16,17,26
1
5
10
11
7,7,7,7,7
3,3
2,2
27
3
16,16,16,16,16,16,16,4,25
21
16,1,1
19,19
17
26
26
