Structure,Cultural,Park,Transport,Entertainment,Sport,Beach,Precinct
0.2,0.15015097447158934,0.6,0.22865769969805105,0.2,0.02333241833653582,0.0,0.08289870985451551
0.2,0.15015097447158934,0.6,0.2,0.1100741147405984,0.02333241833653582,0.0,0.08289870985451551
0.14191600329398846,0.15015097447158934,0.2629700796047214,1.0,0.1100741147405984,0.02333241833653582,0.0,0.08289870985451551
0.14191600329398846,0.15015097447158934,0.2629700796047214,1.0,0.1100741147405984,0.02333241833653582,0.0,0.08289870985451551
0.14191600329398846,0.15015097447158934,0.2629700796047214,1.0,0.1100741147405984,0.02333241833653582,0.0,0.08289870985451551
0.14191600329398846,0.15015097447158934,0.2629700796047214,1.0,0.1100741147405984,0.02333241833653582,0.0,0.08289870985451551
0.14191600329398846,1.0,0.2629700796047214,0.22865769969805105,0.1100741147405984,0.02333241833653582,0.0,0.08289870985451551
0.14191600329398846,1.0,0.2629700796047214,0.22865769969805105,0.1100741147405984,0.02333241833653582,0.0,0.08289870985451551
0.14191600329398846,0.15015097447158934,0.2629700796047214,1.0,0.1100741147405984,0.02333241833653582,0.0,0.08289870985451551
0.14191600329398846,1.0,0.2629700796047214,0.22865769969805105,0.1100741147405984,0.02333241833653582,0.0,0.08289870985451551
0.14191600329398846,1.0,0.2629700796047214,0.22865769969805105,0.1100741147405984,0.02333241833653582,0.0,0.08289870985451551
1.0,0.15015097447158934,0.2629700796047214,0.22865769969805105,0.1100741147405984,0.02333241833653582,0.0,0.08289870985451551
0.14191600329398846,0.15015097447158934,0.2629700796047214,1.0,0.1100741147405984,0.02333241833653582,0.0,0.08289870985451551
0.14191600329398846,0.15015097447158934,0.2629700796047214,1.0,0.1100741147405984,0.02333241833653582,0.0,0.08289870985451551
0.14191600329398846,0.15015097447158934,0.2629700796047214,0.42857142857142855,0.5714285714285714,0.02333241833653582,0.0,0.08289870985451551
0.14191600329398846,0.15015097447158934,0.2629700796047214,1.0,0.1100741147405984,0.02333241833653582,0.0,0.08289870985451551
0.14191600329398846,1.0,0.2629700796047214,0.22865769969805105,0.1100741147405984,0.02333241833653582,0.0,0.08289870985451551
0.14191600329398846,0.15015097447158934,0.2629700796047214,1.0,0.1100741147405984,0.02333241833653582,0.0,0.08289870985451551
0.14191600329398846,0.15015097447158934,0.2629700796047214,1.0,0.1100741147405984,0.02333241833653582,0.0,0.08289870985451551
0.14191600329398846,0.15015097447158934,0.2629700796047214,1.0,0.1100741147405984,0.02333241833653582,0.0,0.08289870985451551
0.14191600329398846,0.15015097447158934,0.6041666666666666,0.2708333333333333,0.125,0.02333241833653582,0.0,0.08289870985451551
0.8,0.15015097447158934,0.2629700796047214,0.2,0.1100741147405984,0.02333241833653582,0.0,0.08289870985451551
0.14191600329398846,0.15015097447158934,0.2629700796047214,1.0,0.1100741147405984,0.02333241833653582,0.0,0.08289870985451551
0.14191600329398846,0.15015097447158934,1.0,0.22865769969805105,0.1100741147405984,0.02333241833653582,0.0,0.08289870985451551
0.14191600329398846,0.15015097447158934,0.2629700796047214,1.0,0.1100741147405984,0.02333241833653582,0.0,0.08289870985451551
0.23636363636363636,0.15015097447158934,0.4,0.09090909090909091,0.2727272727272727,0.02333241833653582,0.0,0.08289870985451551
0.14191600329398846,0.15015097447158934,0.2629700796047214,1.0,0.1100741147405984,0.02333241833653582,0.0,0.08289870985451551
0.7,0.08571428571428572,0.2629700796047214,0.21428571428571427,0.1100741147405984,0.02333241833653582,0.0,0.08289870985451551
0.14191600329398846,0.15015097447158934,0.2629700796047214,1.0,0.1100741147405984,0.02333241833653582,0.0,0.08289870985451551
1.0,0.15015097447158934,0.2629700796047214,0.22865769969805105,0.1100741147405984,0.02333241833653582,0.0,0.08289870985451551
0.14191600329398846,0.15015097447158934,0.2629700796047214,1.0,0.1100741147405984,0.02333241833653582,0.0,0.08289870985451551
0.14191600329398846,0.15015097447158934,0.2629700796047214,1.0,0.1100741147405984,0.02333241833653582,0.0,0.08289870985451551
0.14191600329398846,0.15015097447158934,0.2629700796047214,1.0,0.1100741147405984,0.02333241833653582,0.0,0.08289870985451551
0.14191600329398846,0.15015097447158934,0.2629700796047214,1.0,0.1100741147405984,0.02333241833653582,0.0,0.08289870985451551
0.6666666666666666,0.15015097447158934,0.2629700796047214,0.3333333333333333,0.1100741147405984,0.02333241833653582,0.0,0.08289870985451551
0.14191600329398846,0.15015097447158934,0.2629700796047214,0.125,0.875,0.02333241833653582,0.0,0.08289870985451551
0.6666666666666666,0.15015097447158934,0.2629700796047214,0.3333333333333333,0.1100741147405984,0.02333241833653582,0.0,0.08289870985451551
1.0,0.15015097447158934,0.2629700796047214,0.22865769969805105,0.1100741147405984,0.02333241833653582,0.0,0.08289870985451551
0.14191600329398846,0.15015097447158934,0.2629700796047214,1.0,0.1100741147405984,0.02333241833653582,0.0,0.08289870985451551
0.14191600329398846,0.15015097447158934,0.2629700796047214,1.0,0.1100741147405984,0.02333241833653582,0.0,0.08289870985451551
0.16666666666666666,0.15015097447158934,0.2629700796047214,0.8333333333333334,0.1100741147405984,0.02333241833653582,0.0,0.08289870985451551
0.14285714285714285,0.15015097447158934,0.2629700796047214,0.8571428571428571,0.1100741147405984,0.02333241833653582,0.0,0.08289870985451551
0.14191600329398846,0.15015097447158934,0.2629700796047214,1.0,0.1100741147405984,0.02333241833653582,0.0,0.08289870985451551
0.5,0.15015097447158934,0.2629700796047214,0.5,0.1100741147405984,0.02333241833653582,0.0,0.08289870985451551
0.14191600329398846,1.0,0.2629700796047214,0.22865769969805105,0.1100741147405984,0.02333241833653582,0.0,0.08289870985451551
0.14191600329398846,0.15015097447158934,0.2629700796047214,0.22865769969805105,0.1100741147405984,1.0,0.0,0.08289870985451551
0.14191600329398846,0.5,0.2629700796047214,0.5,0.1100741147405984,0.02333241833653582,0.0,0.08289870985451551
0.14191600329398846,0.15015097447158934,0.2629700796047214,1.0,0.1100741147405984,0.02333241833653582,0.0,0.08289870985451551
1.0,0.15015097447158934,0.2629700796047214,0.22865769969805105,0.1100741147405984,0.02333241833653582,0.0,0.08289870985451551
0.14191600329398846,1.0,0.2629700796047214,0.22865769969805105,0.1100741147405984,0.02333241833653582,0.0,0.08289870985451551
0.14191600329398846,0.15015097447158934,0.2629700796047214,0.3448275862068966,0.6551724137931034,0.02333241833653582,0.0,0.08289870985451551
0.14191600329398846,0.15015097447158934,0.2629700796047214,0.22865769969805105,1.0,0.02333241833653582,0.0,0.08289870985451551
0.14191600329398846,0.15015097447158934,0.2629700796047214,1.0,0.1100741147405984,0.02333241833653582,0.0,0.08289870985451551
0.14191600329398846,0.15015097447158934,0.2629700796047214,1.0,0.1100741147405984,0.02333241833653582,0.0,0.08289870985451551
0.3333333333333333,0.3333333333333333,0.2629700796047214,0.3333333333333333,0.1100741147405984,0.02333241833653582,0.0,0.08289870985451551
0.14191600329398846,0.15015097447158934,0.2629700796047214,0.5,0.5,0.02333241833653582,0.0,0.08289870985451551
0.14191600329398846,0.16666666666666666,0.2629700796047214,0.16666666666666666,0.6666666666666666,0.02333241833653582,0.0,0.08289870985451551
0.14191600329398846,0.15015097447158934,0.2629700796047214,1.0,0.1100741147405984,0.02333241833653582,0.0,0.08289870985451551
0.14191600329398846,0.15015097447158934,0.2629700796047214,1.0,0.1100741147405984,0.02333241833653582,0.0,0.08289870985451551
0.14191600329398846,0.15015097447158934,0.2629700796047214,1.0,0.1100741147405984,0.02333241833653582,0.0,0.08289870985451551
0.14191600329398846,0.15015097447158934,0.2629700796047214,1.0,0.1100741147405984,0.02333241833653582,0.0,0.08289870985451551
0.14191600329398846,0.15015097447158934,0.1111111111111111,0.2222222222222222,0.6666666666666666,0.02333241833653582,0.0,0.08289870985451551
0.14191600329398846,1.0,0.2629700796047214,0.22865769969805105,0.1100741147405984,0.02333241833653582,0.0,0.08289870985451551
0.14191600329398846,0.15015097447158934,0.2629700796047214,1.0,0.1100741147405984,0.02333241833653582,0.0,0.08289870985451551
0.14191600329398846,0.15015097447158934,0.2629700796047214,1.0,0.1100741147405984,0.02333241833653582,0.0,0.08289870985451551
0.14191600329398846,0.15015097447158934,0.2629700796047214,1.0,0.1100741147405984,0.02333241833653582,0.0,0.08289870985451551
1.0,0.15015097447158934,0.2629700796047214,0.22865769969805105,0.1100741147405984,0.02333241833653582,0.0,0.08289870985451551
0.2,0.8,0.2629700796047214,0.22865769969805105,0.1100741147405984,0.02333241833653582,0.0,0.08289870985451551
0.14191600329398846,1.0,0.2629700796047214,0.22865769969805105,0.1100741147405984,0.02333241833653582,0.0,0.08289870985451551
0.14191600329398846,0.15015097447158934,0.2629700796047214,1.0,0.1100741147405984,0.02333241833653582,0.0,0.08289870985451551
0.5,0.15015097447158934,0.2629700796047214,0.5,0.1100741147405984,0.02333241833653582,0.0,0.08289870985451551
0.16666666666666666,0.8333333333333334,0.2629700796047214,0.22865769969805105,0.1100741147405984,0.02333241833653582,0.0,0.08289870985451551
0.14191600329398846,0.045454545454545456,0.4090909090909091,0.5454545454545454,0.1100741147405984,0.02333241833653582,0.0,0.08289870985451551
0.14191600329398846,0.15015097447158934,0.2629700796047214,1.0,0.1100741147405984,0.02333241833653582,0.0,0.08289870985451551
1.0,0.15015097447158934,0.2629700796047214,0.22865769969805105,0.1100741147405984,0.02333241833653582,0.0,0.08289870985451551
0.14191600329398846,0.15015097447158934,0.2629700796047214,1.0,0.1100741147405984,0.02333241833653582,0.0,0.08289870985451551
0.14191600329398846,0.6666666666666666,0.2629700796047214,0.3333333333333333,0.1100741147405984,0.02333241833653582,0.0,0.08289870985451551
0.14191600329398846,0.15015097447158934,0.2629700796047214,1.0,0.1100741147405984,0.02333241833653582,0.0,0.08289870985451551
0.14191600329398846,0.15015097447158934,1.0,0.22865769969805105,0.1100741147405984,0.02333241833653582,0.0,0.08289870985451551
0.14191600329398846,0.15015097447158934,0.2629700796047214,0.22865769969805105,0.1100741147405984,1.0,0.0,0.08289870985451551
0.14191600329398846,0.15015097447158934,0.34782608695652173,0.22865769969805105,0.6521739130434783,0.02333241833653582,0.0,0.08289870985451551
0.14191600329398846,0.15015097447158934,0.2629700796047214,1.0,0.1100741147405984,0.02333241833653582,0.0,0.08289870985451551
0.14191600329398846,1.0,0.2629700796047214,0.22865769969805105,0.1100741147405984,0.02333241833653582,0.0,0.08289870985451551
0.14191600329398846,1.0,0.2629700796047214,0.22865769969805105,0.1100741147405984,0.02333241833653582,0.0,0.08289870985451551
0.14191600329398846,0.15015097447158934,0.2629700796047214,1.0,0.1100741147405984,0.02333241833653582,0.0,0.08289870985451551
0.14191600329398846,0.15015097447158934,0.2629700796047214,1.0,0.1100741147405984,0.02333241833653582,0.0,0.08289870985451551
0.14191600329398846,0.15015097447158934,0.2629700796047214,1.0,0.1100741147405984,0.02333241833653582,0.0,0.08289870985451551
0.14191600329398846,0.3333333333333333,0.2629700796047214,0.6666666666666666,0.1100741147405984,0.02333241833653582,0.0,0.08289870985451551
0.14191600329398846,0.15015097447158934,0.2629700796047214,1.0,0.1100741147405984,0.02333241833653582,0.0,0.08289870985451551
0.2222222222222222,0.1111111111111111,0.1111111111111111,0.5555555555555556,0.1100741147405984,0.02333241833653582,0.0,0.08289870985451551
0.14191600329398846,0.15015097447158934,0.2629700796047214,1.0,0.1100741147405984,0.02333241833653582,0.0,0.08289870985451551
0.14191600329398846,0.15015097447158934,0.2629700796047214,1.0,0.1100741147405984,0.02333241833653582,0.0,0.08289870985451551
0.14191600329398846,0.15015097447158934,0.2629700796047214,1.0,0.1100741147405984,0.02333241833653582,0.0,0.08289870985451551
0.14191600329398846,0.15015097447158934,0.2629700796047214,1.0,0.1100741147405984,0.02333241833653582,0.0,0.08289870985451551
0.14191600329398846,0.15015097447158934,0.2629700796047214,1.0,0.1100741147405984,0.02333241833653582,0.0,0.08289870985451551
0.14191600329398846,0.15015097447158934,0.2629700796047214,1.0,0.1100741147405984,0.02333241833653582,0.0,0.08289870985451551
0.14191600329398846,0.15015097447158934,0.2629700796047214,1.0,0.1100741147405984,0.02333241833653582,0.0,0.08289870985451551
0.14191600329398846,0.15015097447158934,0.2629700796047214,1.0,0.1100741147405984,0.02333241833653582,0.0,0.08289870985451551
0.14285714285714285,0.15015097447158934,0.2857142857142857,0.02857142857142857,0.5428571428571428,0.02333241833653582,0.0,0.08289870985451551
0.14191600329398846,0.15015097447158934,0.7586206896551724,0.2413793103448276,0.1100741147405984,0.02333241833653582,0.0,0.08289870985451551
0.14191600329398846,0.15015097447158934,0.2629700796047214,0.22865769969805105,0.1100741147405984,1.0,0.0,0.08289870985451551
0.14191600329398846,0.15015097447158934,0.2629700796047214,1.0,0.1100741147405984,0.02333241833653582,0.0,0.08289870985451551
1.0,0.15015097447158934,0.2629700796047214,0.22865769969805105,0.1100741147405984,0.02333241833653582,0.0,0.08289870985451551
0.14191600329398846,0.15015097447158934,0.8,0.22865769969805105,0.2,0.02333241833653582,0.0,0.08289870985451551
0.14191600329398846,0.15015097447158934,1.0,0.22865769969805105,0.1100741147405984,0.02333241833653582,0.0,0.08289870985451551
1.0,0.15015097447158934,0.2629700796047214,0.22865769969805105,0.1100741147405984,0.02333241833653582,0.0,0.08289870985451551
0.14191600329398846,0.15015097447158934,0.2629700796047214,1.0,0.1100741147405984,0.02333241833653582,0.0,0.08289870985451551
0.14191600329398846,1.0,0.2629700796047214,0.22865769969805105,0.1100741147405984,0.02333241833653582,0.0,0.08289870985451551
0.14191600329398846,0.15015097447158934,1.0,0.22865769969805105,0.1100741147405984,0.02333241833653582,0.0,0.08289870985451551
0.14191600329398846,0.15015097447158934,0.2629700796047214,1.0,0.1100741147405984,0.02333241833653582,0.0,0.08289870985451551
0.14191600329398846,1.0,0.2629700796047214,0.22865769969805105,0.1100741147405984,0.02333241833653582,0.0,0.08289870985451551
0.14191600329398846,0.15015097447158934,0.2629700796047214,1.0,0.1100741147405984,0.02333241833653582,0.0,0.08289870985451551
0.14191600329398846,0.15015097447158934,0.3333333333333333,0.22865769969805105,0.6666666666666666,0.02333241833653582,0.0,0.08289870985451551
0.3333333333333333,0.08333333333333333,0.16666666666666666,0.4166666666666667,0.1100741147405984,0.02333241833653582,0.0,0.08289870985451551
0.14191600329398846,0.15015097447158934,0.2629700796047214,1.0,0.1100741147405984,0.02333241833653582,0.0,0.08289870985451551
0.14191600329398846,0.15015097447158934,0.2629700796047214,0.22865769969805105,1.0,0.02333241833653582,0.0,0.08289870985451551
1.0,0.15015097447158934,0.2629700796047214,0.22865769969805105,0.1100741147405984,0.02333241833653582,0.0,0.08289870985451551
0.14191600329398846,0.15015097447158934,0.2629700796047214,0.22865769969805105,1.0,0.02333241833653582,0.0,0.08289870985451551
0.14191600329398846,0.15015097447158934,0.2629700796047214,0.22865769969805105,0.1100741147405984,1.0,0.0,0.08289870985451551
1.0,0.15015097447158934,0.2629700796047214,0.22865769969805105,0.1100741147405984,0.02333241833653582,0.0,0.08289870985451551
0.14191600329398846,0.15015097447158934,0.2629700796047214,0.22865769969805105,1.0,0.02333241833653582,0.0,0.08289870985451551
0.14191600329398846,0.15015097447158934,0.2629700796047214,1.0,0.1100741147405984,0.02333241833653582,0.0,0.08289870985451551
0.14191600329398846,0.15015097447158934,0.2629700796047214,0.22865769969805105,0.1100741147405984,0.02333241833653582,0.0,1.0
0.14191600329398846,0.15015097447158934,0.2629700796047214,0.22865769969805105,0.1100741147405984,1.0,0.0,0.08289870985451551
0.14191600329398846,0.15015097447158934,0.2629700796047214,0.22865769969805105,0.1100741147405984,1.0,0.0,0.08289870985451551
0.14191600329398846,0.15015097447158934,0.2629700796047214,0.22865769969805105,0.1100741147405984,1.0,0.0,0.08289870985451551
0.14191600329398846,0.15015097447158934,0.2629700796047214,0.22865769969805105,1.0,0.02333241833653582,0.0,0.08289870985451551
0.4,0.15015097447158934,0.6,0.22865769969805105,0.1100741147405984,0.02333241833653582,0.0,0.08289870985451551
1.0,0.15015097447158934,0.2629700796047214,0.22865769969805105,0.1100741147405984,0.02333241833653582,0.0,0.08289870985451551
0.14191600329398846,0.8333333333333334,0.2629700796047214,0.16666666666666666,0.1100741147405984,0.02333241833653582,0.0,0.08289870985451551
0.14191600329398846,0.15015097447158934,1.0,0.22865769969805105,0.1100741147405984,0.02333241833653582,0.0,0.08289870985451551
0.14191600329398846,0.15015097447158934,1.0,0.22865769969805105,0.1100741147405984,0.02333241833653582,0.0,0.08289870985451551
0.14191600329398846,0.15015097447158934,1.0,0.22865769969805105,0.1100741147405984,0.02333241833653582,0.0,0.08289870985451551
0.14191600329398846,0.15015097447158934,1.0,0.22865769969805105,0.1100741147405984,0.02333241833653582,0.0,0.08289870985451551
0.14191600329398846,1.0,0.2629700796047214,0.22865769969805105,0.1100741147405984,0.02333241833653582,0.0,0.08289870985451551
0.14191600329398846,1.0,0.2629700796047214,0.22865769969805105,0.1100741147405984,0.02333241833653582,0.0,0.08289870985451551
0.14191600329398846,0.15015097447158934,0.5,0.5,0.1100741147405984,0.02333241833653582,0.0,0.08289870985451551
0.14191600329398846,0.15015097447158934,1.0,0.22865769969805105,0.1100741147405984,0.02333241833653582,0.0,0.08289870985451551
0.14191600329398846,0.15015097447158934,0.2629700796047214,0.22865769969805105,0.1100741147405984,0.02333241833653582,0.0,1.0
1.0,0.15015097447158934,0.2629700796047214,0.22865769969805105,0.1100741147405984,0.02333241833653582,0.0,0.08289870985451551
0.14191600329398846,0.15015097447158934,0.2629700796047214,0.22865769969805105,1.0,0.02333241833653582,0.0,0.08289870985451551
0.14191600329398846,1.0,0.2629700796047214,0.22865769969805105,0.1100741147405984,0.02333241833653582,0.0,0.08289870985451551
0.14191600329398846,0.15015097447158934,0.5,0.5,0.1100741147405984,0.02333241833653582,0.0,0.08289870985451551
0.14191600329398846,0.15015097447158934,0.2629700796047214,0.22865769969805105,1.0,0.02333241833653582,0.0,0.08289870985451551
0.14191600329398846,0.15015097447158934,0.2629700796047214,0.22865769969805105,1.0,0.02333241833653582,0.0,0.08289870985451551
0.14191600329398846,0.15015097447158934,0.2629700796047214,0.22865769969805105,1.0,0.02333241833653582,0.0,0.08289870985451551
1.0,0.15015097447158934,0.2629700796047214,0.22865769969805105,0.1100741147405984,0.02333241833653582,0.0,0.08289870985451551
0.14191600329398846,0.15015097447158934,1.0,0.22865769969805105,0.1100741147405984,0.02333241833653582,0.0,0.08289870985451551
0.14191600329398846,0.15015097447158934,0.2629700796047214,0.22865769969805105,1.0,0.02333241833653582,0.0,0.08289870985451551
0.14191600329398846,0.15015097447158934,1.0,0.22865769969805105,0.1100741147405984,0.02333241833653582,0.0,0.08289870985451551
1.0,0.15015097447158934,0.2629700796047214,0.22865769969805105,0.1100741147405984,0.02333241833653582,0.0,0.08289870985451551
0.14191600329398846,0.15015097447158934,1.0,0.22865769969805105,0.1100741147405984,0.02333241833653582,0.0,0.08289870985451551
0.14191600329398846,0.15015097447158934,0.2629700796047214,1.0,0.1100741147405984,0.02333241833653582,0.0,0.08289870985451551
0.2857142857142857,0.14285714285714285,0.42857142857142855,0.14285714285714285,0.1100741147405984,0.02333241833653582,0.0,0.08289870985451551
0.14191600329398846,0.6666666666666666,0.3333333333333333,0.22865769969805105,0.1100741147405984,0.02333241833653582,0.0,0.08289870985451551
0.14191600329398846,0.15015097447158934,1.0,0.22865769969805105,0.1100741147405984,0.02333241833653582,0.0,0.08289870985451551
0.14191600329398846,0.15015097447158934,0.2629700796047214,1.0,0.1100741147405984,0.02333241833653582,0.0,0.08289870985451551
0.14191600329398846,0.15015097447158934,0.2629700796047214,0.22865769969805105,0.1100741147405984,1.0,0.0,0.08289870985451551
1.0,0.15015097447158934,0.2629700796047214,0.22865769969805105,0.1100741147405984,0.02333241833653582,0.0,0.08289870985451551
0.14191600329398846,0.15015097447158934,1.0,0.22865769969805105,0.1100741147405984,0.02333241833653582,0.0,0.08289870985451551
0.14191600329398846,0.15015097447158934,1.0,0.22865769969805105,0.1100741147405984,0.02333241833653582,0.0,0.08289870985451551
0.14191600329398846,0.15015097447158934,1.0,0.22865769969805105,0.1100741147405984,0.02333241833653582,0.0,0.08289870985451551
0.14191600329398846,1.0,0.2629700796047214,0.22865769969805105,0.1100741147405984,0.02333241833653582,0.0,0.08289870985451551
0.14191600329398846,0.15015097447158934,0.2629700796047214,1.0,0.1100741147405984,0.02333241833653582,0.0,0.08289870985451551
0.14191600329398846,1.0,0.2629700796047214,0.22865769969805105,0.1100741147405984,0.02333241833653582,0.0,0.08289870985451551
0.14191600329398846,0.15015097447158934,0.5,0.5,0.1100741147405984,0.02333241833653582,0.0,0.08289870985451551
0.3,0.15015097447158934,0.1,0.6,0.1100741147405984,0.02333241833653582,0.0,0.08289870985451551
0.14191600329398846,0.15015097447158934,0.2,0.8,0.1100741147405984,0.02333241833653582,0.0,0.08289870985451551
0.14191600329398846,0.15015097447158934,1.0,0.22865769969805105,0.1100741147405984,0.02333241833653582,0.0,0.08289870985451551
0.14191600329398846,0.15015097447158934,1.0,0.22865769969805105,0.1100741147405984,0.02333241833653582,0.0,0.08289870985451551
0.14191600329398846,0.15015097447158934,0.2629700796047214,1.0,0.1100741147405984,0.02333241833653582,0.0,0.08289870985451551
0.6666666666666666,0.15015097447158934,0.2629700796047214,0.3333333333333333,0.1100741147405984,0.02333241833653582,0.0,0.08289870985451551
0.14191600329398846,0.15015097447158934,0.2629700796047214,1.0,0.1100741147405984,0.02333241833653582,0.0,0.08289870985451551
0.8888888888888888,0.15015097447158934,0.2629700796047214,0.1111111111111111,0.1100741147405984,0.02333241833653582,0.0,0.08289870985451551
0.14191600329398846,0.15015097447158934,0.2629700796047214,0.22865769969805105,0.1100741147405984,0.02333241833653582,0.0,1.0
0.09090909090909091,0.15015097447158934,0.7272727272727273,0.18181818181818182,0.1100741147405984,0.02333241833653582,0.0,0.08289870985451551
0.14191600329398846,0.15015097447158934,0.2629700796047214,1.0,0.1100741147405984,0.02333241833653582,0.0,0.08289870985451551
0.14191600329398846,0.15015097447158934,0.7142857142857143,0.22865769969805105,0.2857142857142857,0.02333241833653582,0.0,0.08289870985451551
0.14191600329398846,0.15015097447158934,1.0,0.22865769969805105,0.1100741147405984,0.02333241833653582,0.0,0.08289870985451551
0.14191600329398846,0.15015097447158934,0.2629700796047214,1.0,0.1100741147405984,0.02333241833653582,0.0,0.08289870985451551
0.14191600329398846,0.15015097447158934,0.2629700796047214,1.0,0.1100741147405984,0.02333241833653582,0.0,0.08289870985451551
0.14191600329398846,1.0,0.2629700796047214,0.22865769969805105,0.1100741147405984,0.02333241833653582,0.0,0.08289870985451551
0.5,0.5,0.2629700796047214,0.22865769969805105,0.1100741147405984,0.02333241833653582,0.0,0.08289870985451551
0.14191600329398846,0.15015097447158934,0.5,0.22865769969805105,0.5,0.02333241833653582,0.0,0.08289870985451551
0.14191600329398846,0.15015097447158934,0.2629700796047214,1.0,0.1100741147405984,0.02333241833653582,0.0,0.08289870985451551
1.0,0.15015097447158934,0.2629700796047214,0.22865769969805105,0.1100741147405984,0.02333241833653582,0.0,0.08289870985451551
0.14191600329398846,1.0,0.2629700796047214,0.22865769969805105,0.1100741147405984,0.02333241833653582,0.0,0.08289870985451551
0.14191600329398846,1.0,0.2629700796047214,0.22865769969805105,0.1100741147405984,0.02333241833653582,0.0,0.08289870985451551
0.14191600329398846,0.15015097447158934,0.6,0.4,0.1100741147405984,0.02333241833653582,0.0,0.08289870985451551
0.6,0.15015097447158934,0.2629700796047214,0.2,0.1100741147405984,0.02333241833653582,0.0,0.2
0.14191600329398846,0.15015097447158934,0.75,0.25,0.1100741147405984,0.02333241833653582,0.0,0.08289870985451551
0.6,0.15015097447158934,0.2,0.2,0.1100741147405984,0.02333241833653582,0.0,0.08289870985451551
0.08333333333333333,0.08333333333333333,0.2629700796047214,0.8333333333333334,0.1100741147405984,0.02333241833653582,0.0,0.08289870985451551
1.0,0.15015097447158934,0.2629700796047214,0.22865769969805105,0.1100741147405984,0.02333241833653582,0.0,0.08289870985451551
0.14191600329398846,0.15015097447158934,1.0,0.22865769969805105,0.1100741147405984,0.02333241833653582,0.0,0.08289870985451551
1.0,0.15015097447158934,0.2629700796047214,0.22865769969805105,0.1100741147405984,0.02333241833653582,0.0,0.08289870985451551
0.14191600329398846,0.15015097447158934,0.2629700796047214,0.22865769969805105,1.0,0.02333241833653582,0.0,0.08289870985451551
0.14191600329398846,0.15015097447158934,0.2629700796047214,0.22865769969805105,1.0,0.02333241833653582,0.0,0.08289870985451551
1.0,0.15015097447158934,0.2629700796047214,0.22865769969805105,0.1100741147405984,0.02333241833653582,0.0,0.08289870985451551
0.5,0.5,0.2629700796047214,0.22865769969805105,0.1100741147405984,0.02333241833653582,0.0,0.08289870985451551
0.14191600329398846,0.15015097447158934,0.2629700796047214,1.0,0.1100741147405984,0.02333241833653582,0.0,0.08289870985451551
1.0,0.15015097447158934,0.2629700796047214,0.22865769969805105,0.1100741147405984,0.02333241833653582,0.0,0.08289870985451551
0.6666666666666666,0.3333333333333333,0.2629700796047214,0.22865769969805105,0.1100741147405984,0.02333241833653582,0.0,0.08289870985451551
1.0,0.15015097447158934,0.2629700796047214,0.22865769969805105,0.1100741147405984,0.02333241833653582,0.0,0.08289870985451551
0.75,0.15015097447158934,0.25,0.22865769969805105,0.1100741147405984,0.02333241833653582,0.0,0.08289870985451551
1.0,0.15015097447158934,0.2629700796047214,0.22865769969805105,0.1100741147405984,0.02333241833653582,0.0,0.08289870985451551
1.0,0.15015097447158934,0.2629700796047214,0.22865769969805105,0.1100741147405984,0.02333241833653582,0.0,0.08289870985451551
1.0,0.15015097447158934,0.2629700796047214,0.22865769969805105,0.1100741147405984,0.02333241833653582,0.0,0.08289870985451551
0.125,0.15015097447158934,0.2629700796047214,0.875,0.1100741147405984,0.02333241833653582,0.0,0.08289870985451551
1.0,0.15015097447158934,0.2629700796047214,0.22865769969805105,0.1100741147405984,0.02333241833653582,0.0,0.08289870985451551
1.0,0.15015097447158934,0.2629700796047214,0.22865769969805105,0.1100741147405984,0.02333241833653582,0.0,0.08289870985451551
1.0,0.15015097447158934,0.2629700796047214,0.22865769969805105,0.1100741147405984,0.02333241833653582,0.0,0.08289870985451551
0.14191600329398846,0.15015097447158934,1.0,0.22865769969805105,0.1100741147405984,0.02333241833653582,0.0,0.08289870985451551
1.0,0.15015097447158934,0.2629700796047214,0.22865769969805105,0.1100741147405984,0.02333241833653582,0.0,0.08289870985451551
0.14191600329398846,0.15015097447158934,0.2629700796047214,1.0,0.1100741147405984,0.02333241833653582,0.0,0.08289870985451551
0.14191600329398846,0.15015097447158934,0.2629700796047214,0.22865769969805105,1.0,0.02333241833653582,0.0,0.08289870985451551
1.0,0.15015097447158934,0.2629700796047214,0.22865769969805105,0.1100741147405984,0.02333241833653582,0.0,0.08289870985451551
0.14191600329398846,0.15015097447158934,0.2629700796047214,1.0,0.1100741147405984,0.02333241833653582,0.0,0.08289870985451551
0.3333333333333333,0.15015097447158934,0.3333333333333333,0.3333333333333333,0.1100741147405984,0.02333241833653582,0.0,0.08289870985451551
1.0,0.15015097447158934,0.2629700796047214,0.22865769969805105,0.1100741147405984,0.02333241833653582,0.0,0.08289870985451551
1.0,0.15015097447158934,0.2629700796047214,0.22865769969805105,0.1100741147405984,0.02333241833653582,0.0,0.08289870985451551
1.0,0.15015097447158934,0.2629700796047214,0.22865769969805105,0.1100741147405984,0.02333241833653582,0.0,0.08289870985451551
1.0,0.15015097447158934,0.2629700796047214,0.22865769969805105,0.1100741147405984,0.02333241833653582,0.0,0.08289870985451551
0.14191600329398846,0.15015097447158934,0.2629700796047214,1.0,0.1100741147405984,0.02333241833653582,0.0,0.08289870985451551
0.14191600329398846,0.15015097447158934,0.2629700796047214,1.0,0.1100741147405984,0.02333241833653582,0.0,0.08289870985451551
1.0,0.15015097447158934,0.2629700796047214,0.22865769969805105,0.1100741147405984,0.02333241833653582,0.0,0.08289870985451551
1.0,0.15015097447158934,0.2629700796047214,0.22865769969805105,0.1100741147405984,0.02333241833653582,0.0,0.08289870985451551
0.14191600329398846,0.15015097447158934,0.2629700796047214,1.0,0.1100741147405984,0.02333241833653582,0.0,0.08289870985451551
0.14191600329398846,0.15015097447158934,1.0,0.22865769969805105,0.1100741147405984,0.02333241833653582,0.0,0.08289870985451551
1.0,0.15015097447158934,0.2629700796047214,0.22865769969805105,0.1100741147405984,0.02333241833653582,0.0,0.08289870985451551
0.14191600329398846,0.15015097447158934,0.2629700796047214,0.22865769969805105,1.0,0.02333241833653582,0.0,0.08289870985451551
0.14191600329398846,0.15015097447158934,0.2629700796047214,0.22865769969805105,1.0,0.02333241833653582,0.0,0.08289870985451551
0.14191600329398846,0.15015097447158934,0.2629700796047214,0.22865769969805105,1.0,0.02333241833653582,0.0,0.08289870985451551
1.0,0.15015097447158934,0.2629700796047214,0.22865769969805105,0.1100741147405984,0.02333241833653582,0.0,0.08289870985451551
1.0,0.15015097447158934,0.2629700796047214,0.22865769969805105,0.1100741147405984,0.02333241833653582,0.0,0.08289870985451551
1.0,0.15015097447158934,0.2629700796047214,0.22865769969805105,0.1100741147405984,0.02333241833653582,0.0,0.08289870985451551
0.14191600329398846,1.0,0.2629700796047214,0.22865769969805105,0.1100741147405984,0.02333241833653582,0.0,0.08289870985451551
0.14191600329398846,1.0,0.2629700796047214,0.22865769969805105,0.1100741147405984,0.02333241833653582,0.0,0.08289870985451551
1.0,0.15015097447158934,0.2629700796047214,0.22865769969805105,0.1100741147405984,0.02333241833653582,0.0,0.08289870985451551
0.14191600329398846,0.15015097447158934,1.0,0.22865769969805105,0.1100741147405984,0.02333241833653582,0.0,0.08289870985451551
0.14191600329398846,0.15015097447158934,0.2629700796047214,0.22865769969805105,1.0,0.02333241833653582,0.0,0.08289870985451551
0.14191600329398846,0.15015097447158934,0.2629700796047214,1.0,0.1100741147405984,0.02333241833653582,0.0,0.08289870985451551
1.0,0.15015097447158934,0.2629700796047214,0.22865769969805105,0.1100741147405984,0.02333241833653582,0.0,0.08289870985451551
0.14191600329398846,0.15015097447158934,0.2629700796047214,0.22865769969805105,1.0,0.02333241833653582,0.0,0.08289870985451551
0.14191600329398846,0.15015097447158934,0.2629700796047214,1.0,0.1100741147405984,0.02333241833653582,0.0,0.08289870985451551
0.14191600329398846,0.15015097447158934,0.2629700796047214,0.22865769969805105,1.0,0.02333241833653582,0.0,0.08289870985451551
0.14191600329398846,0.15015097447158934,0.2629700796047214,1.0,0.1100741147405984,0.02333241833653582,0.0,0.08289870985451551
0.14191600329398846,0.15015097447158934,0.2629700796047214,1.0,0.1100741147405984,0.02333241833653582,0.0,0.08289870985451551
0.14191600329398846,0.15015097447158934,0.2629700796047214,1.0,0.1100741147405984,0.02333241833653582,0.0,0.08289870985451551
0.14191600329398846,0.15015097447158934,0.2629700796047214,1.0,0.1100741147405984,0.02333241833653582,0.0,0.08289870985451551
0.14191600329398846,0.15015097447158934,1.0,0.22865769969805105,0.1100741147405984,0.02333241833653582,0.0,0.08289870985451551
0.14191600329398846,1.0,0.2629700796047214,0.22865769969805105,0.1100741147405984,0.02333241833653582,0.0,0.08289870985451551
0.14191600329398846,0.15015097447158934,0.2629700796047214,1.0,0.1100741147405984,0.02333241833653582,0.0,0.08289870985451551
0.14191600329398846,0.15015097447158934,1.0,0.22865769969805105,0.1100741147405984,0.02333241833653582,0.0,0.08289870985451551
0.14191600329398846,0.15015097447158934,0.2629700796047214,0.22865769969805105,1.0,0.02333241833653582,0.0,0.08289870985451551
0.14191600329398846,0.15015097447158934,1.0,0.22865769969805105,0.1100741147405984,0.02333241833653582,0.0,0.08289870985451551
0.14191600329398846,0.15015097447158934,1.0,0.22865769969805105,0.1100741147405984,0.02333241833653582,0.0,0.08289870985451551
0.14191600329398846,0.15015097447158934,0.2629700796047214,1.0,0.1100741147405984,0.02333241833653582,0.0,0.08289870985451551
0.5,0.15015097447158934,0.5,0.22865769969805105,0.1100741147405984,0.02333241833653582,0.0,0.08289870985451551
0.14191600329398846,1.0,0.2629700796047214,0.22865769969805105,0.1100741147405984,0.02333241833653582,0.0,0.08289870985451551
0.14191600329398846,0.15015097447158934,0.2629700796047214,1.0,0.1100741147405984,0.02333241833653582,0.0,0.08289870985451551
1.0,0.15015097447158934,0.2629700796047214,0.22865769969805105,0.1100741147405984,0.02333241833653582,0.0,0.08289870985451551
0.14191600329398846,0.15015097447158934,0.2629700796047214,0.22865769969805105,1.0,0.02333241833653582,0.0,0.08289870985451551
0.14191600329398846,0.15015097447158934,0.2629700796047214,1.0,0.1100741147405984,0.02333241833653582,0.0,0.08289870985451551
0.14191600329398846,0.15015097447158934,0.2629700796047214,0.22865769969805105,1.0,0.02333241833653582,0.0,0.08289870985451551
0.14191600329398846,0.15015097447158934,0.2629700796047214,0.22865769969805105,1.0,0.02333241833653582,0.0,0.08289870985451551
0.14191600329398846,0.15015097447158934,0.5,0.5,0.1100741147405984,0.02333241833653582,0.0,0.08289870985451551
0.14191600329398846,0.15015097447158934,0.2629700796047214,1.0,0.1100741147405984,0.02333241833653582,0.0,0.08289870985451551
0.14191600329398846,0.15015097447158934,1.0,0.22865769969805105,0.1100741147405984,0.02333241833653582,0.0,0.08289870985451551
0.14191600329398846,0.15015097447158934,0.2629700796047214,0.22865769969805105,1.0,0.02333241833653582,0.0,0.08289870985451551
1.0,0.15015097447158934,0.2629700796047214,0.22865769969805105,0.1100741147405984,0.02333241833653582,0.0,0.08289870985451551
0.14191600329398846,0.15015097447158934,1.0,0.22865769969805105,0.1100741147405984,0.02333241833653582,0.0,0.08289870985451551
0.14191600329398846,1.0,0.2629700796047214,0.22865769969805105,0.1100741147405984,0.02333241833653582,0.0,0.08289870985451551
0.14191600329398846,0.15015097447158934,1.0,0.22865769969805105,0.1100741147405984,0.02333241833653582,0.0,0.08289870985451551
0.14191600329398846,0.15015097447158934,0.2629700796047214,0.22865769969805105,0.1100741147405984,0.02333241833653582,0.0,1.0
1.0,0.15015097447158934,0.2629700796047214,0.22865769969805105,0.1100741147405984,0.02333241833653582,0.0,0.08289870985451551
1.0,0.15015097447158934,0.2629700796047214,0.22865769969805105,0.1100741147405984,0.02333241833653582,0.0,0.08289870985451551
0.14191600329398846,0.15015097447158934,0.2629700796047214,0.22865769969805105,0.1100741147405984,0.02333241833653582,0.0,1.0
0.14191600329398846,0.15015097447158934,0.2629700796047214,0.22865769969805105,0.1100741147405984,0.02333241833653582,0.0,1.0
1.0,0.15015097447158934,0.2629700796047214,0.22865769969805105,0.1100741147405984,0.02333241833653582,0.0,0.08289870985451551
0.14191600329398846,0.15015097447158934,0.2629700796047214,0.22865769969805105,1.0,0.02333241833653582,0.0,0.08289870985451551
0.14191600329398846,0.15015097447158934,0.2629700796047214,0.22865769969805105,1.0,0.02333241833653582,0.0,0.08289870985451551
0.14191600329398846,0.15015097447158934,1.0,0.22865769969805105,0.1100741147405984,0.02333241833653582,0.0,0.08289870985451551
0.14191600329398846,0.15015097447158934,0.2629700796047214,0.22865769969805105,1.0,0.02333241833653582,0.0,0.08289870985451551
0.14191600329398846,1.0,0.2629700796047214,0.22865769969805105,0.1100741147405984,0.02333241833653582,0.0,0.08289870985451551
0.14191600329398846,0.15015097447158934,0.2629700796047214,1.0,0.1100741147405984,0.02333241833653582,0.0,0.08289870985451551
0.14191600329398846,1.0,0.2629700796047214,0.22865769969805105,0.1100741147405984,0.02333241833653582,0.0,0.08289870985451551
0.14191600329398846,0.15015097447158934,0.2629700796047214,1.0,0.1100741147405984,0.02333241833653582,0.0,0.08289870985451551
0.14191600329398846,0.15015097447158934,0.2629700796047214,1.0,0.1100741147405984,0.02333241833653582,0.0,0.08289870985451551
0.14191600329398846,0.15015097447158934,0.2629700796047214,1.0,0.1100741147405984,0.02333241833653582,0.0,0.08289870985451551
0.14191600329398846,0.15015097447158934,0.2629700796047214,1.0,0.1100741147405984,0.02333241833653582,0.0,0.08289870985451551
0.14191600329398846,0.15015097447158934,0.2629700796047214,1.0,0.1100741147405984,0.02333241833653582,0.0,0.08289870985451551
0.14191600329398846,1.0,0.2629700796047214,0.22865769969805105,0.1100741147405984,0.02333241833653582,0.0,0.08289870985451551
0.14191600329398846,0.15015097447158934,0.2629700796047214,1.0,0.1100741147405984,0.02333241833653582,0.0,0.08289870985451551
0.14191600329398846,0.15015097447158934,0.2629700796047214,1.0,0.1100741147405984,0.02333241833653582,0.0,0.08289870985451551
0.14191600329398846,0.15015097447158934,0.2629700796047214,1.0,0.1100741147405984,0.02333241833653582,0.0,0.08289870985451551
0.14191600329398846,0.15015097447158934,0.2629700796047214,1.0,0.1100741147405984,0.02333241833653582,0.0,0.08289870985451551
0.14191600329398846,0.15015097447158934,0.2629700796047214,1.0,0.1100741147405984,0.02333241833653582,0.0,0.08289870985451551
0.14191600329398846,0.15015097447158934,0.2629700796047214,1.0,0.1100741147405984,0.02333241833653582,0.0,0.08289870985451551
0.14191600329398846,0.15015097447158934,0.2629700796047214,1.0,0.1100741147405984,0.02333241833653582,0.0,0.08289870985451551
0.14191600329398846,0.15015097447158934,0.2629700796047214,1.0,0.1100741147405984,0.02333241833653582,0.0,0.08289870985451551
1.0,0.15015097447158934,0.2629700796047214,0.22865769969805105,0.1100741147405984,0.02333241833653582,0.0,0.08289870985451551
0.14191600329398846,0.15015097447158934,1.0,0.22865769969805105,0.1100741147405984,0.02333241833653582,0.0,0.08289870985451551
0.14191600329398846,0.15015097447158934,0.2629700796047214,1.0,0.1100741147405984,0.02333241833653582,0.0,0.08289870985451551
0.14191600329398846,0.15015097447158934,0.2629700796047214,1.0,0.1100741147405984,0.02333241833653582,0.0,0.08289870985451551
0.14191600329398846,0.15015097447158934,1.0,0.22865769969805105,0.1100741147405984,0.02333241833653582,0.0,0.08289870985451551
1.0,0.15015097447158934,0.2629700796047214,0.22865769969805105,0.1100741147405984,0.02333241833653582,0.0,0.08289870985451551
0.14191600329398846,0.15015097447158934,0.8,0.2,0.1100741147405984,0.02333241833653582,0.0,0.08289870985451551
0.14191600329398846,0.15015097447158934,0.6666666666666666,0.3333333333333333,0.1100741147405984,0.02333241833653582,0.0,0.08289870985451551
0.14191600329398846,0.15015097447158934,1.0,0.22865769969805105,0.1100741147405984,0.02333241833653582,0.0,0.08289870985451551
0.14191600329398846,0.15015097447158934,0.2629700796047214,0.22865769969805105,0.1100741147405984,1.0,0.0,0.08289870985451551
0.14191600329398846,0.15015097447158934,0.2629700796047214,0.22865769969805105,0.1100741147405984,1.0,0.0,0.08289870985451551
0.14191600329398846,1.0,0.2629700796047214,0.22865769969805105,0.1100741147405984,0.02333241833653582,0.0,0.08289870985451551
0.14191600329398846,1.0,0.2629700796047214,0.22865769969805105,0.1100741147405984,0.02333241833653582,0.0,0.08289870985451551
0.14191600329398846,1.0,0.2629700796047214,0.22865769969805105,0.1100741147405984,0.02333241833653582,0.0,0.08289870985451551
0.14191600329398846,0.15015097447158934,0.2629700796047214,0.22865769969805105,1.0,0.02333241833653582,0.0,0.08289870985451551
0.14191600329398846,0.15015097447158934,0.2629700796047214,1.0,0.1100741147405984,0.02333241833653582,0.0,0.08289870985451551
0.14191600329398846,0.15015097447158934,0.2629700796047214,1.0,0.1100741147405984,0.02333241833653582,0.0,0.08289870985451551
0.5,0.15015097447158934,0.25,0.22865769969805105,0.25,0.02333241833653582,0.0,0.08289870985451551
0.14191600329398846,0.15015097447158934,1.0,0.22865769969805105,0.1100741147405984,0.02333241833653582,0.0,0.08289870985451551
0.14191600329398846,0.15015097447158934,1.0,0.22865769969805105,0.1100741147405984,0.02333241833653582,0.0,0.08289870985451551
0.14191600329398846,0.15015097447158934,0.2629700796047214,1.0,0.1100741147405984,0.02333241833653582,0.0,0.08289870985451551
0.14191600329398846,1.0,0.2629700796047214,0.22865769969805105,0.1100741147405984,0.02333241833653582,0.0,0.08289870985451551
0.14191600329398846,0.15015097447158934,0.8571428571428571,0.14285714285714285,0.1100741147405984,0.02333241833653582,0.0,0.08289870985451551
0.14191600329398846,1.0,0.2629700796047214,0.22865769969805105,0.1100741147405984,0.02333241833653582,0.0,0.08289870985451551
0.14191600329398846,0.15015097447158934,1.0,0.22865769969805105,0.1100741147405984,0.02333241833653582,0.0,0.08289870985451551
0.14191600329398846,1.0,0.2629700796047214,0.22865769969805105,0.1100741147405984,0.02333241833653582,0.0,0.08289870985451551
1.0,0.15015097447158934,0.2629700796047214,0.22865769969805105,0.1100741147405984,0.02333241833653582,0.0,0.08289870985451551
0.14191600329398846,0.15015097447158934,1.0,0.22865769969805105,0.1100741147405984,0.02333241833653582,0.0,0.08289870985451551
0.14191600329398846,0.15015097447158934,1.0,0.22865769969805105,0.1100741147405984,0.02333241833653582,0.0,0.08289870985451551
0.14191600329398846,0.15015097447158934,1.0,0.22865769969805105,0.1100741147405984,0.02333241833653582,0.0,0.08289870985451551
0.14191600329398846,0.15015097447158934,0.2629700796047214,1.0,0.1100741147405984,0.02333241833653582,0.0,0.08289870985451551
0.6666666666666666,0.15015097447158934,0.2629700796047214,0.3333333333333333,0.1100741147405984,0.02333241833653582,0.0,0.08289870985451551
0.14191600329398846,0.15015097447158934,0.6666666666666666,0.22865769969805105,0.3333333333333333,0.02333241833653582,0.0,0.08289870985451551
0.14191600329398846,0.15015097447158934,0.2629700796047214,1.0,0.1100741147405984,0.02333241833653582,0.0,0.08289870985451551
0.14191600329398846,0.15015097447158934,0.2629700796047214,1.0,0.1100741147405984,0.02333241833653582,0.0,0.08289870985451551
0.14191600329398846,0.15015097447158934,0.2629700796047214,1.0,0.1100741147405984,0.02333241833653582,0.0,0.08289870985451551
0.14191600329398846,0.15015097447158934,0.2629700796047214,0.22865769969805105,1.0,0.02333241833653582,0.0,0.08289870985451551
0.14191600329398846,0.15015097447158934,0.2629700796047214,0.6666666666666666,0.3333333333333333,0.02333241833653582,0.0,0.08289870985451551
0.14191600329398846,0.15015097447158934,0.2629700796047214,1.0,0.1100741147405984,0.02333241833653582,0.0,0.08289870985451551
0.14191600329398846,0.15015097447158934,1.0,0.22865769969805105,0.1100741147405984,0.02333241833653582,0.0,0.08289870985451551
0.14191600329398846,0.15015097447158934,0.2629700796047214,1.0,0.1100741147405984,0.02333241833653582,0.0,0.08289870985451551
0.14191600329398846,1.0,0.2629700796047214,0.22865769969805105,0.1100741147405984,0.02333241833653582,0.0,0.08289870985451551
0.14191600329398846,0.15015097447158934,1.0,0.22865769969805105,0.1100741147405984,0.02333241833653582,0.0,0.08289870985451551
0.5,0.15015097447158934,0.5,0.22865769969805105,0.1100741147405984,0.02333241833653582,0.0,0.08289870985451551
0.14191600329398846,0.15015097447158934,0.2629700796047214,0.22865769969805105,0.1100741147405984,1.0,0.0,0.08289870985451551
0.5,0.15015097447158934,0.5,0.22865769969805105,0.1100741147405984,0.02333241833653582,0.0,0.08289870985451551
0.14191600329398846,0.15015097447158934,0.2629700796047214,0.22865769969805105,1.0,0.02333241833653582,0.0,0.08289870985451551
0.14191600329398846,0.15015097447158934,0.2629700796047214,0.22865769969805105,1.0,0.02333241833653582,0.0,0.08289870985451551
0.14191600329398846,0.15015097447158934,1.0,0.22865769969805105,0.1100741147405984,0.02333241833653582,0.0,0.08289870985451551
0.14191600329398846,0.15015097447158934,0.2629700796047214,1.0,0.1100741147405984,0.02333241833653582,0.0,0.08289870985451551
0.14191600329398846,0.15015097447158934,1.0,0.22865769969805105,0.1100741147405984,0.02333241833653582,0.0,0.08289870985451551
0.14191600329398846,0.15015097447158934,0.2629700796047214,1.0,0.1100741147405984,0.02333241833653582,0.0,0.08289870985451551
0.14191600329398846,0.15015097447158934,0.2629700796047214,1.0,0.1100741147405984,0.02333241833653582,0.0,0.08289870985451551
0.14191600329398846,0.15015097447158934,0.2629700796047214,1.0,0.1100741147405984,0.02333241833653582,0.0,0.08289870985451551
0.14191600329398846,0.15015097447158934,0.2629700796047214,1.0,0.1100741147405984,0.02333241833653582,0.0,0.08289870985451551
1.0,0.15015097447158934,0.2629700796047214,0.22865769969805105,0.1100741147405984,0.02333241833653582,0.0,0.08289870985451551
1.0,0.15015097447158934,0.2629700796047214,0.22865769969805105,0.1100741147405984,0.02333241833653582,0.0,0.08289870985451551
1.0,0.15015097447158934,0.2629700796047214,0.22865769969805105,0.1100741147405984,0.02333241833653582,0.0,0.08289870985451551
0.14191600329398846,0.15015097447158934,0.2629700796047214,1.0,0.1100741147405984,0.02333241833653582,0.0,0.08289870985451551
1.0,0.15015097447158934,0.2629700796047214,0.22865769969805105,0.1100741147405984,0.02333241833653582,0.0,0.08289870985451551
0.14191600329398846,0.15015097447158934,0.2629700796047214,1.0,0.1100741147405984,0.02333241833653582,0.0,0.08289870985451551
1.0,0.15015097447158934,0.2629700796047214,0.22865769969805105,0.1100741147405984,0.02333241833653582,0.0,0.08289870985451551
1.0,0.15015097447158934,0.2629700796047214,0.22865769969805105,0.1100741147405984,0.02333241833653582,0.0,0.08289870985451551
1.0,0.15015097447158934,0.2629700796047214,0.22865769969805105,0.1100741147405984,0.02333241833653582,0.0,0.08289870985451551
0.14191600329398846,0.15015097447158934,0.2629700796047214,1.0,0.1100741147405984,0.02333241833653582,0.0,0.08289870985451551
0.14191600329398846,0.15015097447158934,0.2629700796047214,1.0,0.1100741147405984,0.02333241833653582,0.0,0.08289870985451551
1.0,0.15015097447158934,0.2629700796047214,0.22865769969805105,0.1100741147405984,0.02333241833653582,0.0,0.08289870985451551
0.14191600329398846,0.15015097447158934,1.0,0.22865769969805105,0.1100741147405984,0.02333241833653582,0.0,0.08289870985451551
0.125,0.15015097447158934,0.2629700796047214,0.875,0.1100741147405984,0.02333241833653582,0.0,0.08289870985451551
1.0,0.15015097447158934,0.2629700796047214,0.22865769969805105,0.1100741147405984,0.02333241833653582,0.0,0.08289870985451551
0.14191600329398846,0.15015097447158934,1.0,0.22865769969805105,0.1100741147405984,0.02333241833653582,0.0,0.08289870985451551
0.14191600329398846,0.15015097447158934,0.2629700796047214,0.22865769969805105,1.0,0.02333241833653582,0.0,0.08289870985451551
0.16666666666666666,0.15015097447158934,0.6666666666666666,0.16666666666666666,0.1100741147405984,0.02333241833653582,0.0,0.08289870985451551
0.14191600329398846,0.15015097447158934,1.0,0.22865769969805105,0.1100741147405984,0.02333241833653582,0.0,0.08289870985451551
0.14191600329398846,0.15015097447158934,0.2629700796047214,0.22865769969805105,0.1100741147405984,1.0,0.0,0.08289870985451551
0.14191600329398846,0.15015097447158934,0.2629700796047214,0.22865769969805105,0.1100741147405984,1.0,0.0,0.08289870985451551
0.14191600329398846,0.15015097447158934,0.2629700796047214,0.22865769969805105,0.1100741147405984,1.0,0.0,0.08289870985451551
0.14191600329398846,0.15015097447158934,0.2629700796047214,0.22865769969805105,1.0,0.02333241833653582,0.0,0.08289870985451551
0.14191600329398846,0.15015097447158934,0.2629700796047214,1.0,0.1100741147405984,0.02333241833653582,0.0,0.08289870985451551
0.3333333333333333,0.15015097447158934,0.6666666666666666,0.22865769969805105,0.1100741147405984,0.02333241833653582,0.0,0.08289870985451551
0.14191600329398846,0.15015097447158934,1.0,0.22865769969805105,0.1100741147405984,0.02333241833653582,0.0,0.08289870985451551
0.14191600329398846,0.15015097447158934,1.0,0.22865769969805105,0.1100741147405984,0.02333241833653582,0.0,0.08289870985451551
0.14191600329398846,0.15015097447158934,1.0,0.22865769969805105,0.1100741147405984,0.02333241833653582,0.0,0.08289870985451551
0.5,0.15015097447158934,0.2629700796047214,0.5,0.1100741147405984,0.02333241833653582,0.0,0.08289870985451551
0.14191600329398846,0.15015097447158934,0.2629700796047214,1.0,0.1100741147405984,0.02333241833653582,0.0,0.08289870985451551
0.1,0.1,0.4,0.4,0.1100741147405984,0.02333241833653582,0.0,0.08289870985451551
0.14191600329398846,0.25,0.25,0.25,0.1100741147405984,0.02333241833653582,0.0,0.25
0.14191600329398846,0.15015097447158934,1.0,0.22865769969805105,0.1100741147405984,0.02333241833653582,0.0,0.08289870985451551
0.14191600329398846,0.15015097447158934,0.2629700796047214,0.22865769969805105,0.1100741147405984,0.02333241833653582,0.0,1.0
0.14191600329398846,0.15015097447158934,0.2629700796047214,1.0,0.1100741147405984,0.02333241833653582,0.0,0.08289870985451551
0.14191600329398846,0.15015097447158934,0.2629700796047214,1.0,0.1100741147405984,0.02333241833653582,0.0,0.08289870985451551
0.14191600329398846,0.15015097447158934,0.2629700796047214,1.0,0.1100741147405984,0.02333241833653582,0.0,0.08289870985451551
0.14191600329398846,0.15015097447158934,0.2629700796047214,1.0,0.1100741147405984,0.02333241833653582,0.0,0.08289870985451551
0.14191600329398846,0.15015097447158934,0.2629700796047214,1.0,0.1100741147405984,0.02333241833653582,0.0,0.08289870985451551
0.14191600329398846,0.15015097447158934,0.2629700796047214,1.0,0.1100741147405984,0.02333241833653582,0.0,0.08289870985451551
0.14191600329398846,0.15015097447158934,1.0,0.22865769969805105,0.1100741147405984,0.02333241833653582,0.0,0.08289870985451551
0.14191600329398846,0.15015097447158934,1.0,0.22865769969805105,0.1100741147405984,0.02333241833653582,0.0,0.08289870985451551
0.14191600329398846,0.15015097447158934,0.2629700796047214,0.22865769969805105,0.6666666666666666,0.3333333333333333,0.0,0.08289870985451551
0.14191600329398846,0.15015097447158934,1.0,0.22865769969805105,0.1100741147405984,0.02333241833653582,0.0,0.08289870985451551
1.0,0.15015097447158934,0.2629700796047214,0.22865769969805105,0.1100741147405984,0.02333241833653582,0.0,0.08289870985451551
0.14191600329398846,0.15015097447158934,0.2629700796047214,1.0,0.1100741147405984,0.02333241833653582,0.0,0.08289870985451551
0.14191600329398846,0.15015097447158934,0.2629700796047214,1.0,0.1100741147405984,0.02333241833653582,0.0,0.08289870985451551
0.14191600329398846,0.15015097447158934,0.2629700796047214,1.0,0.1100741147405984,0.02333241833653582,0.0,0.08289870985451551
0.5,0.15015097447158934,0.2629700796047214,0.5,0.1100741147405984,0.02333241833653582,0.0,0.08289870985451551
0.14191600329398846,0.15015097447158934,0.2629700796047214,1.0,0.1100741147405984,0.02333241833653582,0.0,0.08289870985451551
0.14191600329398846,0.15015097447158934,0.2629700796047214,1.0,0.1100741147405984,0.02333241833653582,0.0,0.08289870985451551
0.125,0.15015097447158934,0.5,0.22865769969805105,0.1100741147405984,0.02333241833653582,0.0,0.375
0.14191600329398846,0.15015097447158934,0.2629700796047214,1.0,0.1100741147405984,0.02333241833653582,0.0,0.08289870985451551
1.0,0.15015097447158934,0.2629700796047214,0.22865769969805105,0.1100741147405984,0.02333241833653582,0.0,0.08289870985451551
0.14191600329398846,1.0,0.2629700796047214,0.22865769969805105,0.1100741147405984,0.02333241833653582,0.0,0.08289870985451551
0.14191600329398846,0.15015097447158934,1.0,0.22865769969805105,0.1100741147405984,0.02333241833653582,0.0,0.08289870985451551
1.0,0.15015097447158934,0.2629700796047214,0.22865769969805105,0.1100741147405984,0.02333241833653582,0.0,0.08289870985451551
0.14191600329398846,0.15015097447158934,1.0,0.22865769969805105,0.1100741147405984,0.02333241833653582,0.0,0.08289870985451551
0.14191600329398846,0.15015097447158934,1.0,0.22865769969805105,0.1100741147405984,0.02333241833653582,0.0,0.08289870985451551
0.375,0.15015097447158934,0.25,0.375,0.1100741147405984,0.02333241833653582,0.0,0.08289870985451551
0.14191600329398846,1.0,0.2629700796047214,0.22865769969805105,0.1100741147405984,0.02333241833653582,0.0,0.08289870985451551
1.0,0.15015097447158934,0.2629700796047214,0.22865769969805105,0.1100741147405984,0.02333241833653582,0.0,0.08289870985451551
1.0,0.15015097447158934,0.2629700796047214,0.22865769969805105,0.1100741147405984,0.02333241833653582,0.0,0.08289870985451551
1.0,0.15015097447158934,0.2629700796047214,0.22865769969805105,0.1100741147405984,0.02333241833653582,0.0,0.08289870985451551
0.5,0.15015097447158934,0.2629700796047214,0.5,0.1100741147405984,0.02333241833653582,0.0,0.08289870985451551
0.14191600329398846,0.15015097447158934,0.2629700796047214,1.0,0.1100741147405984,0.02333241833653582,0.0,0.08289870985451551
0.14191600329398846,0.15015097447158934,0.2629700796047214,0.22865769969805105,0.1100741147405984,0.02333241833653582,0.0,1.0
0.14191600329398846,0.15015097447158934,1.0,0.22865769969805105,0.1100741147405984,0.02333241833653582,0.0,0.08289870985451551
1.0,0.15015097447158934,0.2629700796047214,0.22865769969805105,0.1100741147405984,0.02333241833653582,0.0,0.08289870985451551
0.14191600329398846,0.15015097447158934,0.3333333333333333,0.6666666666666666,0.1100741147405984,0.02333241833653582,0.0,0.08289870985451551
0.14191600329398846,0.15015097447158934,0.2629700796047214,1.0,0.1100741147405984,0.02333241833653582,0.0,0.08289870985451551
1.0,0.15015097447158934,0.2629700796047214,0.22865769969805105,0.1100741147405984,0.02333241833653582,0.0,0.08289870985451551
1.0,0.15015097447158934,0.2629700796047214,0.22865769969805105,0.1100741147405984,0.02333241833653582,0.0,0.08289870985451551
0.31746031746031744,0.15015097447158934,0.25396825396825395,0.22865769969805105,0.42857142857142855,0.02333241833653582,0.0,0.08289870985451551
0.14191600329398846,0.15015097447158934,1.0,0.22865769969805105,0.1100741147405984,0.02333241833653582,0.0,0.08289870985451551
1.0,0.15015097447158934,0.2629700796047214,0.22865769969805105,0.1100741147405984,0.02333241833653582,0.0,0.08289870985451551
0.14191600329398846,0.15015097447158934,0.2629700796047214,1.0,0.1100741147405984,0.02333241833653582,0.0,0.08289870985451551
0.6,0.15015097447158934,0.2629700796047214,0.4,0.1100741147405984,0.02333241833653582,0.0,0.08289870985451551
0.14191600329398846,0.15015097447158934,0.2629700796047214,0.22865769969805105,1.0,0.02333241833653582,0.0,0.08289870985451551
0.14191600329398846,0.15015097447158934,0.2629700796047214,1.0,0.1100741147405984,0.02333241833653582,0.0,0.08289870985451551
0.9,0.15015097447158934,0.2629700796047214,0.1,0.1100741147405984,0.02333241833653582,0.0,0.08289870985451551
1.0,0.15015097447158934,0.2629700796047214,0.22865769969805105,0.1100741147405984,0.02333241833653582,0.0,0.08289870985451551
1.0,0.15015097447158934,0.2629700796047214,0.22865769969805105,0.1100741147405984,0.02333241833653582,0.0,0.08289870985451551
0.14191600329398846,0.15015097447158934,1.0,0.22865769969805105,0.1100741147405984,0.02333241833653582,0.0,0.08289870985451551
0.3333333333333333,0.15015097447158934,0.2629700796047214,0.3333333333333333,0.3333333333333333,0.02333241833653582,0.0,0.08289870985451551
0.14191600329398846,1.0,0.2629700796047214,0.22865769969805105,0.1100741147405984,0.02333241833653582,0.0,0.08289870985451551
0.0625,0.9375,0.2629700796047214,0.22865769969805105,0.1100741147405984,0.02333241833653582,0.0,0.08289870985451551
0.14191600329398846,1.0,0.2629700796047214,0.22865769969805105,0.1100741147405984,0.02333241833653582,0.0,0.08289870985451551
0.14705882352941177,0.15015097447158934,0.2629700796047214,0.5,0.1100741147405984,0.02333241833653582,0.0,0.35294117647058826
0.14191600329398846,1.0,0.2629700796047214,0.22865769969805105,0.1100741147405984,0.02333241833653582,0.0,0.08289870985451551
0.14191600329398846,0.15015097447158934,0.2629700796047214,0.22865769969805105,0.1100741147405984,0.02333241833653582,0.0,1.0
0.14191600329398846,1.0,0.2629700796047214,0.22865769969805105,0.1100741147405984,0.02333241833653582,0.0,0.08289870985451551
0.14191600329398846,1.0,0.2629700796047214,0.22865769969805105,0.1100741147405984,0.02333241833653582,0.0,0.08289870985451551
0.14191600329398846,0.15015097447158934,1.0,0.22865769969805105,0.1100741147405984,0.02333241833653582,0.0,0.08289870985451551
0.14191600329398846,0.15015097447158934,0.2629700796047214,0.22865769969805105,0.1100741147405984,0.02333241833653582,0.0,1.0
0.14191600329398846,1.0,0.2629700796047214,0.22865769969805105,0.1100741147405984,0.02333241833653582,0.0,0.08289870985451551
0.14191600329398846,0.15015097447158934,0.2629700796047214,0.22865769969805105,0.1100741147405984,0.02333241833653582,0.0,1.0
0.14191600329398846,0.15015097447158934,1.0,0.22865769969805105,0.1100741147405984,0.02333241833653582,0.0,0.08289870985451551
1.0,0.15015097447158934,0.2629700796047214,0.22865769969805105,0.1100741147405984,0.02333241833653582,0.0,0.08289870985451551
0.14191600329398846,0.15015097447158934,0.2629700796047214,1.0,0.1100741147405984,0.02333241833653582,0.0,0.08289870985451551
0.14191600329398846,0.15015097447158934,0.2629700796047214,1.0,0.1100741147405984,0.02333241833653582,0.0,0.08289870985451551
0.14191600329398846,0.15015097447158934,0.2629700796047214,1.0,0.1100741147405984,0.02333241833653582,0.0,0.08289870985451551
0.14191600329398846,0.15015097447158934,0.6666666666666666,0.3333333333333333,0.1100741147405984,0.02333241833653582,0.0,0.08289870985451551
0.14191600329398846,0.15015097447158934,0.2629700796047214,1.0,0.1100741147405984,0.02333241833653582,0.0,0.08289870985451551
0.14191600329398846,1.0,0.2629700796047214,0.22865769969805105,0.1100741147405984,0.02333241833653582,0.0,0.08289870985451551
0.14191600329398846,1.0,0.2629700796047214,0.22865769969805105,0.1100741147405984,0.02333241833653582,0.0,0.08289870985451551
0.14191600329398846,1.0,0.2629700796047214,0.22865769969805105,0.1100741147405984,0.02333241833653582,0.0,0.08289870985451551
0.14191600329398846,1.0,0.2629700796047214,0.22865769969805105,0.1100741147405984,0.02333241833653582,0.0,0.08289870985451551
1.0,0.15015097447158934,0.2629700796047214,0.22865769969805105,0.1100741147405984,0.02333241833653582,0.0,0.08289870985451551
1.0,0.15015097447158934,0.2629700796047214,0.22865769969805105,0.1100741147405984,0.02333241833653582,0.0,0.08289870985451551
1.0,0.15015097447158934,0.2629700796047214,0.22865769969805105,0.1100741147405984,0.02333241833653582,0.0,0.08289870985451551
1.0,0.15015097447158934,0.2629700796047214,0.22865769969805105,0.1100741147405984,0.02333241833653582,0.0,0.08289870985451551
0.14191600329398846,0.15015097447158934,1.0,0.22865769969805105,0.1100741147405984,0.02333241833653582,0.0,0.08289870985451551
1.0,0.15015097447158934,0.2629700796047214,0.22865769969805105,0.1100741147405984,0.02333241833653582,0.0,0.08289870985451551
0.14191600329398846,0.15015097447158934,1.0,0.22865769969805105,0.1100741147405984,0.02333241833653582,0.0,0.08289870985451551
0.14191600329398846,0.15015097447158934,1.0,0.22865769969805105,0.1100741147405984,0.02333241833653582,0.0,0.08289870985451551
0.14191600329398846,0.15015097447158934,1.0,0.22865769969805105,0.1100741147405984,0.02333241833653582,0.0,0.08289870985451551
0.14191600329398846,0.15015097447158934,1.0,0.22865769969805105,0.1100741147405984,0.02333241833653582,0.0,0.08289870985451551
0.14191600329398846,0.15015097447158934,0.2629700796047214,1.0,0.1100741147405984,0.02333241833653582,0.0,0.08289870985451551
1.0,0.15015097447158934,0.2629700796047214,0.22865769969805105,0.1100741147405984,0.02333241833653582,0.0,0.08289870985451551
0.14191600329398846,0.15015097447158934,0.2629700796047214,1.0,0.1100741147405984,0.02333241833653582,0.0,0.08289870985451551
1.0,0.15015097447158934,0.2629700796047214,0.22865769969805105,0.1100741147405984,0.02333241833653582,0.0,0.08289870985451551
0.14191600329398846,0.15015097447158934,1.0,0.22865769969805105,0.1100741147405984,0.02333241833653582,0.0,0.08289870985451551
0.14191600329398846,0.15015097447158934,1.0,0.22865769969805105,0.1100741147405984,0.02333241833653582,0.0,0.08289870985451551
0.2857142857142857,0.15015097447158934,0.7142857142857143,0.22865769969805105,0.1100741147405984,0.02333241833653582,0.0,0.08289870985451551
0.14191600329398846,0.15015097447158934,1.0,0.22865769969805105,0.1100741147405984,0.02333241833653582,0.0,0.08289870985451551
0.6428571428571429,0.2857142857142857,0.07142857142857142,0.22865769969805105,0.1100741147405984,0.02333241833653582,0.0,0.08289870985451551
0.5,0.15015097447158934,0.2629700796047214,0.5,0.1100741147405984,0.02333241833653582,0.0,0.08289870985451551
1.0,0.15015097447158934,0.2629700796047214,0.22865769969805105,0.1100741147405984,0.02333241833653582,0.0,0.08289870985451551
1.0,0.15015097447158934,0.2629700796047214,0.22865769969805105,0.1100741147405984,0.02333241833653582,0.0,0.08289870985451551
0.14191600329398846,0.15015097447158934,1.0,0.22865769969805105,0.1100741147405984,0.02333241833653582,0.0,0.08289870985451551
0.14191600329398846,0.15015097447158934,1.0,0.22865769969805105,0.1100741147405984,0.02333241833653582,0.0,0.08289870985451551
0.14191600329398846,0.15015097447158934,1.0,0.22865769969805105,0.1100741147405984,0.02333241833653582,0.0,0.08289870985451551
0.14191600329398846,0.15015097447158934,1.0,0.22865769969805105,0.1100741147405984,0.02333241833653582,0.0,0.08289870985451551
0.14191600329398846,0.15015097447158934,1.0,0.22865769969805105,0.1100741147405984,0.02333241833653582,0.0,0.08289870985451551
0.14191600329398846,0.15015097447158934,1.0,0.22865769969805105,0.1100741147405984,0.02333241833653582,0.0,0.08289870985451551
0.5454545454545454,0.045454545454545456,0.4090909090909091,0.22865769969805105,0.1100741147405984,0.02333241833653582,0.0,0.08289870985451551
0.14191600329398846,0.15015097447158934,0.5,0.5,0.1100741147405984,0.02333241833653582,0.0,0.08289870985451551
0.14191600329398846,0.15015097447158934,1.0,0.22865769969805105,0.1100741147405984,0.02333241833653582,0.0,0.08289870985451551
1.0,0.15015097447158934,0.2629700796047214,0.22865769969805105,0.1100741147405984,0.02333241833653582,0.0,0.08289870985451551
0.14191600329398846,1.0,0.2629700796047214,0.22865769969805105,0.1100741147405984,0.02333241833653582,0.0,0.08289870985451551
0.14191600329398846,0.15015097447158934,1.0,0.22865769969805105,0.1100741147405984,0.02333241833653582,0.0,0.08289870985451551
0.14191600329398846,0.15015097447158934,1.0,0.22865769969805105,0.1100741147405984,0.02333241833653582,0.0,0.08289870985451551
0.16666666666666666,0.15015097447158934,0.75,0.08333333333333333,0.1100741147405984,0.02333241833653582,0.0,0.08289870985451551
0.14191600329398846,0.15015097447158934,1.0,0.22865769969805105,0.1100741147405984,0.02333241833653582,0.0,0.08289870985451551
0.14191600329398846,0.15015097447158934,1.0,0.22865769969805105,0.1100741147405984,0.02333241833653582,0.0,0.08289870985451551
0.14191600329398846,0.15015097447158934,0.2629700796047214,0.22865769969805105,0.1100741147405984,1.0,0.0,0.08289870985451551
0.14191600329398846,1.0,0.2629700796047214,0.22865769969805105,0.1100741147405984,0.02333241833653582,0.0,0.08289870985451551
0.3333333333333333,0.15015097447158934,0.2629700796047214,0.6666666666666666,0.1100741147405984,0.02333241833653582,0.0,0.08289870985451551
0.14191600329398846,0.15015097447158934,1.0,0.22865769969805105,0.1100741147405984,0.02333241833653582,0.0,0.08289870985451551
0.14191600329398846,0.15015097447158934,0.2629700796047214,1.0,0.1100741147405984,0.02333241833653582,0.0,0.08289870985451551
0.5,0.15015097447158934,0.5,0.22865769969805105,0.1100741147405984,0.02333241833653582,0.0,0.08289870985451551
0.5,0.5,0.2629700796047214,0.22865769969805105,0.1100741147405984,0.02333241833653582,0.0,0.08289870985451551
0.14191600329398846,1.0,0.2629700796047214,0.22865769969805105,0.1100741147405984,0.02333241833653582,0.0,0.08289870985451551
0.14191600329398846,1.0,0.2629700796047214,0.22865769969805105,0.1100741147405984,0.02333241833653582,0.0,0.08289870985451551
0.3333333333333333,0.15015097447158934,0.6666666666666666,0.22865769969805105,0.1100741147405984,0.02333241833653582,0.0,0.08289870985451551
0.14191600329398846,0.15015097447158934,0.2629700796047214,0.22865769969805105,1.0,0.02333241833653582,0.0,0.08289870985451551
0.14191600329398846,1.0,0.2629700796047214,0.22865769969805105,0.1100741147405984,0.02333241833653582,0.0,0.08289870985451551
0.14191600329398846,1.0,0.2629700796047214,0.22865769969805105,0.1100741147405984,0.02333241833653582,0.0,0.08289870985451551
0.14191600329398846,0.15015097447158934,0.2629700796047214,1.0,0.1100741147405984,0.02333241833653582,0.0,0.08289870985451551
0.6666666666666666,0.3333333333333333,0.2629700796047214,0.22865769969805105,0.1100741147405984,0.02333241833653582,0.0,0.08289870985451551
0.14191600329398846,0.15015097447158934,0.2629700796047214,0.22865769969805105,1.0,0.02333241833653582,0.0,0.08289870985451551
1.0,0.15015097447158934,0.2629700796047214,0.22865769969805105,0.1100741147405984,0.02333241833653582,0.0,0.08289870985451551
0.14191600329398846,1.0,0.2629700796047214,0.22865769969805105,0.1100741147405984,0.02333241833653582,0.0,0.08289870985451551
0.14191600329398846,0.15015097447158934,0.2629700796047214,1.0,0.1100741147405984,0.02333241833653582,0.0,0.08289870985451551
0.14191600329398846,1.0,0.2629700796047214,0.22865769969805105,0.1100741147405984,0.02333241833653582,0.0,0.08289870985451551
0.14191600329398846,1.0,0.2629700796047214,0.22865769969805105,0.1100741147405984,0.02333241833653582,0.0,0.08289870985451551
0.14191600329398846,1.0,0.2629700796047214,0.22865769969805105,0.1100741147405984,0.02333241833653582,0.0,0.08289870985451551
0.14191600329398846,1.0,0.2629700796047214,0.22865769969805105,0.1100741147405984,0.02333241833653582,0.0,0.08289870985451551
1.0,0.15015097447158934,0.2629700796047214,0.22865769969805105,0.1100741147405984,0.02333241833653582,0.0,0.08289870985451551
0.5,0.5,0.2629700796047214,0.22865769969805105,0.1100741147405984,0.02333241833653582,0.0,0.08289870985451551
0.14191600329398846,1.0,0.2629700796047214,0.22865769969805105,0.1100741147405984,0.02333241833653582,0.0,0.08289870985451551
0.14191600329398846,1.0,0.2629700796047214,0.22865769969805105,0.1100741147405984,0.02333241833653582,0.0,0.08289870985451551
0.14191600329398846,1.0,0.2629700796047214,0.22865769969805105,0.1100741147405984,0.02333241833653582,0.0,0.08289870985451551
0.14191600329398846,1.0,0.2629700796047214,0.22865769969805105,0.1100741147405984,0.02333241833653582,0.0,0.08289870985451551
0.14191600329398846,1.0,0.2629700796047214,0.22865769969805105,0.1100741147405984,0.02333241833653582,0.0,0.08289870985451551
0.14191600329398846,1.0,0.2629700796047214,0.22865769969805105,0.1100741147405984,0.02333241833653582,0.0,0.08289870985451551
0.14191600329398846,1.0,0.2629700796047214,0.22865769969805105,0.1100741147405984,0.02333241833653582,0.0,0.08289870985451551
0.14191600329398846,0.15015097447158934,0.2629700796047214,1.0,0.1100741147405984,0.02333241833653582,0.0,0.08289870985451551
1.0,0.15015097447158934,0.2629700796047214,0.22865769969805105,0.1100741147405984,0.02333241833653582,0.0,0.08289870985451551
1.0,0.15015097447158934,0.2629700796047214,0.22865769969805105,0.1100741147405984,0.02333241833653582,0.0,0.08289870985451551
0.14191600329398846,1.0,0.2629700796047214,0.22865769969805105,0.1100741147405984,0.02333241833653582,0.0,0.08289870985451551
0.14191600329398846,1.0,0.2629700796047214,0.22865769969805105,0.1100741147405984,0.02333241833653582,0.0,0.08289870985451551
1.0,0.15015097447158934,0.2629700796047214,0.22865769969805105,0.1100741147405984,0.02333241833653582,0.0,0.08289870985451551
1.0,0.15015097447158934,0.2629700796047214,0.22865769969805105,0.1100741147405984,0.02333241833653582,0.0,0.08289870985451551
1.0,0.15015097447158934,0.2629700796047214,0.22865769969805105,0.1100741147405984,0.02333241833653582,0.0,0.08289870985451551
1.0,0.15015097447158934,0.2629700796047214,0.22865769969805105,0.1100741147405984,0.02333241833653582,0.0,0.08289870985451551
0.14191600329398846,1.0,0.2629700796047214,0.22865769969805105,0.1100741147405984,0.02333241833653582,0.0,0.08289870985451551
1.0,0.15015097447158934,0.2629700796047214,0.22865769969805105,0.1100741147405984,0.02333241833653582,0.0,0.08289870985451551
0.14191600329398846,0.15015097447158934,1.0,0.22865769969805105,0.1100741147405984,0.02333241833653582,0.0,0.08289870985451551
1.0,0.15015097447158934,0.2629700796047214,0.22865769969805105,0.1100741147405984,0.02333241833653582,0.0,0.08289870985451551
0.14191600329398846,0.15015097447158934,0.2629700796047214,1.0,0.1100741147405984,0.02333241833653582,0.0,0.08289870985451551
0.14191600329398846,0.15015097447158934,0.2629700796047214,1.0,0.1100741147405984,0.02333241833653582,0.0,0.08289870985451551
0.14191600329398846,0.15015097447158934,1.0,0.22865769969805105,0.1100741147405984,0.02333241833653582,0.0,0.08289870985451551
0.14191600329398846,0.5,0.2629700796047214,0.5,0.1100741147405984,0.02333241833653582,0.0,0.08289870985451551
0.14191600329398846,0.15015097447158934,0.2629700796047214,0.22865769969805105,1.0,0.02333241833653582,0.0,0.08289870985451551
0.14191600329398846,0.15015097447158934,0.2629700796047214,1.0,0.1100741147405984,0.02333241833653582,0.0,0.08289870985451551
0.14191600329398846,0.15015097447158934,0.2629700796047214,0.22865769969805105,0.1100741147405984,0.02333241833653582,0.0,1.0
0.14191600329398846,1.0,0.2629700796047214,0.22865769969805105,0.1100741147405984,0.02333241833653582,0.0,0.08289870985451551
0.14191600329398846,1.0,0.2629700796047214,0.22865769969805105,0.1100741147405984,0.02333241833653582,0.0,0.08289870985451551
0.14191600329398846,1.0,0.2629700796047214,0.22865769969805105,0.1100741147405984,0.02333241833653582,0.0,0.08289870985451551
0.14191600329398846,0.15015097447158934,0.2629700796047214,0.22865769969805105,0.1100741147405984,0.02333241833653582,0.0,1.0
0.14191600329398846,0.15015097447158934,0.2629700796047214,0.22865769969805105,1.0,0.02333241833653582,0.0,0.08289870985451551
0.14191600329398846,0.15015097447158934,0.2629700796047214,0.22865769969805105,0.1100741147405984,0.02333241833653582,0.0,1.0
0.14191600329398846,0.15015097447158934,0.2629700796047214,0.22865769969805105,0.1100741147405984,0.02333241833653582,0.0,1.0
0.14191600329398846,0.15015097447158934,0.2629700796047214,0.22865769969805105,0.1100741147405984,0.02333241833653582,0.0,1.0
0.14191600329398846,1.0,0.2629700796047214,0.22865769969805105,0.1100741147405984,0.02333241833653582,0.0,0.08289870985451551
0.14191600329398846,0.15015097447158934,1.0,0.22865769969805105,0.1100741147405984,0.02333241833653582,0.0,0.08289870985451551
0.14191600329398846,0.15015097447158934,1.0,0.22865769969805105,0.1100741147405984,0.02333241833653582,0.0,0.08289870985451551
0.14191600329398846,0.15015097447158934,0.2629700796047214,1.0,0.1100741147405984,0.02333241833653582,0.0,0.08289870985451551
0.14191600329398846,0.15015097447158934,0.2629700796047214,1.0,0.1100741147405984,0.02333241833653582,0.0,0.08289870985451551
0.14191600329398846,0.15015097447158934,0.2629700796047214,1.0,0.1100741147405984,0.02333241833653582,0.0,0.08289870985451551
0.14191600329398846,0.15015097447158934,0.2629700796047214,1.0,0.1100741147405984,0.02333241833653582,0.0,0.08289870985451551
0.14191600329398846,0.15015097447158934,1.0,0.22865769969805105,0.1100741147405984,0.02333241833653582,0.0,0.08289870985451551
0.14191600329398846,0.15015097447158934,1.0,0.22865769969805105,0.1100741147405984,0.02333241833653582,0.0,0.08289870985451551
0.14191600329398846,0.15015097447158934,1.0,0.22865769969805105,0.1100741147405984,0.02333241833653582,0.0,0.08289870985451551
1.0,0.15015097447158934,0.2629700796047214,0.22865769969805105,0.1100741147405984,0.02333241833653582,0.0,0.08289870985451551
0.14191600329398846,0.15015097447158934,0.2629700796047214,0.22865769969805105,1.0,0.02333241833653582,0.0,0.08289870985451551
0.14191600329398846,0.15015097447158934,1.0,0.22865769969805105,0.1100741147405984,0.02333241833653582,0.0,0.08289870985451551
0.14191600329398846,0.15015097447158934,1.0,0.22865769969805105,0.1100741147405984,0.02333241833653582,0.0,0.08289870985451551
0.14191600329398846,0.15015097447158934,1.0,0.22865769969805105,0.1100741147405984,0.02333241833653582,0.0,0.08289870985451551
0.14191600329398846,0.15015097447158934,1.0,0.22865769969805105,0.1100741147405984,0.02333241833653582,0.0,0.08289870985451551
1.0,0.15015097447158934,0.2629700796047214,0.22865769969805105,0.1100741147405984,0.02333241833653582,0.0,0.08289870985451551
0.14191600329398846,0.15015097447158934,1.0,0.22865769969805105,0.1100741147405984,0.02333241833653582,0.0,0.08289870985451551
0.14191600329398846,0.15015097447158934,1.0,0.22865769969805105,0.1100741147405984,0.02333241833653582,0.0,0.08289870985451551
0.14191600329398846,0.15015097447158934,1.0,0.22865769969805105,0.1100741147405984,0.02333241833653582,0.0,0.08289870985451551
1.0,0.15015097447158934,0.2629700796047214,0.22865769969805105,0.1100741147405984,0.02333241833653582,0.0,0.08289870985451551
1.0,0.15015097447158934,0.2629700796047214,0.22865769969805105,0.1100741147405984,0.02333241833653582,0.0,0.08289870985451551
0.14191600329398846,0.15015097447158934,0.2629700796047214,0.22865769969805105,1.0,0.02333241833653582,0.0,0.08289870985451551
0.14191600329398846,0.15015097447158934,0.2629700796047214,0.22865769969805105,1.0,0.02333241833653582,0.0,0.08289870985451551
0.14191600329398846,0.15015097447158934,1.0,0.22865769969805105,0.1100741147405984,0.02333241833653582,0.0,0.08289870985451551
1.0,0.15015097447158934,0.2629700796047214,0.22865769969805105,0.1100741147405984,0.02333241833653582,0.0,0.08289870985451551
0.14191600329398846,0.15015097447158934,1.0,0.22865769969805105,0.1100741147405984,0.02333241833653582,0.0,0.08289870985451551
1.0,0.15015097447158934,0.2629700796047214,0.22865769969805105,0.1100741147405984,0.02333241833653582,0.0,0.08289870985451551
0.14191600329398846,0.15015097447158934,1.0,0.22865769969805105,0.1100741147405984,0.02333241833653582,0.0,0.08289870985451551
0.14191600329398846,1.0,0.2629700796047214,0.22865769969805105,0.1100741147405984,0.02333241833653582,0.0,0.08289870985451551
0.14191600329398846,0.15015097447158934,1.0,0.22865769969805105,0.1100741147405984,0.02333241833653582,0.0,0.08289870985451551
1.0,0.15015097447158934,0.2629700796047214,0.22865769969805105,0.1100741147405984,0.02333241833653582,0.0,0.08289870985451551
1.0,0.15015097447158934,0.2629700796047214,0.22865769969805105,0.1100741147405984,0.02333241833653582,0.0,0.08289870985451551
0.14191600329398846,0.15015097447158934,1.0,0.22865769969805105,0.1100741147405984,0.02333241833653582,0.0,0.08289870985451551
0.14191600329398846,0.15015097447158934,0.2629700796047214,0.22865769969805105,1.0,0.02333241833653582,0.0,0.08289870985451551
0.14191600329398846,0.15015097447158934,1.0,0.22865769969805105,0.1100741147405984,0.02333241833653582,0.0,0.08289870985451551
0.14191600329398846,0.15015097447158934,0.2629700796047214,1.0,0.1100741147405984,0.02333241833653582,0.0,0.08289870985451551
0.14191600329398846,0.15015097447158934,0.2629700796047214,1.0,0.1100741147405984,0.02333241833653582,0.0,0.08289870985451551
0.14191600329398846,0.15015097447158934,0.2629700796047214,1.0,0.1100741147405984,0.02333241833653582,0.0,0.08289870985451551
0.14191600329398846,0.15015097447158934,0.2629700796047214,0.22865769969805105,1.0,0.02333241833653582,0.0,0.08289870985451551
1.0,0.15015097447158934,0.2629700796047214,0.22865769969805105,0.1100741147405984,0.02333241833653582,0.0,0.08289870985451551
0.14191600329398846,0.15015097447158934,0.2629700796047214,1.0,0.1100741147405984,0.02333241833653582,0.0,0.08289870985451551
0.14191600329398846,0.15015097447158934,0.2629700796047214,1.0,0.1100741147405984,0.02333241833653582,0.0,0.08289870985451551
0.5,0.5,0.2629700796047214,0.22865769969805105,0.1100741147405984,0.02333241833653582,0.0,0.08289870985451551
0.14191600329398846,0.15015097447158934,0.2629700796047214,1.0,0.1100741147405984,0.02333241833653582,0.0,0.08289870985451551
0.14191600329398846,0.15015097447158934,0.2629700796047214,1.0,0.1100741147405984,0.02333241833653582,0.0,0.08289870985451551
1.0,0.15015097447158934,0.2629700796047214,0.22865769969805105,0.1100741147405984,0.02333241833653582,0.0,0.08289870985451551
0.14191600329398846,0.15015097447158934,0.2629700796047214,1.0,0.1100741147405984,0.02333241833653582,0.0,0.08289870985451551
0.14191600329398846,0.15015097447158934,0.2629700796047214,0.22865769969805105,1.0,0.02333241833653582,0.0,0.08289870985451551
0.14191600329398846,0.15015097447158934,0.2629700796047214,1.0,0.1100741147405984,0.02333241833653582,0.0,0.08289870985451551
0.14191600329398846,0.15015097447158934,1.0,0.22865769969805105,0.1100741147405984,0.02333241833653582,0.0,0.08289870985451551
0.14191600329398846,0.15015097447158934,1.0,0.22865769969805105,0.1100741147405984,0.02333241833653582,0.0,0.08289870985451551
0.14191600329398846,0.15015097447158934,0.2629700796047214,1.0,0.1100741147405984,0.02333241833653582,0.0,0.08289870985451551
0.14191600329398846,0.15015097447158934,1.0,0.22865769969805105,0.1100741147405984,0.02333241833653582,0.0,0.08289870985451551
0.14191600329398846,1.0,0.2629700796047214,0.22865769969805105,0.1100741147405984,0.02333241833653582,0.0,0.08289870985451551
0.5,0.5,0.2629700796047214,0.22865769969805105,0.1100741147405984,0.02333241833653582,0.0,0.08289870985451551
0.6666666666666666,0.15015097447158934,0.2629700796047214,0.3333333333333333,0.1100741147405984,0.02333241833653582,0.0,0.08289870985451551
0.14191600329398846,0.15015097447158934,0.2629700796047214,1.0,0.1100741147405984,0.02333241833653582,0.0,0.08289870985451551
0.14191600329398846,0.15015097447158934,0.2629700796047214,1.0,0.1100741147405984,0.02333241833653582,0.0,0.08289870985451551
1.0,0.15015097447158934,0.2629700796047214,0.22865769969805105,0.1100741147405984,0.02333241833653582,0.0,0.08289870985451551
0.14191600329398846,0.15015097447158934,0.2629700796047214,0.22865769969805105,1.0,0.02333241833653582,0.0,0.08289870985451551
1.0,0.15015097447158934,0.2629700796047214,0.22865769969805105,0.1100741147405984,0.02333241833653582,0.0,0.08289870985451551
0.14191600329398846,0.15015097447158934,0.2629700796047214,1.0,0.1100741147405984,0.02333241833653582,0.0,0.08289870985451551
0.14191600329398846,0.15015097447158934,0.2629700796047214,0.22865769969805105,0.1100741147405984,0.02333241833653582,0.0,1.0
0.14191600329398846,0.15015097447158934,0.2629700796047214,0.22865769969805105,1.0,0.02333241833653582,0.0,0.08289870985451551
0.14191600329398846,0.15015097447158934,0.2629700796047214,1.0,0.1100741147405984,0.02333241833653582,0.0,0.08289870985451551
1.0,0.15015097447158934,0.2629700796047214,0.22865769969805105,0.1100741147405984,0.02333241833653582,0.0,0.08289870985451551
1.0,0.15015097447158934,0.2629700796047214,0.22865769969805105,0.1100741147405984,0.02333241833653582,0.0,0.08289870985451551
0.14191600329398846,1.0,0.2629700796047214,0.22865769969805105,0.1100741147405984,0.02333241833653582,0.0,0.08289870985451551
0.5,0.5,0.2629700796047214,0.22865769969805105,0.1100741147405984,0.02333241833653582,0.0,0.08289870985451551
1.0,0.15015097447158934,0.2629700796047214,0.22865769969805105,0.1100741147405984,0.02333241833653582,0.0,0.08289870985451551
0.14191600329398846,0.15015097447158934,0.2629700796047214,1.0,0.1100741147405984,0.02333241833653582,0.0,0.08289870985451551
0.14191600329398846,0.15015097447158934,0.2629700796047214,1.0,0.1100741147405984,0.02333241833653582,0.0,0.08289870985451551
1.0,0.15015097447158934,0.2629700796047214,0.22865769969805105,0.1100741147405984,0.02333241833653582,0.0,0.08289870985451551
1.0,0.15015097447158934,0.2629700796047214,0.22865769969805105,0.1100741147405984,0.02333241833653582,0.0,0.08289870985451551
1.0,0.15015097447158934,0.2629700796047214,0.22865769969805105,0.1100741147405984,0.02333241833653582,0.0,0.08289870985451551
0.14191600329398846,0.15015097447158934,1.0,0.22865769969805105,0.1100741147405984,0.02333241833653582,0.0,0.08289870985451551
0.14191600329398846,0.15015097447158934,0.2629700796047214,0.22865769969805105,1.0,0.02333241833653582,0.0,0.08289870985451551
1.0,0.15015097447158934,0.2629700796047214,0.22865769969805105,0.1100741147405984,0.02333241833653582,0.0,0.08289870985451551
0.7142857142857143,0.2857142857142857,0.2629700796047214,0.22865769969805105,0.1100741147405984,0.02333241833653582,0.0,0.08289870985451551
1.0,0.15015097447158934,0.2629700796047214,0.22865769969805105,0.1100741147405984,0.02333241833653582,0.0,0.08289870985451551
0.14191600329398846,0.15015097447158934,0.2629700796047214,1.0,0.1100741147405984,0.02333241833653582,0.0,0.08289870985451551
0.14191600329398846,0.15015097447158934,1.0,0.22865769969805105,0.1100741147405984,0.02333241833653582,0.0,0.08289870985451551
0.14191600329398846,0.15015097447158934,0.2629700796047214,1.0,0.1100741147405984,0.02333241833653582,0.0,0.08289870985451551
1.0,0.15015097447158934,0.2629700796047214,0.22865769969805105,0.1100741147405984,0.02333241833653582,0.0,0.08289870985451551
1.0,0.15015097447158934,0.2629700796047214,0.22865769969805105,0.1100741147405984,0.02333241833653582,0.0,0.08289870985451551
0.5,0.5,0.2629700796047214,0.22865769969805105,0.1100741147405984,0.02333241833653582,0.0,0.08289870985451551
0.14191600329398846,0.15015097447158934,1.0,0.22865769969805105,0.1100741147405984,0.02333241833653582,0.0,0.08289870985451551
0.14191600329398846,0.15015097447158934,0.2629700796047214,1.0,0.1100741147405984,0.02333241833653582,0.0,0.08289870985451551
1.0,0.15015097447158934,0.2629700796047214,0.22865769969805105,0.1100741147405984,0.02333241833653582,0.0,0.08289870985451551
0.14191600329398846,1.0,0.2629700796047214,0.22865769969805105,0.1100741147405984,0.02333241833653582,0.0,0.08289870985451551
0.14191600329398846,0.15015097447158934,0.2629700796047214,1.0,0.1100741147405984,0.02333241833653582,0.0,0.08289870985451551
1.0,0.15015097447158934,0.2629700796047214,0.22865769969805105,0.1100741147405984,0.02333241833653582,0.0,0.08289870985451551
0.14191600329398846,0.15015097447158934,0.2629700796047214,1.0,0.1100741147405984,0.02333241833653582,0.0,0.08289870985451551
1.0,0.15015097447158934,0.2629700796047214,0.22865769969805105,0.1100741147405984,0.02333241833653582,0.0,0.08289870985451551
0.14191600329398846,0.15015097447158934,0.2629700796047214,1.0,0.1100741147405984,0.02333241833653582,0.0,0.08289870985451551
0.14191600329398846,0.15015097447158934,0.2629700796047214,0.5,0.5,0.02333241833653582,0.0,0.08289870985451551
0.14191600329398846,0.15015097447158934,0.2629700796047214,1.0,0.1100741147405984,0.02333241833653582,0.0,0.08289870985451551
0.14191600329398846,0.15015097447158934,1.0,0.22865769969805105,0.1100741147405984,0.02333241833653582,0.0,0.08289870985451551
0.3225806451612903,0.07526881720430108,0.21505376344086022,0.26881720430107525,0.11827956989247312,0.02333241833653582,0.0,0.08289870985451551
0.14191600329398846,0.15015097447158934,0.2629700796047214,1.0,0.1100741147405984,0.02333241833653582,0.0,0.08289870985451551
0.14191600329398846,0.15015097447158934,0.2629700796047214,1.0,0.1100741147405984,0.02333241833653582,0.0,0.08289870985451551
0.14191600329398846,0.05,0.9,0.05,0.1100741147405984,0.02333241833653582,0.0,0.08289870985451551
0.14191600329398846,0.15015097447158934,0.2629700796047214,1.0,0.1100741147405984,0.02333241833653582,0.0,0.08289870985451551
0.14191600329398846,0.15015097447158934,0.2629700796047214,1.0,0.1100741147405984,0.02333241833653582,0.0,0.08289870985451551
0.14191600329398846,0.15015097447158934,0.2629700796047214,1.0,0.1100741147405984,0.02333241833653582,0.0,0.08289870985451551
0.14191600329398846,0.15015097447158934,0.2629700796047214,1.0,0.1100741147405984,0.02333241833653582,0.0,0.08289870985451551
0.5,0.15015097447158934,0.2629700796047214,0.5,0.1100741147405984,0.02333241833653582,0.0,0.08289870985451551
0.14191600329398846,0.15015097447158934,1.0,0.22865769969805105,0.1100741147405984,0.02333241833653582,0.0,0.08289870985451551
0.14191600329398846,0.15015097447158934,1.0,0.22865769969805105,0.1100741147405984,0.02333241833653582,0.0,0.08289870985451551
0.14191600329398846,0.15015097447158934,0.2629700796047214,1.0,0.1100741147405984,0.02333241833653582,0.0,0.08289870985451551
0.14191600329398846,1.0,0.2629700796047214,0.22865769969805105,0.1100741147405984,0.02333241833653582,0.0,0.08289870985451551
0.14191600329398846,0.15015097447158934,0.2629700796047214,1.0,0.1100741147405984,0.02333241833653582,0.0,0.08289870985451551
0.14191600329398846,0.15015097447158934,0.2629700796047214,0.22865769969805105,1.0,0.02333241833653582,0.0,0.08289870985451551
0.14191600329398846,0.15015097447158934,0.2629700796047214,0.22865769969805105,1.0,0.02333241833653582,0.0,0.08289870985451551
1.0,0.15015097447158934,0.2629700796047214,0.22865769969805105,0.1100741147405984,0.02333241833653582,0.0,0.08289870985451551
0.14191600329398846,0.15015097447158934,0.2629700796047214,1.0,0.1100741147405984,0.02333241833653582,0.0,0.08289870985451551
0.14191600329398846,1.0,0.2629700796047214,0.22865769969805105,0.1100741147405984,0.02333241833653582,0.0,0.08289870985451551
0.14191600329398846,1.0,0.2629700796047214,0.22865769969805105,0.1100741147405984,0.02333241833653582,0.0,0.08289870985451551
1.0,0.15015097447158934,0.2629700796047214,0.22865769969805105,0.1100741147405984,0.02333241833653582,0.0,0.08289870985451551
1.0,0.15015097447158934,0.2629700796047214,0.22865769969805105,0.1100741147405984,0.02333241833653582,0.0,0.08289870985451551
0.14191600329398846,0.15015097447158934,1.0,0.22865769969805105,0.1100741147405984,0.02333241833653582,0.0,0.08289870985451551
1.0,0.15015097447158934,0.2629700796047214,0.22865769969805105,0.1100741147405984,0.02333241833653582,0.0,0.08289870985451551
0.14191600329398846,0.15015097447158934,0.2629700796047214,1.0,0.1100741147405984,0.02333241833653582,0.0,0.08289870985451551
1.0,0.15015097447158934,0.2629700796047214,0.22865769969805105,0.1100741147405984,0.02333241833653582,0.0,0.08289870985451551
0.14191600329398846,1.0,0.2629700796047214,0.22865769969805105,0.1100741147405984,0.02333241833653582,0.0,0.08289870985451551
1.0,0.15015097447158934,0.2629700796047214,0.22865769969805105,0.1100741147405984,0.02333241833653582,0.0,0.08289870985451551
0.14191600329398846,1.0,0.2629700796047214,0.22865769969805105,0.1100741147405984,0.02333241833653582,0.0,0.08289870985451551
0.14191600329398846,0.15015097447158934,1.0,0.22865769969805105,0.1100741147405984,0.02333241833653582,0.0,0.08289870985451551
0.14191600329398846,0.15015097447158934,0.2629700796047214,1.0,0.1100741147405984,0.02333241833653582,0.0,0.08289870985451551
0.14191600329398846,0.15015097447158934,1.0,0.22865769969805105,0.1100741147405984,0.02333241833653582,0.0,0.08289870985451551
0.14191600329398846,0.15015097447158934,0.4,0.6,0.1100741147405984,0.02333241833653582,0.0,0.08289870985451551
0.14191600329398846,0.15015097447158934,1.0,0.22865769969805105,0.1100741147405984,0.02333241833653582,0.0,0.08289870985451551
0.14191600329398846,0.15015097447158934,0.2629700796047214,0.22865769969805105,0.3333333333333333,0.02333241833653582,0.0,0.6666666666666666
0.14191600329398846,0.15015097447158934,0.2629700796047214,1.0,0.1100741147405984,0.02333241833653582,0.0,0.08289870985451551
0.14191600329398846,0.15015097447158934,0.2629700796047214,1.0,0.1100741147405984,0.02333241833653582,0.0,0.08289870985451551
0.14191600329398846,0.15015097447158934,0.2629700796047214,0.22865769969805105,1.0,0.02333241833653582,0.0,0.08289870985451551
0.14191600329398846,0.15015097447158934,1.0,0.22865769969805105,0.1100741147405984,0.02333241833653582,0.0,0.08289870985451551
1.0,0.15015097447158934,0.2629700796047214,0.22865769969805105,0.1100741147405984,0.02333241833653582,0.0,0.08289870985451551
0.14191600329398846,0.15015097447158934,1.0,0.22865769969805105,0.1100741147405984,0.02333241833653582,0.0,0.08289870985451551
1.0,0.15015097447158934,0.2629700796047214,0.22865769969805105,0.1100741147405984,0.02333241833653582,0.0,0.08289870985451551
0.14191600329398846,0.15015097447158934,0.2629700796047214,1.0,0.1100741147405984,0.02333241833653582,0.0,0.08289870985451551
0.14191600329398846,0.15015097447158934,0.2629700796047214,1.0,0.1100741147405984,0.02333241833653582,0.0,0.08289870985451551
0.14191600329398846,0.15015097447158934,0.2629700796047214,1.0,0.1100741147405984,0.02333241833653582,0.0,0.08289870985451551
0.14191600329398846,0.15015097447158934,0.2629700796047214,0.22865769969805105,1.0,0.02333241833653582,0.0,0.08289870985451551
0.14191600329398846,0.15015097447158934,1.0,0.22865769969805105,0.1100741147405984,0.02333241833653582,0.0,0.08289870985451551
0.14191600329398846,0.15015097447158934,0.2629700796047214,0.22865769969805105,1.0,0.02333241833653582,0.0,0.08289870985451551
0.14191600329398846,0.15015097447158934,0.2629700796047214,1.0,0.1100741147405984,0.02333241833653582,0.0,0.08289870985451551
0.14191600329398846,1.0,0.2629700796047214,0.22865769969805105,0.1100741147405984,0.02333241833653582,0.0,0.08289870985451551
0.14191600329398846,0.15015097447158934,0.2629700796047214,1.0,0.1100741147405984,0.02333241833653582,0.0,0.08289870985451551
0.14191600329398846,0.15015097447158934,0.2629700796047214,1.0,0.1100741147405984,0.02333241833653582,0.0,0.08289870985451551
0.14191600329398846,0.15015097447158934,0.2629700796047214,0.22865769969805105,1.0,0.02333241833653582,0.0,0.08289870985451551
0.14191600329398846,0.15015097447158934,0.2629700796047214,1.0,0.1100741147405984,0.02333241833653582,0.0,0.08289870985451551
0.14191600329398846,0.15015097447158934,1.0,0.22865769969805105,0.1100741147405984,0.02333241833653582,0.0,0.08289870985451551
